docs/AGENTS.md
docs/AGENT_ARCHITECTURE.md
docs/AGENT_REFERENCE.md
docs/API_ENDPOINTS.md
docs/API_REFERENCE.md
docs/ARCHITECTURE.md
docs/AUTONOMOUS_WORKFLOW.md
docs/BETA_AGENT_README.md
docs/CODEBASE_AUDIT.md
docs/CORE_ACTORS.md
docs/DEPLOYMENT.md
docs/INDEX.md
docs/MAIN_PROMPT.md
docs/MEMORY_SYSTEM.md
docs/MONITORING.md
docs/PROMETHEUS_METRICS.md
docs/PROTOCOL_SPEC.md
docs/architecture/ARCHITECTURE_REALITY.md
docs/architecture/EXTERNAL_PATTERNS_ANALYSIS.md
docs/architecture/actors-system.md
docs/architecture/collective-learning.md
docs/architecture/consensus-mechanism.md
docs/architecture/emergent-intelligence.md
docs/architecture/memory-system.md
docs/architecture/observability.md
docs/architecture/orchestration-system.md
docs/architecture/plugins.md
docs/architecture/state-management.md
docs/architecture/tools-system.md
===
.
./.actor_states
./.benchmarks
./.bg-shell
./.kilocode
./.pytest_cache
./.pytest_cache/v
./.pytest_cache/v/cache
./.ruff_cache
./.ruff_cache/0.15.12
./.venv
./.venv/Lib
./.venv/Lib/site-packages
./.venv/Lib/site-packages/_distutils_hack
./.venv/Lib/site-packages/_pytest
./.venv/Lib/site-packages/_pytest/_code
./.venv/Lib/site-packages/_pytest/_io
./.venv/Lib/site-packages/_pytest/_py
./.venv/Lib/site-packages/_pytest/assertion
./.venv/Lib/site-packages/_pytest/config
./.venv/Lib/site-packages/_pytest/mark
./.venv/Lib/site-packages/_yaml
./.venv/Lib/site-packages/adodbapi
./.venv/Lib/site-packages/adodbapi/examples
./.venv/Lib/site-packages/adodbapi/test
./.venv/Lib/site-packages/aiohappyeyeballs
./.venv/Lib/site-packages/aiohappyeyeballs-2.6.1.dist-info
./.venv/Lib/site-packages/aiohttp
./.venv/Lib/site-packages/aiohttp-3.13.5.dist-info
./.venv/Lib/site-packages/aiohttp-3.13.5.dist-info/licenses
./.venv/Lib/site-packages/aiohttp-3.13.5.dist-info/licenses/vendor
./.venv/Lib/site-packages/aiohttp-3.13.5.dist-info/licenses/vendor/llhttp
./.venv/Lib/site-packages/aiohttp/.hash
./.venv/Lib/site-packages/aiohttp/_websocket
./.venv/Lib/site-packages/aiohttp/_websocket/.hash
./.venv/Lib/site-packages/aiosignal
./.venv/Lib/site-packages/aiosignal-1.4.0.dist-info
./.venv/Lib/site-packages/aiosignal-1.4.0.dist-info/licenses
./.venv/Lib/site-packages/annotated_doc
./.venv/Lib/site-packages/annotated_doc-0.0.4.dist-info
./.venv/Lib/site-packages/annotated_doc-0.0.4.dist-info/licenses
./.venv/Lib/site-packages/annotated_types
./.venv/Lib/site-packages/annotated_types-0.7.0.dist-info
./.venv/Lib/site-packages/annotated_types-0.7.0.dist-info/licenses
./.venv/Lib/site-packages/anyio
./.venv/Lib/site-packages/anyio-4.13.0.dist-info
./.venv/Lib/site-packages/anyio-4.13.0.dist-info/licenses
./.venv/Lib/site-packages/anyio/_backends
./.venv/Lib/site-packages/anyio/_core
./.venv/Lib/site-packages/anyio/abc
./.venv/Lib/site-packages/anyio/streams
./.venv/Lib/site-packages/ast_serialize
./.venv/Lib/site-packages/ast_serialize-0.3.0.dist-info
./.venv/Lib/site-packages/ast_serialize-0.3.0.dist-info/licenses
./.venv/Lib/site-packages/ast_serialize-0.3.0.dist-info/sboms
./.venv/Lib/site-packages/asyncio-4.0.0.dist-info
./.venv/Lib/site-packages/asyncio-4.0.0.dist-info/licenses
./.venv/Lib/site-packages/attr
./.venv/Lib/site-packages/attrs
./.venv/Lib/site-packages/attrs-26.1.0.dist-info
./.venv/Lib/site-packages/attrs-26.1.0.dist-info/licenses
./.venv/Lib/site-packages/backoff
./.venv/Lib/site-packages/backoff-2.2.1.dist-info
./.venv/Lib/site-packages/certifi
./.venv/Lib/site-packages/certifi-2026.4.22.dist-info
./.venv/Lib/site-packages/certifi-2026.4.22.dist-info/licenses
./.venv/Lib/site-packages/cffi
./.venv/Lib/site-packages/cffi-2.0.0.dist-info
./.venv/Lib/site-packages/cffi-2.0.0.dist-info/licenses
./.venv/Lib/site-packages/charset_normalizer
./.venv/Lib/site-packages/charset_normalizer-3.4.7.dist-info
./.venv/Lib/site-packages/charset_normalizer-3.4.7.dist-info/licenses
./.venv/Lib/site-packages/charset_normalizer/cli
./.venv/Lib/site-packages/circuitbreaker-2.1.3.dist-info
./.venv/Lib/site-packages/circuitbreaker-2.1.3.dist-info/licenses
./.venv/Lib/site-packages/click
./.venv/Lib/site-packages/click-8.3.3.dist-info
./.venv/Lib/site-packages/click-8.3.3.dist-info/licenses
./.venv/Lib/site-packages/colorama
./.venv/Lib/site-packages/colorama-0.4.6.dist-info
./.venv/Lib/site-packages/colorama-0.4.6.dist-info/licenses
./.venv/Lib/site-packages/colorama/tests
./.venv/Lib/site-packages/coverage
./.venv/Lib/site-packages/coverage-7.13.5.dist-info
./.venv/Lib/site-packages/coverage-7.13.5.dist-info/licenses
./.venv/Lib/site-packages/coverage/htmlfiles
./.venv/Lib/site-packages/cpuinfo
./.venv/Lib/site-packages/cryptography
./.venv/Lib/site-packages/cryptography-48.0.0.dist-info
./.venv/Lib/site-packages/cryptography-48.0.0.dist-info/licenses
./.venv/Lib/site-packages/cryptography-48.0.0.dist-info/sboms
./.venv/Lib/site-packages/cryptography/hazmat
./.venv/Lib/site-packages/cryptography/hazmat/asn1
./.venv/Lib/site-packages/cryptography/hazmat/backends
./.venv/Lib/site-packages/cryptography/hazmat/backends/openssl
./.venv/Lib/site-packages/cryptography/hazmat/bindings
./.venv/Lib/site-packages/cryptography/hazmat/bindings/_rust
./.venv/Lib/site-packages/cryptography/hazmat/bindings/_rust/openssl
./.venv/Lib/site-packages/cryptography/hazmat/bindings/openssl
./.venv/Lib/site-packages/cryptography/hazmat/decrepit
./.venv/Lib/site-packages/cryptography/hazmat/decrepit/ciphers
./.venv/Lib/site-packages/cryptography/hazmat/primitives
./.venv/Lib/site-packages/cryptography/hazmat/primitives/asymmetric
./.venv/Lib/site-packages/cryptography/hazmat/primitives/ciphers
./.venv/Lib/site-packages/cryptography/hazmat/primitives/kdf
./.venv/Lib/site-packages/cryptography/hazmat/primitives/serialization
./.venv/Lib/site-packages/cryptography/hazmat/primitives/twofactor
./.venv/Lib/site-packages/cryptography/x509
./.venv/Lib/site-packages/distro
./.venv/Lib/site-packages/distro-1.9.0.dist-info
./.venv/Lib/site-packages/dotenv
./.venv/Lib/site-packages/execnet
./.venv/Lib/site-packages/execnet-2.1.2.dist-info
./.venv/Lib/site-packages/execnet-2.1.2.dist-info/licenses
./.venv/Lib/site-packages/execnet/script
./.venv/Lib/site-packages/faker
./.venv/Lib/site-packages/faker-40.15.0.dist-info
./.venv/Lib/site-packages/faker-40.15.0.dist-info/licenses
./.venv/Lib/site-packages/faker/contrib
./.venv/Lib/site-packages/faker/contrib/pytest
./.venv/Lib/site-packages/faker/decode
./.venv/Lib/site-packages/faker/providers
./.venv/Lib/site-packages/faker/providers/address
./.venv/Lib/site-packages/faker/providers/address/ar_DZ
./.venv/Lib/site-packages/faker/providers/address/az_AZ
./.venv/Lib/site-packages/faker/providers/address/bn_BD
./.venv/Lib/site-packages/faker/providers/address/cs_CZ
./.venv/Lib/site-packages/faker/providers/address/da_DK
./.venv/Lib/site-packages/faker/providers/address/de
./.venv/Lib/site-packages/faker/providers/address/de_AT
./.venv/Lib/site-packages/faker/providers/address/de_CH
./.venv/Lib/site-packages/faker/providers/address/de_DE
./.venv/Lib/site-packages/faker/providers/address/el_GR
./.venv/Lib/site-packages/faker/providers/address/en
./.venv/Lib/site-packages/faker/providers/address/en_AU
./.venv/Lib/site-packages/faker/providers/address/en_BD
./.venv/Lib/site-packages/faker/providers/address/en_CA
./.venv/Lib/site-packages/faker/providers/address/en_GB
./.venv/Lib/site-packages/faker/providers/address/en_IE
./.venv/Lib/site-packages/faker/providers/address/en_IN
./.venv/Lib/site-packages/faker/providers/address/en_MS
./.venv/Lib/site-packages/faker/providers/address/en_NZ
./.venv/Lib/site-packages/faker/providers/address/en_PH
./.venv/Lib/site-packages/faker/providers/address/en_US
./.venv/Lib/site-packages/faker/providers/address/es
./.venv/Lib/site-packages/faker/providers/address/es_AR
./.venv/Lib/site-packages/faker/providers/address/es_CL
./.venv/Lib/site-packages/faker/providers/address/es_CO
./.venv/Lib/site-packages/faker/providers/address/es_ES
./.venv/Lib/site-packages/faker/providers/address/es_MX
./.venv/Lib/site-packages/faker/providers/address/fa_IR
./.venv/Lib/site-packages/faker/providers/address/fi_FI
./.venv/Lib/site-packages/faker/providers/address/fil_PH
./.venv/Lib/site-packages/faker/providers/address/fr_CA
./.venv/Lib/site-packages/faker/providers/address/fr_CH
./.venv/Lib/site-packages/faker/providers/address/fr_DZ
./.venv/Lib/site-packages/faker/providers/address/fr_FR
./.venv/Lib/site-packages/faker/providers/address/he_IL
./.venv/Lib/site-packages/faker/providers/address/hi_IN
./.venv/Lib/site-packages/faker/providers/address/hr_HR
./.venv/Lib/site-packages/faker/providers/address/hu_HU
./.venv/Lib/site-packages/faker/providers/address/hy_AM
./.venv/Lib/site-packages/faker/providers/address/id_ID
./.venv/Lib/site-packages/faker/providers/address/it_IT
./.venv/Lib/site-packages/faker/providers/address/ja_JP
./.venv/Lib/site-packages/faker/providers/address/ka_GE
./.venv/Lib/site-packages/faker/providers/address/ko_KR
./.venv/Lib/site-packages/faker/providers/address/ne_NP
./.venv/Lib/site-packages/faker/providers/address/nl_BE
./.venv/Lib/site-packages/faker/providers/address/nl_NL
./.venv/Lib/site-packages/faker/providers/address/no_NO
./.venv/Lib/site-packages/faker/providers/address/pl_PL
./.venv/Lib/site-packages/faker/providers/address/pt_BR
./.venv/Lib/site-packages/faker/providers/address/pt_PT
./.venv/Lib/site-packages/faker/providers/address/ro_RO
./.venv/Lib/site-packages/faker/providers/address/ru_RU
./.venv/Lib/site-packages/faker/providers/address/sk_SK
./.venv/Lib/site-packages/faker/providers/address/sl_SI
./.venv/Lib/site-packages/faker/providers/address/sv_SE
./.venv/Lib/site-packages/faker/providers/address/ta_IN
./.venv/Lib/site-packages/faker/providers/address/th
./.venv/Lib/site-packages/faker/providers/address/th_TH
./.venv/Lib/site-packages/faker/providers/address/tl_PH
./.venv/Lib/site-packages/faker/providers/address/uk_UA
./.venv/Lib/site-packages/faker/providers/address/vi_VN
./.venv/Lib/site-packages/faker/providers/address/zh_CN
./.venv/Lib/site-packages/faker/providers/address/zh_TW
./.venv/Lib/site-packages/faker/providers/address/zu_ZA
./.venv/Lib/site-packages/faker/providers/automotive
./.venv/Lib/site-packages/faker/providers/automotive/ar_BH
./.venv/Lib/site-packages/faker/providers/automotive/ar_JO
./.venv/Lib/site-packages/faker/providers/automotive/ar_PS
./.venv/Lib/site-packages/faker/providers/automotive/ar_SA
./.venv/Lib/site-packages/faker/providers/automotive/az_AZ
./.venv/Lib/site-packages/faker/providers/automotive/bn_BD
./.venv/Lib/site-packages/faker/providers/automotive/da_DK
./.venv/Lib/site-packages/faker/providers/automotive/de_AT
./.venv/Lib/site-packages/faker/providers/automotive/de_CH
./.venv/Lib/site-packages/faker/providers/automotive/de_DE
./.venv/Lib/site-packages/faker/providers/automotive/el_GR
./.venv/Lib/site-packages/faker/providers/automotive/en_CA
./.venv/Lib/site-packages/faker/providers/automotive/en_GB
./.venv/Lib/site-packages/faker/providers/automotive/en_NZ
./.venv/Lib/site-packages/faker/providers/automotive/en_PH
./.venv/Lib/site-packages/faker/providers/automotive/en_US
./.venv/Lib/site-packages/faker/providers/automotive/es_AR
./.venv/Lib/site-packages/faker/providers/automotive/es_CL
./.venv/Lib/site-packages/faker/providers/automotive/es_CO
./.venv/Lib/site-packages/faker/providers/automotive/es_ES
./.venv/Lib/site-packages/faker/providers/automotive/et_EE
./.venv/Lib/site-packages/faker/providers/automotive/fi_FI
./.venv/Lib/site-packages/faker/providers/automotive/fil_PH
./.venv/Lib/site-packages/faker/providers/automotive/fr_FR
./.venv/Lib/site-packages/faker/providers/automotive/he_IL
./.venv/Lib/site-packages/faker/providers/automotive/hu_HU
./.venv/Lib/site-packages/faker/providers/automotive/id_ID
./.venv/Lib/site-packages/faker/providers/automotive/it_IT
./.venv/Lib/site-packages/faker/providers/automotive/ja_JP
./.venv/Lib/site-packages/faker/providers/automotive/ko_KR
./.venv/Lib/site-packages/faker/providers/automotive/lt_LT
./.venv/Lib/site-packages/faker/providers/automotive/nl_BE
./.venv/Lib/site-packages/faker/providers/automotive/nl_NL
./.venv/Lib/site-packages/faker/providers/automotive/no_NO
./.venv/Lib/site-packages/faker/providers/automotive/pl_PL
./.venv/Lib/site-packages/faker/providers/automotive/pt_BR
./.venv/Lib/site-packages/faker/providers/automotive/pt_PT
./.venv/Lib/site-packages/faker/providers/automotive/ro_RO
./.venv/Lib/site-packages/faker/providers/automotive/ru_RU
./.venv/Lib/site-packages/faker/providers/automotive/sk_SK
./.venv/Lib/site-packages/faker/providers/automotive/sq_AL
./.venv/Lib/site-packages/faker/providers/automotive/sv_SE
./.venv/Lib/site-packages/faker/providers/automotive/th_TH
./.venv/Lib/site-packages/faker/providers/automotive/tl_PH
./.venv/Lib/site-packages/faker/providers/automotive/tr_TR
./.venv/Lib/site-packages/faker/providers/automotive/uk_UA
./.venv/Lib/site-packages/faker/providers/automotive/vi_VN
./.venv/Lib/site-packages/faker/providers/automotive/zh_CN
./.venv/Lib/site-packages/faker/providers/automotive/zh_TW
./.venv/Lib/site-packages/faker/providers/bank
./.venv/Lib/site-packages/faker/providers/bank/az_AZ
./.venv/Lib/site-packages/faker/providers/bank/bn_BD
./.venv/Lib/site-packages/faker/providers/bank/cs_CZ
./.venv/Lib/site-packages/faker/providers/bank/da_DK
./.venv/Lib/site-packages/faker/providers/bank/de_AT
./.venv/Lib/site-packages/faker/providers/bank/de_CH
./.venv/Lib/site-packages/faker/providers/bank/de_DE
./.venv/Lib/site-packages/faker/providers/bank/el_GR
./.venv/Lib/site-packages/faker/providers/bank/en_GB
./.venv/Lib/site-packages/faker/providers/bank/en_IE
./.venv/Lib/site-packages/faker/providers/bank/en_IN
./.venv/Lib/site-packages/faker/providers/bank/en_PH
./.venv/Lib/site-packages/faker/providers/bank/es_AR
./.venv/Lib/site-packages/faker/providers/bank/es_ES
./.venv/Lib/site-packages/faker/providers/bank/es_MX
./.venv/Lib/site-packages/faker/providers/bank/fa_IR
./.venv/Lib/site-packages/faker/providers/bank/fi_FI
./.venv/Lib/site-packages/faker/providers/bank/fil_PH
./.venv/Lib/site-packages/faker/providers/bank/fr_CH
./.venv/Lib/site-packages/faker/providers/bank/fr_FR
./.venv/Lib/site-packages/faker/providers/bank/it_CH
./.venv/Lib/site-packages/faker/providers/bank/it_IT
./.venv/Lib/site-packages/faker/providers/bank/nl_BE
./.venv/Lib/site-packages/faker/providers/bank/nl_NL
./.venv/Lib/site-packages/faker/providers/bank/no_NO
./.venv/Lib/site-packages/faker/providers/bank/pl_PL
./.venv/Lib/site-packages/faker/providers/bank/pt_PT
./.venv/Lib/site-packages/faker/providers/bank/ro_RO
./.venv/Lib/site-packages/faker/providers/bank/ru_RU
./.venv/Lib/site-packages/faker/providers/bank/sk_SK
./.venv/Lib/site-packages/faker/providers/bank/th_TH
./.venv/Lib/site-packages/faker/providers/bank/tl_PH
./.venv/Lib/site-packages/faker/providers/bank/tr_TR
./.venv/Lib/site-packages/faker/providers/bank/uk_UA
./.venv/Lib/site-packages/faker/providers/bank/zh_CN
./.venv/Lib/site-packages/faker/providers/barcode
./.venv/Lib/site-packages/faker/providers/barcode/en_CA
./.venv/Lib/site-packages/faker/providers/barcode/en_US
./.venv/Lib/site-packages/faker/providers/barcode/es_ES
./.venv/Lib/site-packages/faker/providers/barcode/fr_CA
./.venv/Lib/site-packages/faker/providers/barcode/ja_JP
./.venv/Lib/site-packages/faker/providers/color
./.venv/Lib/site-packages/faker/providers/color/ar_PS
./.venv/Lib/site-packages/faker/providers/color/az_AZ
./.venv/Lib/site-packages/faker/providers/color/bg_BG
./.venv/Lib/site-packages/faker/providers/color/bn_BD
./.venv/Lib/site-packages/faker/providers/color/cs_CZ
./.venv/Lib/site-packages/faker/providers/color/da_DK
./.venv/Lib/site-packages/faker/providers/color/de
./.venv/Lib/site-packages/faker/providers/color/de_AT
./.venv/Lib/site-packages/faker/providers/color/de_CH
./.venv/Lib/site-packages/faker/providers/color/de_DE
./.venv/Lib/site-packages/faker/providers/color/el_GR
./.venv/Lib/site-packages/faker/providers/color/en_US
./.venv/Lib/site-packages/faker/providers/color/es
./.venv/Lib/site-packages/faker/providers/color/es_CL
./.venv/Lib/site-packages/faker/providers/color/es_ES
./.venv/Lib/site-packages/faker/providers/color/fa_IR
./.venv/Lib/site-packages/faker/providers/color/fr_FR
./.venv/Lib/site-packages/faker/providers/color/he_IL
./.venv/Lib/site-packages/faker/providers/color/hr_HR
./.venv/Lib/site-packages/faker/providers/color/hu_HU
./.venv/Lib/site-packages/faker/providers/color/hy_AM
./.venv/Lib/site-packages/faker/providers/color/id_ID
./.venv/Lib/site-packages/faker/providers/color/ka_GE
./.venv/Lib/site-packages/faker/providers/color/pt_BR
./.venv/Lib/site-packages/faker/providers/color/ru_RU
./.venv/Lib/site-packages/faker/providers/color/sk_SK
./.venv/Lib/site-packages/faker/providers/color/th_TH
./.venv/Lib/site-packages/faker/providers/color/uk_UA
./.venv/Lib/site-packages/faker/providers/color/uz_UZ
./.venv/Lib/site-packages/faker/providers/color/vi_VN
./.venv/Lib/site-packages/faker/providers/company
./.venv/Lib/site-packages/faker/providers/company/ar_DZ
./.venv/Lib/site-packages/faker/providers/company/az_AZ
./.venv/Lib/site-packages/faker/providers/company/bg_BG
./.venv/Lib/site-packages/faker/providers/company/bn_BD
./.venv/Lib/site-packages/faker/providers/company/cs_CZ
./.venv/Lib/site-packages/faker/providers/company/da_DK
./.venv/Lib/site-packages/faker/providers/company/de_AT
./.venv/Lib/site-packages/faker/providers/company/de_CH
./.venv/Lib/site-packages/faker/providers/company/de_DE
./.venv/Lib/site-packages/faker/providers/company/el_GR
./.venv/Lib/site-packages/faker/providers/company/en_PH
./.venv/Lib/site-packages/faker/providers/company/en_US
./.venv/Lib/site-packages/faker/providers/company/es_CL
./.venv/Lib/site-packages/faker/providers/company/es_ES
./.venv/Lib/site-packages/faker/providers/company/es_MX
./.venv/Lib/site-packages/faker/providers/company/fa_IR
./.venv/Lib/site-packages/faker/providers/company/fi_FI
./.venv/Lib/site-packages/faker/providers/company/fil_PH
./.venv/Lib/site-packages/faker/providers/company/fr_CH
./.venv/Lib/site-packages/faker/providers/company/fr_DZ
./.venv/Lib/site-packages/faker/providers/company/fr_FR
./.venv/Lib/site-packages/faker/providers/company/hr_HR
./.venv/Lib/site-packages/faker/providers/company/hu_HU
./.venv/Lib/site-packages/faker/providers/company/hy_AM
./.venv/Lib/site-packages/faker/providers/company/id_ID
./.venv/Lib/site-packages/faker/providers/company/it_IT
./.venv/Lib/site-packages/faker/providers/company/ja_JP
./.venv/Lib/site-packages/faker/providers/company/ko_KR
./.venv/Lib/site-packages/faker/providers/company/nl_BE
./.venv/Lib/site-packages/faker/providers/company/nl_NL
./.venv/Lib/site-packages/faker/providers/company/no_NO
./.venv/Lib/site-packages/faker/providers/company/pl_PL
./.venv/Lib/site-packages/faker/providers/company/pt_BR
./.venv/Lib/site-packages/faker/providers/company/pt_PT
./.venv/Lib/site-packages/faker/providers/company/ro_RO
./.venv/Lib/site-packages/faker/providers/company/ru_RU
./.venv/Lib/site-packages/faker/providers/company/sk_SK
./.venv/Lib/site-packages/faker/providers/company/sl_SI
./.venv/Lib/site-packages/faker/providers/company/sv_SE
./.venv/Lib/site-packages/faker/providers/company/th_TH
./.venv/Lib/site-packages/faker/providers/company/tl_PH
./.venv/Lib/site-packages/faker/providers/company/tr_TR
./.venv/Lib/site-packages/faker/providers/company/vi_VN
./.venv/Lib/site-packages/faker/providers/company/zh_CN
./.venv/Lib/site-packages/faker/providers/company/zh_TW
./.venv/Lib/site-packages/faker/providers/credit_card
./.venv/Lib/site-packages/faker/providers/credit_card/en_US
./.venv/Lib/site-packages/faker/providers/credit_card/fa_IR
./.venv/Lib/site-packages/faker/providers/credit_card/pt_PT
./.venv/Lib/site-packages/faker/providers/credit_card/ru_RU
./.venv/Lib/site-packages/faker/providers/credit_card/uk_UA
./.venv/Lib/site-packages/faker/providers/credit_card/zh_CN
./.venv/Lib/site-packages/faker/providers/currency
./.venv/Lib/site-packages/faker/providers/currency/ar_DZ
./.venv/Lib/site-packages/faker/providers/currency/az_AZ
./.venv/Lib/site-packages/faker/providers/currency/bn_BD
./.venv/Lib/site-packages/faker/providers/currency/cs_CZ
./.venv/Lib/site-packages/faker/providers/currency/da_DK
./.venv/Lib/site-packages/faker/providers/currency/de
./.venv/Lib/site-packages/faker/providers/currency/de_AT
./.venv/Lib/site-packages/faker/providers/currency/de_CH
./.venv/Lib/site-packages/faker/providers/currency/de_DE
./.venv/Lib/site-packages/faker/providers/currency/el_GR
./.venv/Lib/site-packages/faker/providers/currency/en_AU
./.venv/Lib/site-packages/faker/providers/currency/en_CA
./.venv/Lib/site-packages/faker/providers/currency/en_US
./.venv/Lib/site-packages/faker/providers/currency/es
./.venv/Lib/site-packages/faker/providers/currency/es_AR
./.venv/Lib/site-packages/faker/providers/currency/es_CL
./.venv/Lib/site-packages/faker/providers/currency/es_ES
./.venv/Lib/site-packages/faker/providers/currency/fa_IR
./.venv/Lib/site-packages/faker/providers/currency/fr_CA
./.venv/Lib/site-packages/faker/providers/currency/fr_DZ
./.venv/Lib/site-packages/faker/providers/currency/fr_FR
./.venv/Lib/site-packages/faker/providers/currency/it_IT
./.venv/Lib/site-packages/faker/providers/currency/ng_NG
./.venv/Lib/site-packages/faker/providers/currency/nl_NL
./.venv/Lib/site-packages/faker/providers/currency/pl_PL
./.venv/Lib/site-packages/faker/providers/currency/pt_BR
./.venv/Lib/site-packages/faker/providers/currency/ro_RO
./.venv/Lib/site-packages/faker/providers/currency/ru_RU
./.venv/Lib/site-packages/faker/providers/currency/sk_SK
./.venv/Lib/site-packages/faker/providers/currency/sv_SE
./.venv/Lib/site-packages/faker/providers/currency/th_TH
./.venv/Lib/site-packages/faker/providers/currency/tr_TR
./.venv/Lib/site-packages/faker/providers/currency/uk_UA
./.venv/Lib/site-packages/faker/providers/currency/uz_UZ
./.venv/Lib/site-packages/faker/providers/currency/vi_VN
./.venv/Lib/site-packages/faker/providers/date_time
./.venv/Lib/site-packages/faker/providers/date_time/ar_AA
./.venv/Lib/site-packages/faker/providers/date_time/ar_DZ
./.venv/Lib/site-packages/faker/providers/date_time/ar_EG
./.venv/Lib/site-packages/faker/providers/date_time/az_AZ
./.venv/Lib/site-packages/faker/providers/date_time/bn_BD
./.venv/Lib/site-packages/faker/providers/date_time/cs_CZ
./.venv/Lib/site-packages/faker/providers/date_time/da_DK
./.venv/Lib/site-packages/faker/providers/date_time/de_AT
./.venv/Lib/site-packages/faker/providers/date_time/de_DE
./.venv/Lib/site-packages/faker/providers/date_time/el_GR
./.venv/Lib/site-packages/faker/providers/date_time/en_PH
./.venv/Lib/site-packages/faker/providers/date_time/en_US
./.venv/Lib/site-packages/faker/providers/date_time/es
./.venv/Lib/site-packages/faker/providers/date_time/es_AR
./.venv/Lib/site-packages/faker/providers/date_time/es_CL
./.venv/Lib/site-packages/faker/providers/date_time/es_ES
./.venv/Lib/site-packages/faker/providers/date_time/fil_PH
./.venv/Lib/site-packages/faker/providers/date_time/fr_CA
./.venv/Lib/site-packages/faker/providers/date_time/fr_DZ
./.venv/Lib/site-packages/faker/providers/date_time/fr_FR
./.venv/Lib/site-packages/faker/providers/date_time/gu_IN
./.venv/Lib/site-packages/faker/providers/date_time/hi_IN
./.venv/Lib/site-packages/faker/providers/date_time/hr_HR
./.venv/Lib/site-packages/faker/providers/date_time/hu_HU
./.venv/Lib/site-packages/faker/providers/date_time/hy_AM
./.venv/Lib/site-packages/faker/providers/date_time/id_ID
./.venv/Lib/site-packages/faker/providers/date_time/it_IT
./.venv/Lib/site-packages/faker/providers/date_time/ja_JP
./.venv/Lib/site-packages/faker/providers/date_time/ka_GE
./.venv/Lib/site-packages/faker/providers/date_time/ko_KR
./.venv/Lib/site-packages/faker/providers/date_time/nl_NL
./.venv/Lib/site-packages/faker/providers/date_time/no_NO
./.venv/Lib/site-packages/faker/providers/date_time/pl_PL
./.venv/Lib/site-packages/faker/providers/date_time/pt_BR
./.venv/Lib/site-packages/faker/providers/date_time/pt_PT
./.venv/Lib/site-packages/faker/providers/date_time/ro_RO
./.venv/Lib/site-packages/faker/providers/date_time/ru_RU
./.venv/Lib/site-packages/faker/providers/date_time/sk_SK
./.venv/Lib/site-packages/faker/providers/date_time/sl_SI
./.venv/Lib/site-packages/faker/providers/date_time/ta_IN
./.venv/Lib/site-packages/faker/providers/date_time/th_TH
./.venv/Lib/site-packages/faker/providers/date_time/tl_PH
./.venv/Lib/site-packages/faker/providers/date_time/tr_TR
./.venv/Lib/site-packages/faker/providers/date_time/uz_UZ
./.venv/Lib/site-packages/faker/providers/date_time/vi_VN
./.venv/Lib/site-packages/faker/providers/date_time/zh_CN
./.venv/Lib/site-packages/faker/providers/date_time/zh_TW
./.venv/Lib/site-packages/faker/providers/doi
./.venv/Lib/site-packages/faker/providers/emoji
./.venv/Lib/site-packages/faker/providers/emoji/en_US
./.venv/Lib/site-packages/faker/providers/file
./.venv/Lib/site-packages/faker/providers/file/en_US
./.venv/Lib/site-packages/faker/providers/geo
./.venv/Lib/site-packages/faker/providers/geo/ar_DZ
./.venv/Lib/site-packages/faker/providers/geo/bn_BD
./.venv/Lib/site-packages/faker/providers/geo/cs_CZ
./.venv/Lib/site-packages/faker/providers/geo/de_AT
./.venv/Lib/site-packages/faker/providers/geo/el_GR
./.venv/Lib/site-packages/faker/providers/geo/en_IE
./.venv/Lib/site-packages/faker/providers/geo/en_US
./.venv/Lib/site-packages/faker/providers/geo/fr_DZ
./.venv/Lib/site-packages/faker/providers/geo/pl_PL
./.venv/Lib/site-packages/faker/providers/geo/pt_PT
./.venv/Lib/site-packages/faker/providers/geo/sk_SK
./.venv/Lib/site-packages/faker/providers/geo/tr_TR
./.venv/Lib/site-packages/faker/providers/internet
./.venv/Lib/site-packages/faker/providers/internet/ar_AA
./.venv/Lib/site-packages/faker/providers/internet/az_AZ
./.venv/Lib/site-packages/faker/providers/internet/bg_BG
./.venv/Lib/site-packages/faker/providers/internet/bn_BD
./.venv/Lib/site-packages/faker/providers/internet/bs_BA
./.venv/Lib/site-packages/faker/providers/internet/cs_CZ
./.venv/Lib/site-packages/faker/providers/internet/de_AT
./.venv/Lib/site-packages/faker/providers/internet/de_DE
./.venv/Lib/site-packages/faker/providers/internet/el_GR
./.venv/Lib/site-packages/faker/providers/internet/en_AU
./.venv/Lib/site-packages/faker/providers/internet/en_GB
./.venv/Lib/site-packages/faker/providers/internet/en_NZ
./.venv/Lib/site-packages/faker/providers/internet/en_PH
./.venv/Lib/site-packages/faker/providers/internet/en_US
./.venv/Lib/site-packages/faker/providers/internet/es_AR
./.venv/Lib/site-packages/faker/providers/internet/es_CL
./.venv/Lib/site-packages/faker/providers/internet/es_ES
./.venv/Lib/site-packages/faker/providers/internet/fa_IR
./.venv/Lib/site-packages/faker/providers/internet/fi_FI
./.venv/Lib/site-packages/faker/providers/internet/fil_PH
./.venv/Lib/site-packages/faker/providers/internet/fr_CH
./.venv/Lib/site-packages/faker/providers/internet/fr_FR
./.venv/Lib/site-packages/faker/providers/internet/hr_HR
./.venv/Lib/site-packages/faker/providers/internet/hu_HU
./.venv/Lib/site-packages/faker/providers/internet/id_ID
./.venv/Lib/site-packages/faker/providers/internet/it_IT
./.venv/Lib/site-packages/faker/providers/internet/ja_JP
./.venv/Lib/site-packages/faker/providers/internet/ko_KR
./.venv/Lib/site-packages/faker/providers/internet/no_NO
./.venv/Lib/site-packages/faker/providers/internet/pl_PL
./.venv/Lib/site-packages/faker/providers/internet/pt_BR
./.venv/Lib/site-packages/faker/providers/internet/pt_PT
./.venv/Lib/site-packages/faker/providers/internet/ro_RO
./.venv/Lib/site-packages/faker/providers/internet/ru_RU
./.venv/Lib/site-packages/faker/providers/internet/sk_SK
./.venv/Lib/site-packages/faker/providers/internet/sl_SI
./.venv/Lib/site-packages/faker/providers/internet/sv_SE
./.venv/Lib/site-packages/faker/providers/internet/th_TH
./.venv/Lib/site-packages/faker/providers/internet/tl_PH
./.venv/Lib/site-packages/faker/providers/internet/tr_TR
./.venv/Lib/site-packages/faker/providers/internet/uk_UA
./.venv/Lib/site-packages/faker/providers/internet/zh_CN
./.venv/Lib/site-packages/faker/providers/internet/zh_TW
./.venv/Lib/site-packages/faker/providers/isbn
./.venv/Lib/site-packages/faker/providers/isbn/en_US
./.venv/Lib/site-packages/faker/providers/isbn/es_ES
./.venv/Lib/site-packages/faker/providers/job
./.venv/Lib/site-packages/faker/providers/job/ar_AA
./.venv/Lib/site-packages/faker/providers/job/ar_DZ
./.venv/Lib/site-packages/faker/providers/job/az_AZ
./.venv/Lib/site-packages/faker/providers/job/bn_BD
./.venv/Lib/site-packages/faker/providers/job/bs_BA
./.venv/Lib/site-packages/faker/providers/job/cs_CZ
./.venv/Lib/site-packages/faker/providers/job/da_DK
./.venv/Lib/site-packages/faker/providers/job/de_AT
./.venv/Lib/site-packages/faker/providers/job/de_DE
./.venv/Lib/site-packages/faker/providers/job/el_GR
./.venv/Lib/site-packages/faker/providers/job/en_US
./.venv/Lib/site-packages/faker/providers/job/es
./.venv/Lib/site-packages/faker/providers/job/es_AR
./.venv/Lib/site-packages/faker/providers/job/es_CL
./.venv/Lib/site-packages/faker/providers/job/es_CO
./.venv/Lib/site-packages/faker/providers/job/es_ES
./.venv/Lib/site-packages/faker/providers/job/es_MX
./.venv/Lib/site-packages/faker/providers/job/fa_IR
./.venv/Lib/site-packages/faker/providers/job/fi_FI
./.venv/Lib/site-packages/faker/providers/job/fr_CH
./.venv/Lib/site-packages/faker/providers/job/fr_DZ
./.venv/Lib/site-packages/faker/providers/job/fr_FR
./.venv/Lib/site-packages/faker/providers/job/hr_HR
./.venv/Lib/site-packages/faker/providers/job/hu_HU
./.venv/Lib/site-packages/faker/providers/job/hy_AM
./.venv/Lib/site-packages/faker/providers/job/ja_JP
./.venv/Lib/site-packages/faker/providers/job/ka_GE
./.venv/Lib/site-packages/faker/providers/job/ko_KR
./.venv/Lib/site-packages/faker/providers/job/pl_PL
./.venv/Lib/site-packages/faker/providers/job/pt_BR
./.venv/Lib/site-packages/faker/providers/job/pt_PT
./.venv/Lib/site-packages/faker/providers/job/ro_RO
./.venv/Lib/site-packages/faker/providers/job/ru_RU
./.venv/Lib/site-packages/faker/providers/job/sk_SK
./.venv/Lib/site-packages/faker/providers/job/th_TH
./.venv/Lib/site-packages/faker/providers/job/tr_TR
./.venv/Lib/site-packages/faker/providers/job/uk_UA
./.venv/Lib/site-packages/faker/providers/job/vi_VN
./.venv/Lib/site-packages/faker/providers/job/zh_CN
./.venv/Lib/site-packages/faker/providers/job/zh_TW
./.venv/Lib/site-packages/faker/providers/lorem
./.venv/Lib/site-packages/faker/providers/lorem/ar_AA
./.venv/Lib/site-packages/faker/providers/lorem/az_AZ
./.venv/Lib/site-packages/faker/providers/lorem/bn_BD
./.venv/Lib/site-packages/faker/providers/lorem/cs_CZ
./.venv/Lib/site-packages/faker/providers/lorem/da_DK
./.venv/Lib/site-packages/faker/providers/lorem/de_AT
./.venv/Lib/site-packages/faker/providers/lorem/de_DE
./.venv/Lib/site-packages/faker/providers/lorem/el_GR
./.venv/Lib/site-packages/faker/providers/lorem/en_PH
./.venv/Lib/site-packages/faker/providers/lorem/en_US
./.venv/Lib/site-packages/faker/providers/lorem/es_AR
./.venv/Lib/site-packages/faker/providers/lorem/es_ES
./.venv/Lib/site-packages/faker/providers/lorem/es_MX
./.venv/Lib/site-packages/faker/providers/lorem/fa_IR
./.venv/Lib/site-packages/faker/providers/lorem/fil_PH
./.venv/Lib/site-packages/faker/providers/lorem/fr_FR
./.venv/Lib/site-packages/faker/providers/lorem/he_IL
./.venv/Lib/site-packages/faker/providers/lorem/hy_AM
./.venv/Lib/site-packages/faker/providers/lorem/it_IT
./.venv/Lib/site-packages/faker/providers/lorem/ja_JP
./.venv/Lib/site-packages/faker/providers/lorem/la
./.venv/Lib/site-packages/faker/providers/lorem/nl_BE
./.venv/Lib/site-packages/faker/providers/lorem/nl_NL
./.venv/Lib/site-packages/faker/providers/lorem/pl_PL
./.venv/Lib/site-packages/faker/providers/lorem/ru_RU
./.venv/Lib/site-packages/faker/providers/lorem/th_TH
./.venv/Lib/site-packages/faker/providers/lorem/tl_PH
./.venv/Lib/site-packages/faker/providers/lorem/uk_UA
./.venv/Lib/site-packages/faker/providers/lorem/vi_VN
./.venv/Lib/site-packages/faker/providers/lorem/zh_CN
./.venv/Lib/site-packages/faker/providers/lorem/zh_TW
./.venv/Lib/site-packages/faker/providers/misc
./.venv/Lib/site-packages/faker/providers/misc/en_PH
./.venv/Lib/site-packages/faker/providers/misc/en_US
./.venv/Lib/site-packages/faker/providers/misc/fil_PH
./.venv/Lib/site-packages/faker/providers/misc/tl_PH
./.venv/Lib/site-packages/faker/providers/passport
./.venv/Lib/site-packages/faker/providers/passport/de_AT
./.venv/Lib/site-packages/faker/providers/passport/en_US
./.venv/Lib/site-packages/faker/providers/passport/it_IT
./.venv/Lib/site-packages/faker/providers/passport/ru_RU
./.venv/Lib/site-packages/faker/providers/person
./.venv/Lib/site-packages/faker/providers/person/ar_AA
./.venv/Lib/site-packages/faker/providers/person/ar_DZ
./.venv/Lib/site-packages/faker/providers/person/ar_PS
./.venv/Lib/site-packages/faker/providers/person/ar_SA
./.venv/Lib/site-packages/faker/providers/person/az_AZ
./.venv/Lib/site-packages/faker/providers/person/bg_BG
./.venv/Lib/site-packages/faker/providers/person/bn_BD
./.venv/Lib/site-packages/faker/providers/person/cs_CZ
./.venv/Lib/site-packages/faker/providers/person/da_DK
./.venv/Lib/site-packages/faker/providers/person/de_AT
./.venv/Lib/site-packages/faker/providers/person/de_CH
./.venv/Lib/site-packages/faker/providers/person/de_DE
./.venv/Lib/site-packages/faker/providers/person/de_LI
./.venv/Lib/site-packages/faker/providers/person/de_LU
./.venv/Lib/site-packages/faker/providers/person/el_GR
./.venv/Lib/site-packages/faker/providers/person/en
./.venv/Lib/site-packages/faker/providers/person/en_GB
./.venv/Lib/site-packages/faker/providers/person/en_IE
./.venv/Lib/site-packages/faker/providers/person/en_IN
./.venv/Lib/site-packages/faker/providers/person/en_KE
./.venv/Lib/site-packages/faker/providers/person/en_NG
./.venv/Lib/site-packages/faker/providers/person/en_NZ
./.venv/Lib/site-packages/faker/providers/person/en_PK
./.venv/Lib/site-packages/faker/providers/person/en_TH
./.venv/Lib/site-packages/faker/providers/person/en_US
./.venv/Lib/site-packages/faker/providers/person/es
./.venv/Lib/site-packages/faker/providers/person/es_AR
./.venv/Lib/site-packages/faker/providers/person/es_CA
./.venv/Lib/site-packages/faker/providers/person/es_CL
./.venv/Lib/site-packages/faker/providers/person/es_CO
./.venv/Lib/site-packages/faker/providers/person/es_ES
./.venv/Lib/site-packages/faker/providers/person/es_MX
./.venv/Lib/site-packages/faker/providers/person/et_EE
./.venv/Lib/site-packages/faker/providers/person/fa_IR
./.venv/Lib/site-packages/faker/providers/person/fi_FI
./.venv/Lib/site-packages/faker/providers/person/fr_BE
./.venv/Lib/site-packages/faker/providers/person/fr_CA
./.venv/Lib/site-packages/faker/providers/person/fr_CH
./.venv/Lib/site-packages/faker/providers/person/fr_DZ
./.venv/Lib/site-packages/faker/providers/person/fr_FR
./.venv/Lib/site-packages/faker/providers/person/fr_QC
./.venv/Lib/site-packages/faker/providers/person/ga_IE
./.venv/Lib/site-packages/faker/providers/person/gu_IN
./.venv/Lib/site-packages/faker/providers/person/ha_NG
./.venv/Lib/site-packages/faker/providers/person/he_IL
./.venv/Lib/site-packages/faker/providers/person/hi_IN
./.venv/Lib/site-packages/faker/providers/person/hr_HR
./.venv/Lib/site-packages/faker/providers/person/hu_HU
./.venv/Lib/site-packages/faker/providers/person/hy_AM
./.venv/Lib/site-packages/faker/providers/person/id_ID
./.venv/Lib/site-packages/faker/providers/person/ig_NG
./.venv/Lib/site-packages/faker/providers/person/is_IS
./.venv/Lib/site-packages/faker/providers/person/it_IT
./.venv/Lib/site-packages/faker/providers/person/ja_JP
./.venv/Lib/site-packages/faker/providers/person/ka_GE
./.venv/Lib/site-packages/faker/providers/person/ko_KR
./.venv/Lib/site-packages/faker/providers/person/lt_LT
./.venv/Lib/site-packages/faker/providers/person/lv_LV
./.venv/Lib/site-packages/faker/providers/person/ne_NP
./.venv/Lib/site-packages/faker/providers/person/nl_BE
./.venv/Lib/site-packages/faker/providers/person/nl_NL
./.venv/Lib/site-packages/faker/providers/person/no_NO
./.venv/Lib/site-packages/faker/providers/person/or_IN
./.venv/Lib/site-packages/faker/providers/person/pl_PL
./.venv/Lib/site-packages/faker/providers/person/pt_BR
./.venv/Lib/site-packages/faker/providers/person/pt_PT
./.venv/Lib/site-packages/faker/providers/person/ro_RO
./.venv/Lib/site-packages/faker/providers/person/ru_RU
./.venv/Lib/site-packages/faker/providers/person/sk_SK
./.venv/Lib/site-packages/faker/providers/person/sl_SI
./.venv/Lib/site-packages/faker/providers/person/sv_SE
./.venv/Lib/site-packages/faker/providers/person/sw
./.venv/Lib/site-packages/faker/providers/person/ta_IN
./.venv/Lib/site-packages/faker/providers/person/th_TH
./.venv/Lib/site-packages/faker/providers/person/tr_TR
./.venv/Lib/site-packages/faker/providers/person/tw_GH
./.venv/Lib/site-packages/faker/providers/person/uk_UA
./.venv/Lib/site-packages/faker/providers/person/uz_UZ
./.venv/Lib/site-packages/faker/providers/person/vi_VN
./.venv/Lib/site-packages/faker/providers/person/yo_NG
./.venv/Lib/site-packages/faker/providers/person/zh_CN
./.venv/Lib/site-packages/faker/providers/person/zh_TW
./.venv/Lib/site-packages/faker/providers/person/zu_ZA
./.venv/Lib/site-packages/faker/providers/phone_number
./.venv/Lib/site-packages/faker/providers/phone_number/ar_AE
./.venv/Lib/site-packages/faker/providers/phone_number/ar_JO
./.venv/Lib/site-packages/faker/providers/phone_number/ar_PS
./.venv/Lib/site-packages/faker/providers/phone_number/az_AZ
./.venv/Lib/site-packages/faker/providers/phone_number/bg_BG
./.venv/Lib/site-packages/faker/providers/phone_number/bn_BD
./.venv/Lib/site-packages/faker/providers/phone_number/bs_BA
./.venv/Lib/site-packages/faker/providers/phone_number/cs_CZ
./.venv/Lib/site-packages/faker/providers/phone_number/da_DK
./.venv/Lib/site-packages/faker/providers/phone_number/de_AT
./.venv/Lib/site-packages/faker/providers/phone_number/de_CH
./.venv/Lib/site-packages/faker/providers/phone_number/de_DE
./.venv/Lib/site-packages/faker/providers/phone_number/de_LI
./.venv/Lib/site-packages/faker/providers/phone_number/de_LU
./.venv/Lib/site-packages/faker/providers/phone_number/el_GR
./.venv/Lib/site-packages/faker/providers/phone_number/en_AU
./.venv/Lib/site-packages/faker/providers/phone_number/en_CA
./.venv/Lib/site-packages/faker/providers/phone_number/en_GB
./.venv/Lib/site-packages/faker/providers/phone_number/en_IN
./.venv/Lib/site-packages/faker/providers/phone_number/en_NZ
./.venv/Lib/site-packages/faker/providers/phone_number/en_PH
./.venv/Lib/site-packages/faker/providers/phone_number/en_US
./.venv/Lib/site-packages/faker/providers/phone_number/es_AR
./.venv/Lib/site-packages/faker/providers/phone_number/es_CL
./.venv/Lib/site-packages/faker/providers/phone_number/es_CO
./.venv/Lib/site-packages/faker/providers/phone_number/es_ES
./.venv/Lib/site-packages/faker/providers/phone_number/es_MX
./.venv/Lib/site-packages/faker/providers/phone_number/fa_IR
./.venv/Lib/site-packages/faker/providers/phone_number/fi_FI
./.venv/Lib/site-packages/faker/providers/phone_number/fil_PH
./.venv/Lib/site-packages/faker/providers/phone_number/fr_CH
./.venv/Lib/site-packages/faker/providers/phone_number/fr_DZ
./.venv/Lib/site-packages/faker/providers/phone_number/fr_FR
./.venv/Lib/site-packages/faker/providers/phone_number/he_IL
./.venv/Lib/site-packages/faker/providers/phone_number/hi_IN
./.venv/Lib/site-packages/faker/providers/phone_number/hr_HR
./.venv/Lib/site-packages/faker/providers/phone_number/hu_HU
./.venv/Lib/site-packages/faker/providers/phone_number/hy_AM
./.venv/Lib/site-packages/faker/providers/phone_number/id_ID
./.venv/Lib/site-packages/faker/providers/phone_number/it_CH
./.venv/Lib/site-packages/faker/providers/phone_number/it_IT
./.venv/Lib/site-packages/faker/providers/phone_number/ja_JP
./.venv/Lib/site-packages/faker/providers/phone_number/ka_GE
./.venv/Lib/site-packages/faker/providers/phone_number/ko_KR
./.venv/Lib/site-packages/faker/providers/phone_number/lt_LT
./.venv/Lib/site-packages/faker/providers/phone_number/lv_LV
./.venv/Lib/site-packages/faker/providers/phone_number/ne_NP
./.venv/Lib/site-packages/faker/providers/phone_number/nl_BE
./.venv/Lib/site-packages/faker/providers/phone_number/nl_NL
./.venv/Lib/site-packages/faker/providers/phone_number/no_NO
./.venv/Lib/site-packages/faker/providers/phone_number/pl_PL
./.venv/Lib/site-packages/faker/providers/phone_number/pt_BR
./.venv/Lib/site-packages/faker/providers/phone_number/pt_PT
./.venv/Lib/site-packages/faker/providers/phone_number/ro_RO
./.venv/Lib/site-packages/faker/providers/phone_number/ru_RU
./.venv/Lib/site-packages/faker/providers/phone_number/sk_SK
./.venv/Lib/site-packages/faker/providers/phone_number/sl_SI
./.venv/Lib/site-packages/faker/providers/phone_number/sv_SE
./.venv/Lib/site-packages/faker/providers/phone_number/ta_IN
./.venv/Lib/site-packages/faker/providers/phone_number/th_TH
./.venv/Lib/site-packages/faker/providers/phone_number/tl_PH
./.venv/Lib/site-packages/faker/providers/phone_number/tr_TR
./.venv/Lib/site-packages/faker/providers/phone_number/tw_GH
./.venv/Lib/site-packages/faker/providers/phone_number/uk_UA
./.venv/Lib/site-packages/faker/providers/phone_number/uz_UZ
./.venv/Lib/site-packages/faker/providers/phone_number/vi_VN
./.venv/Lib/site-packages/faker/providers/phone_number/zh_CN
./.venv/Lib/site-packages/faker/providers/phone_number/zh_TW
./.venv/Lib/site-packages/faker/providers/profile
./.venv/Lib/site-packages/faker/providers/profile/en_US
./.venv/Lib/site-packages/faker/providers/python
./.venv/Lib/site-packages/faker/providers/python/en_US
./.venv/Lib/site-packages/faker/providers/sbn
./.venv/Lib/site-packages/faker/providers/sbn/en_US
./.venv/Lib/site-packages/faker/providers/ssn
./.venv/Lib/site-packages/faker/providers/ssn/ar_DZ
./.venv/Lib/site-packages/faker/providers/ssn/az_AZ
./.venv/Lib/site-packages/faker/providers/ssn/bg_BG
./.venv/Lib/site-packages/faker/providers/ssn/bn_BD
./.venv/Lib/site-packages/faker/providers/ssn/cs_CZ
./.venv/Lib/site-packages/faker/providers/ssn/de_AT
./.venv/Lib/site-packages/faker/providers/ssn/de_CH
./.venv/Lib/site-packages/faker/providers/ssn/de_DE
./.venv/Lib/site-packages/faker/providers/ssn/dk_DK
./.venv/Lib/site-packages/faker/providers/ssn/el_CY
./.venv/Lib/site-packages/faker/providers/ssn/el_GR
./.venv/Lib/site-packages/faker/providers/ssn/en_CA
./.venv/Lib/site-packages/faker/providers/ssn/en_GB
./.venv/Lib/site-packages/faker/providers/ssn/en_IE
./.venv/Lib/site-packages/faker/providers/ssn/en_IN
./.venv/Lib/site-packages/faker/providers/ssn/en_PH
./.venv/Lib/site-packages/faker/providers/ssn/en_US
./.venv/Lib/site-packages/faker/providers/ssn/es_CA
./.venv/Lib/site-packages/faker/providers/ssn/es_CL
./.venv/Lib/site-packages/faker/providers/ssn/es_CO
./.venv/Lib/site-packages/faker/providers/ssn/es_ES
./.venv/Lib/site-packages/faker/providers/ssn/es_MX
./.venv/Lib/site-packages/faker/providers/ssn/et_EE
./.venv/Lib/site-packages/faker/providers/ssn/fi_FI
./.venv/Lib/site-packages/faker/providers/ssn/fil_PH
./.venv/Lib/site-packages/faker/providers/ssn/fr_CH
./.venv/Lib/site-packages/faker/providers/ssn/fr_DZ
./.venv/Lib/site-packages/faker/providers/ssn/fr_FR
./.venv/Lib/site-packages/faker/providers/ssn/he_IL
./.venv/Lib/site-packages/faker/providers/ssn/hr_HR
./.venv/Lib/site-packages/faker/providers/ssn/hu_HU
./.venv/Lib/site-packages/faker/providers/ssn/it_IT
./.venv/Lib/site-packages/faker/providers/ssn/ko_KR
./.venv/Lib/site-packages/faker/providers/ssn/lb_LU
./.venv/Lib/site-packages/faker/providers/ssn/lt_LT
./.venv/Lib/site-packages/faker/providers/ssn/lv_LV
./.venv/Lib/site-packages/faker/providers/ssn/mt_MT
./.venv/Lib/site-packages/faker/providers/ssn/nl_BE
./.venv/Lib/site-packages/faker/providers/ssn/nl_NL
./.venv/Lib/site-packages/faker/providers/ssn/no_NO
./.venv/Lib/site-packages/faker/providers/ssn/pl_PL
./.venv/Lib/site-packages/faker/providers/ssn/pt_BR
./.venv/Lib/site-packages/faker/providers/ssn/pt_PT
./.venv/Lib/site-packages/faker/providers/ssn/ro_RO
./.venv/Lib/site-packages/faker/providers/ssn/ru_RU
./.venv/Lib/site-packages/faker/providers/ssn/sk_SK
./.venv/Lib/site-packages/faker/providers/ssn/sl_SI
./.venv/Lib/site-packages/faker/providers/ssn/sv_SE
./.venv/Lib/site-packages/faker/providers/ssn/th_TH
./.venv/Lib/site-packages/faker/providers/ssn/tl_PH
./.venv/Lib/site-packages/faker/providers/ssn/tr_TR
./.venv/Lib/site-packages/faker/providers/ssn/uk_UA
./.venv/Lib/site-packages/faker/providers/ssn/zh_CN
./.venv/Lib/site-packages/faker/providers/ssn/zh_TW
./.venv/Lib/site-packages/faker/providers/user_agent
./.venv/Lib/site-packages/faker/providers/user_agent/en_US
./.venv/Lib/site-packages/faker/sphinx
./.venv/Lib/site-packages/faker/utils
./.venv/Lib/site-packages/fastapi
./.venv/Lib/site-packages/fastapi-0.136.1.dist-info
./.venv/Lib/site-packages/fastapi-0.136.1.dist-info/licenses
./.venv/Lib/site-packages/fastapi/.agents
./.venv/Lib/site-packages/fastapi/.agents/skills
./.venv/Lib/site-packages/fastapi/.agents/skills/fastapi
./.venv/Lib/site-packages/fastapi/.agents/skills/fastapi/references
./.venv/Lib/site-packages/fastapi/_compat
./.venv/Lib/site-packages/fastapi/dependencies
./.venv/Lib/site-packages/fastapi/middleware
./.venv/Lib/site-packages/fastapi/openapi
./.venv/Lib/site-packages/fastapi/security
./.venv/Lib/site-packages/fastuuid
./.venv/Lib/site-packages/fastuuid-0.14.0.dist-info
./.venv/Lib/site-packages/fastuuid-0.14.0.dist-info/licenses
./.venv/Lib/site-packages/filelock
./.venv/Lib/site-packages/filelock-3.29.0.dist-info
./.venv/Lib/site-packages/filelock-3.29.0.dist-info/licenses
./.venv/Lib/site-packages/filelock/_soft_rw
./.venv/Lib/site-packages/frozenlist
./.venv/Lib/site-packages/frozenlist-1.8.0.dist-info
./.venv/Lib/site-packages/frozenlist-1.8.0.dist-info/licenses
./.venv/Lib/site-packages/fsspec
./.venv/Lib/site-packages/fsspec-2026.4.0.dist-info
./.venv/Lib/site-packages/fsspec-2026.4.0.dist-info/licenses
./.venv/Lib/site-packages/fsspec/implementations
./.venv/Lib/site-packages/fsspec/tests
./.venv/Lib/site-packages/fsspec/tests/abstract
./.venv/Lib/site-packages/google
./.venv/Lib/site-packages/google/_upb
./.venv/Lib/site-packages/google/api
./.venv/Lib/site-packages/google/cloud
./.venv/Lib/site-packages/google/cloud/location
./.venv/Lib/site-packages/google/gapic
./.venv/Lib/site-packages/google/gapic/metadata
./.venv/Lib/site-packages/google/logging
./.venv/Lib/site-packages/google/logging/type
./.venv/Lib/site-packages/google/longrunning
./.venv/Lib/site-packages/google/protobuf
./.venv/Lib/site-packages/google/protobuf/compiler
./.venv/Lib/site-packages/google/protobuf/internal
./.venv/Lib/site-packages/google/protobuf/pyext
./.venv/Lib/site-packages/google/protobuf/testdata
./.venv/Lib/site-packages/google/protobuf/util
./.venv/Lib/site-packages/google/rpc
./.venv/Lib/site-packages/google/rpc/context
./.venv/Lib/site-packages/google/type
./.venv/Lib/site-packages/googleapis_common_protos-1.75.0.dist-info
./.venv/Lib/site-packages/googleapis_common_protos-1.75.0.dist-info/licenses
./.venv/Lib/site-packages/greenlet
./.venv/Lib/site-packages/greenlet-3.5.0.dist-info
./.venv/Lib/site-packages/greenlet-3.5.0.dist-info/licenses
./.venv/Lib/site-packages/greenlet/platform
./.venv/Lib/site-packages/greenlet/tests
./.venv/Lib/site-packages/grpc
./.venv/Lib/site-packages/grpc/_cython
./.venv/Lib/site-packages/grpc/_cython/_credentials
./.venv/Lib/site-packages/grpc/_cython/_cygrpc
./.venv/Lib/site-packages/grpc/_cython/_cygrpc/private_key_signing
./.venv/Lib/site-packages/grpc/aio
./.venv/Lib/site-packages/grpc/beta
./.venv/Lib/site-packages/grpc/experimental
./.venv/Lib/site-packages/grpc/experimental/aio
./.venv/Lib/site-packages/grpc/framework
./.venv/Lib/site-packages/grpc/framework/common
./.venv/Lib/site-packages/grpc/framework/foundation
./.venv/Lib/site-packages/grpc/framework/interfaces
./.venv/Lib/site-packages/grpc/framework/interfaces/base
./.venv/Lib/site-packages/grpc/framework/interfaces/face
./.venv/Lib/site-packages/grpcio-1.80.0.dist-info
./.venv/Lib/site-packages/grpcio-1.80.0.dist-info/licenses
./.venv/Lib/site-packages/h11
./.venv/Lib/site-packages/h11-0.16.0.dist-info
./.venv/Lib/site-packages/h11-0.16.0.dist-info/licenses
./.venv/Lib/site-packages/h2
./.venv/Lib/site-packages/h2-4.3.0.dist-info
./.venv/Lib/site-packages/h2-4.3.0.dist-info/licenses
./.venv/Lib/site-packages/heretek_swarm-0.2.0.dist-info
./.venv/Lib/site-packages/heretek_swarm-0.2.0.dist-info/licenses
./.venv/Lib/site-packages/hf_xet
./.venv/Lib/site-packages/hf_xet-1.5.0.dist-info
./.venv/Lib/site-packages/hf_xet-1.5.0.dist-info/licenses
./.venv/Lib/site-packages/hf_xet-1.5.0.dist-info/sboms
./.venv/Lib/site-packages/hpack
./.venv/Lib/site-packages/hpack-4.1.0.dist-info
./.venv/Lib/site-packages/httpcore
./.venv/Lib/site-packages/httpcore-1.0.9.dist-info
./.venv/Lib/site-packages/httpcore-1.0.9.dist-info/licenses
./.venv/Lib/site-packages/httpcore/_async
./.venv/Lib/site-packages/httpcore/_backends
./.venv/Lib/site-packages/httpcore/_sync
./.venv/Lib/site-packages/httpx
./.venv/Lib/site-packages/httpx-0.28.1.dist-info
./.venv/Lib/site-packages/httpx-0.28.1.dist-info/licenses
./.venv/Lib/site-packages/httpx/_transports
./.venv/Lib/site-packages/httpx_sse
./.venv/Lib/site-packages/httpx_sse-0.4.3.dist-info
./.venv/Lib/site-packages/httpx_sse-0.4.3.dist-info/licenses
./.venv/Lib/site-packages/huggingface_hub
./.venv/Lib/site-packages/huggingface_hub-1.14.0.dist-info
./.venv/Lib/site-packages/huggingface_hub-1.14.0.dist-info/licenses
./.venv/Lib/site-packages/huggingface_hub/_hot_reload
./.venv/Lib/site-packages/huggingface_hub/cli
./.venv/Lib/site-packages/huggingface_hub/inference
./.venv/Lib/site-packages/huggingface_hub/inference/_generated
./.venv/Lib/site-packages/huggingface_hub/inference/_generated/types
./.venv/Lib/site-packages/huggingface_hub/inference/_mcp
./.venv/Lib/site-packages/huggingface_hub/inference/_providers
./.venv/Lib/site-packages/huggingface_hub/serialization
./.venv/Lib/site-packages/huggingface_hub/templates
./.venv/Lib/site-packages/huggingface_hub/utils
./.venv/Lib/site-packages/hyperframe
./.venv/Lib/site-packages/hyperframe-6.1.0.dist-info
./.venv/Lib/site-packages/hypothesis
./.venv/Lib/site-packages/hypothesis-6.152.4.dist-info
./.venv/Lib/site-packages/hypothesis-6.152.4.dist-info/licenses
./.venv/Lib/site-packages/hypothesis/extra
./.venv/Lib/site-packages/hypothesis/extra/django
./.venv/Lib/site-packages/hypothesis/extra/pandas
./.venv/Lib/site-packages/hypothesis/internal
./.venv/Lib/site-packages/hypothesis/internal/conjecture
./.venv/Lib/site-packages/hypothesis/internal/conjecture/shrinking
./.venv/Lib/site-packages/hypothesis/strategies
./.venv/Lib/site-packages/hypothesis/strategies/_internal
./.venv/Lib/site-packages/hypothesis/utils
./.venv/Lib/site-packages/hypothesis/vendor
./.venv/Lib/site-packages/idna
./.venv/Lib/site-packages/idna-3.13.dist-info
./.venv/Lib/site-packages/idna-3.13.dist-info/licenses
./.venv/Lib/site-packages/importlib_metadata
./.venv/Lib/site-packages/importlib_metadata-8.7.1.dist-info
./.venv/Lib/site-packages/importlib_metadata-8.7.1.dist-info/licenses
./.venv/Lib/site-packages/importlib_metadata/compat
./.venv/Lib/site-packages/iniconfig
./.venv/Lib/site-packages/iniconfig-2.3.0.dist-info
./.venv/Lib/site-packages/iniconfig-2.3.0.dist-info/licenses
./.venv/Lib/site-packages/isapi
./.venv/Lib/site-packages/isapi/doc
./.venv/Lib/site-packages/isapi/samples
./.venv/Lib/site-packages/isapi/test
./.venv/Lib/site-packages/jinja2
./.venv/Lib/site-packages/jinja2-3.1.6.dist-info
./.venv/Lib/site-packages/jinja2-3.1.6.dist-info/licenses
./.venv/Lib/site-packages/jiter
./.venv/Lib/site-packages/jiter-0.14.0.dist-info
./.venv/Lib/site-packages/jiter-0.14.0.dist-info/licenses
./.venv/Lib/site-packages/jiter-0.14.0.dist-info/sboms
./.venv/Lib/site-packages/jsonschema
./.venv/Lib/site-packages/jsonschema-4.26.0.dist-info
./.venv/Lib/site-packages/jsonschema-4.26.0.dist-info/licenses
./.venv/Lib/site-packages/jsonschema/benchmarks
./.venv/Lib/site-packages/jsonschema/benchmarks/issue232
./.venv/Lib/site-packages/jsonschema/tests
./.venv/Lib/site-packages/jsonschema/tests/typing
./.venv/Lib/site-packages/jsonschema_specifications
./.venv/Lib/site-packages/jsonschema_specifications-2025.9.1.dist-info
./.venv/Lib/site-packages/jsonschema_specifications-2025.9.1.dist-info/licenses
./.venv/Lib/site-packages/jsonschema_specifications/schemas
./.venv/Lib/site-packages/jsonschema_specifications/schemas/draft201909
./.venv/Lib/site-packages/jsonschema_specifications/schemas/draft201909/vocabularies
./.venv/Lib/site-packages/jsonschema_specifications/schemas/draft202012
./.venv/Lib/site-packages/jsonschema_specifications/schemas/draft202012/vocabularies
./.venv/Lib/site-packages/jsonschema_specifications/schemas/draft3
./.venv/Lib/site-packages/jsonschema_specifications/schemas/draft4
./.venv/Lib/site-packages/jsonschema_specifications/schemas/draft6
./.venv/Lib/site-packages/jsonschema_specifications/schemas/draft7
./.venv/Lib/site-packages/jsonschema_specifications/tests
./.venv/Lib/site-packages/jwt
./.venv/Lib/site-packages/librt
./.venv/Lib/site-packages/librt-0.10.0.dist-info
./.venv/Lib/site-packages/librt-0.10.0.dist-info/licenses
./.venv/Lib/site-packages/litellm
./.venv/Lib/site-packages/litellm-1.76.1.dist-info
./.venv/Lib/site-packages/litellm/anthropic_interface
./.venv/Lib/site-packages/litellm/anthropic_interface/messages
./.venv/Lib/site-packages/litellm/assistants
./.venv/Lib/site-packages/litellm/batch_completion
./.venv/Lib/site-packages/litellm/batches
./.venv/Lib/site-packages/litellm/caching
./.venv/Lib/site-packages/litellm/completion_extras
./.venv/Lib/site-packages/litellm/completion_extras/litellm_responses_transformation
./.venv/Lib/site-packages/litellm/endpoints
./.venv/Lib/site-packages/litellm/endpoints/speech
./.venv/Lib/site-packages/litellm/endpoints/speech/speech_to_completion_bridge
./.venv/Lib/site-packages/litellm/experimental_mcp_client
./.venv/Lib/site-packages/litellm/files
./.venv/Lib/site-packages/litellm/fine_tuning
./.venv/Lib/site-packages/litellm/google_genai
./.venv/Lib/site-packages/litellm/google_genai/adapters
./.venv/Lib/site-packages/litellm/images
./.venv/Lib/site-packages/litellm/integrations
./.venv/Lib/site-packages/litellm/integrations/SlackAlerting
./.venv/Lib/site-packages/litellm/integrations/_types
./.venv/Lib/site-packages/litellm/integrations/agentops
./.venv/Lib/site-packages/litellm/integrations/arize
./.venv/Lib/site-packages/litellm/integrations/azure_storage
./.venv/Lib/site-packages/litellm/integrations/cloudzero
./.venv/Lib/site-packages/litellm/integrations/datadog
./.venv/Lib/site-packages/litellm/integrations/deepeval
./.venv/Lib/site-packages/litellm/integrations/dotprompt
./.venv/Lib/site-packages/litellm/integrations/email_templates
./.venv/Lib/site-packages/litellm/integrations/gcs_bucket
./.venv/Lib/site-packages/litellm/integrations/gcs_pubsub
./.venv/Lib/site-packages/litellm/integrations/langfuse
./.venv/Lib/site-packages/litellm/integrations/opik
./.venv/Lib/site-packages/litellm/integrations/prometheus_helpers
./.venv/Lib/site-packages/litellm/integrations/vector_store_integrations
./.venv/Lib/site-packages/litellm/litellm_core_utils
./.venv/Lib/site-packages/litellm/litellm_core_utils/audio_utils
./.venv/Lib/site-packages/litellm/litellm_core_utils/llm_cost_calc
./.venv/Lib/site-packages/litellm/litellm_core_utils/llm_response_utils
./.venv/Lib/site-packages/litellm/litellm_core_utils/prompt_templates
./.venv/Lib/site-packages/litellm/litellm_core_utils/specialty_caches
./.venv/Lib/site-packages/litellm/litellm_core_utils/tokenizers
./.venv/Lib/site-packages/litellm/llms
./.venv/Lib/site-packages/litellm/llms/ai21
./.venv/Lib/site-packages/litellm/llms/ai21/chat
./.venv/Lib/site-packages/litellm/llms/aiml
./.venv/Lib/site-packages/litellm/llms/aiml/chat
./.venv/Lib/site-packages/litellm/llms/aiml/image_generation
./.venv/Lib/site-packages/litellm/llms/aiohttp_openai
./.venv/Lib/site-packages/litellm/llms/aiohttp_openai/chat
./.venv/Lib/site-packages/litellm/llms/anthropic
./.venv/Lib/site-packages/litellm/llms/anthropic/batches
./.venv/Lib/site-packages/litellm/llms/anthropic/chat
./.venv/Lib/site-packages/litellm/llms/anthropic/completion
./.venv/Lib/site-packages/litellm/llms/anthropic/experimental_pass_through
./.venv/Lib/site-packages/litellm/llms/anthropic/experimental_pass_through/adapters
./.venv/Lib/site-packages/litellm/llms/anthropic/experimental_pass_through/messages
./.venv/Lib/site-packages/litellm/llms/azure
./.venv/Lib/site-packages/litellm/llms/azure/batches
./.venv/Lib/site-packages/litellm/llms/azure/chat
./.venv/Lib/site-packages/litellm/llms/azure/completion
./.venv/Lib/site-packages/litellm/llms/azure/files
./.venv/Lib/site-packages/litellm/llms/azure/fine_tuning
./.venv/Lib/site-packages/litellm/llms/azure/image_edit
./.venv/Lib/site-packages/litellm/llms/azure/image_generation
./.venv/Lib/site-packages/litellm/llms/azure/realtime
./.venv/Lib/site-packages/litellm/llms/azure/responses
./.venv/Lib/site-packages/litellm/llms/azure/vector_stores
./.venv/Lib/site-packages/litellm/llms/azure_ai
./.venv/Lib/site-packages/litellm/llms/azure_ai/chat
./.venv/Lib/site-packages/litellm/llms/azure_ai/embed
./.venv/Lib/site-packages/litellm/llms/azure_ai/image_generation
./.venv/Lib/site-packages/litellm/llms/azure_ai/rerank
./.venv/Lib/site-packages/litellm/llms/base_llm
./.venv/Lib/site-packages/litellm/llms/base_llm/anthropic_messages
./.venv/Lib/site-packages/litellm/llms/base_llm/audio_transcription
./.venv/Lib/site-packages/litellm/llms/base_llm/bridges
./.venv/Lib/site-packages/litellm/llms/base_llm/chat
./.venv/Lib/site-packages/litellm/llms/base_llm/completion
./.venv/Lib/site-packages/litellm/llms/base_llm/embedding
./.venv/Lib/site-packages/litellm/llms/base_llm/files
./.venv/Lib/site-packages/litellm/llms/base_llm/google_genai
./.venv/Lib/site-packages/litellm/llms/base_llm/image_edit
./.venv/Lib/site-packages/litellm/llms/base_llm/image_generation
./.venv/Lib/site-packages/litellm/llms/base_llm/image_variations
./.venv/Lib/site-packages/litellm/llms/base_llm/passthrough
./.venv/Lib/site-packages/litellm/llms/base_llm/realtime
./.venv/Lib/site-packages/litellm/llms/base_llm/rerank
./.venv/Lib/site-packages/litellm/llms/base_llm/responses
./.venv/Lib/site-packages/litellm/llms/base_llm/vector_store
./.venv/Lib/site-packages/litellm/llms/baseten
./.venv/Lib/site-packages/litellm/llms/bedrock
./.venv/Lib/site-packages/litellm/llms/bedrock/chat
./.venv/Lib/site-packages/litellm/llms/bedrock/chat/converse_like
./.venv/Lib/site-packages/litellm/llms/bedrock/chat/invoke_agent
./.venv/Lib/site-packages/litellm/llms/bedrock/chat/invoke_transformations
./.venv/Lib/site-packages/litellm/llms/bedrock/embed
./.venv/Lib/site-packages/litellm/llms/bedrock/image
./.venv/Lib/site-packages/litellm/llms/bedrock/messages
./.venv/Lib/site-packages/litellm/llms/bedrock/messages/invoke_transformations
./.venv/Lib/site-packages/litellm/llms/bedrock/passthrough
./.venv/Lib/site-packages/litellm/llms/bedrock/rerank
./.venv/Lib/site-packages/litellm/llms/bedrock/vector_stores
./.venv/Lib/site-packages/litellm/llms/bytez
./.venv/Lib/site-packages/litellm/llms/bytez/chat
./.venv/Lib/site-packages/litellm/llms/cerebras
./.venv/Lib/site-packages/litellm/llms/clarifai
./.venv/Lib/site-packages/litellm/llms/clarifai/chat
./.venv/Lib/site-packages/litellm/llms/cloudflare
./.venv/Lib/site-packages/litellm/llms/cloudflare/chat
./.venv/Lib/site-packages/litellm/llms/codestral
./.venv/Lib/site-packages/litellm/llms/codestral/completion
./.venv/Lib/site-packages/litellm/llms/cohere
./.venv/Lib/site-packages/litellm/llms/cohere/chat
./.venv/Lib/site-packages/litellm/llms/cohere/completion
./.venv/Lib/site-packages/litellm/llms/cohere/embed
./.venv/Lib/site-packages/litellm/llms/cohere/rerank
./.venv/Lib/site-packages/litellm/llms/cohere/rerank_v2
./.venv/Lib/site-packages/litellm/llms/cometapi
./.venv/Lib/site-packages/litellm/llms/cometapi/chat
./.venv/Lib/site-packages/litellm/llms/custom_httpx
./.venv/Lib/site-packages/litellm/llms/dashscope
./.venv/Lib/site-packages/litellm/llms/dashscope/chat
./.venv/Lib/site-packages/litellm/llms/databricks
./.venv/Lib/site-packages/litellm/llms/databricks/chat
./.venv/Lib/site-packages/litellm/llms/databricks/embed
./.venv/Lib/site-packages/litellm/llms/datarobot
./.venv/Lib/site-packages/litellm/llms/datarobot/chat
./.venv/Lib/site-packages/litellm/llms/deepgram
./.venv/Lib/site-packages/litellm/llms/deepgram/audio_transcription
./.venv/Lib/site-packages/litellm/llms/deepinfra
./.venv/Lib/site-packages/litellm/llms/deepinfra/chat
./.venv/Lib/site-packages/litellm/llms/deepinfra/rerank
./.venv/Lib/site-packages/litellm/llms/deepseek
./.venv/Lib/site-packages/litellm/llms/deepseek/chat
./.venv/Lib/site-packages/litellm/llms/deprecated_providers
./.venv/Lib/site-packages/litellm/llms/elevenlabs
./.venv/Lib/site-packages/litellm/llms/elevenlabs/audio_transcription
./.venv/Lib/site-packages/litellm/llms/empower
./.venv/Lib/site-packages/litellm/llms/empower/chat
./.venv/Lib/site-packages/litellm/llms/featherless_ai
./.venv/Lib/site-packages/litellm/llms/featherless_ai/chat
./.venv/Lib/site-packages/litellm/llms/fireworks_ai
./.venv/Lib/site-packages/litellm/llms/fireworks_ai/audio_transcription
./.venv/Lib/site-packages/litellm/llms/fireworks_ai/chat
./.venv/Lib/site-packages/litellm/llms/fireworks_ai/completion
./.venv/Lib/site-packages/litellm/llms/fireworks_ai/embed
./.venv/Lib/site-packages/litellm/llms/friendliai
./.venv/Lib/site-packages/litellm/llms/friendliai/chat
./.venv/Lib/site-packages/litellm/llms/galadriel
./.venv/Lib/site-packages/litellm/llms/galadriel/chat
./.venv/Lib/site-packages/litellm/llms/gemini
./.venv/Lib/site-packages/litellm/llms/gemini/chat
./.venv/Lib/site-packages/litellm/llms/gemini/context_caching
./.venv/Lib/site-packages/litellm/llms/gemini/count_tokens
./.venv/Lib/site-packages/litellm/llms/gemini/files
./.venv/Lib/site-packages/litellm/llms/gemini/google_genai
./.venv/Lib/site-packages/litellm/llms/gemini/image_generation
./.venv/Lib/site-packages/litellm/llms/gemini/realtime
./.venv/Lib/site-packages/litellm/llms/gradient_ai
./.venv/Lib/site-packages/litellm/llms/gradient_ai/chat
./.venv/Lib/site-packages/litellm/llms/groq
./.venv/Lib/site-packages/litellm/llms/groq/chat
./.venv/Lib/site-packages/litellm/llms/groq/stt
./.venv/Lib/site-packages/litellm/llms/hosted_vllm
./.venv/Lib/site-packages/litellm/llms/hosted_vllm/chat
./.venv/Lib/site-packages/litellm/llms/hosted_vllm/embedding
./.venv/Lib/site-packages/litellm/llms/hosted_vllm/rerank
./.venv/Lib/site-packages/litellm/llms/huggingface
./.venv/Lib/site-packages/litellm/llms/huggingface/chat
./.venv/Lib/site-packages/litellm/llms/huggingface/embedding
./.venv/Lib/site-packages/litellm/llms/huggingface/huggingface_llms_metadata
./.venv/Lib/site-packages/litellm/llms/huggingface/rerank
./.venv/Lib/site-packages/litellm/llms/hyperbolic
./.venv/Lib/site-packages/litellm/llms/hyperbolic/chat
./.venv/Lib/site-packages/litellm/llms/infinity
./.venv/Lib/site-packages/litellm/llms/infinity/embedding
./.venv/Lib/site-packages/litellm/llms/infinity/rerank
./.venv/Lib/site-packages/litellm/llms/jina_ai
./.venv/Lib/site-packages/litellm/llms/jina_ai/embedding
./.venv/Lib/site-packages/litellm/llms/jina_ai/rerank
./.venv/Lib/site-packages/litellm/llms/lambda_ai
./.venv/Lib/site-packages/litellm/llms/lambda_ai/chat
./.venv/Lib/site-packages/litellm/llms/litellm_proxy
./.venv/Lib/site-packages/litellm/llms/litellm_proxy/chat
./.venv/Lib/site-packages/litellm/llms/litellm_proxy/image_edit
./.venv/Lib/site-packages/litellm/llms/litellm_proxy/image_generation
./.venv/Lib/site-packages/litellm/llms/llamafile
./.venv/Lib/site-packages/litellm/llms/llamafile/chat
./.venv/Lib/site-packages/litellm/llms/lm_studio
./.venv/Lib/site-packages/litellm/llms/lm_studio/chat
./.venv/Lib/site-packages/litellm/llms/lm_studio/embed
./.venv/Lib/site-packages/litellm/llms/meta_llama
./.venv/Lib/site-packages/litellm/llms/meta_llama/chat
./.venv/Lib/site-packages/litellm/llms/mistral
./.venv/Lib/site-packages/litellm/llms/mistral/chat
./.venv/Lib/site-packages/litellm/llms/moonshot
./.venv/Lib/site-packages/litellm/llms/moonshot/chat
./.venv/Lib/site-packages/litellm/llms/morph
./.venv/Lib/site-packages/litellm/llms/morph/chat
./.venv/Lib/site-packages/litellm/llms/nebius
./.venv/Lib/site-packages/litellm/llms/nebius/chat
./.venv/Lib/site-packages/litellm/llms/nebius/embedding
./.venv/Lib/site-packages/litellm/llms/nlp_cloud
./.venv/Lib/site-packages/litellm/llms/nlp_cloud/chat
./.venv/Lib/site-packages/litellm/llms/novita
./.venv/Lib/site-packages/litellm/llms/novita/chat
./.venv/Lib/site-packages/litellm/llms/nscale
./.venv/Lib/site-packages/litellm/llms/nscale/chat
./.venv/Lib/site-packages/litellm/llms/nvidia_nim
./.venv/Lib/site-packages/litellm/llms/nvidia_nim/chat
./.venv/Lib/site-packages/litellm/llms/oci
./.venv/Lib/site-packages/litellm/llms/oci/chat
./.venv/Lib/site-packages/litellm/llms/ollama
./.venv/Lib/site-packages/litellm/llms/ollama/chat
./.venv/Lib/site-packages/litellm/llms/ollama/completion
./.venv/Lib/site-packages/litellm/llms/oobabooga
./.venv/Lib/site-packages/litellm/llms/oobabooga/chat
./.venv/Lib/site-packages/litellm/llms/openai
./.venv/Lib/site-packages/litellm/llms/openai/chat
./.venv/Lib/site-packages/litellm/llms/openai/completion
./.venv/Lib/site-packages/litellm/llms/openai/fine_tuning
./.venv/Lib/site-packages/litellm/llms/openai/image_edit
./.venv/Lib/site-packages/litellm/llms/openai/image_generation
./.venv/Lib/site-packages/litellm/llms/openai/image_variations
./.venv/Lib/site-packages/litellm/llms/openai/realtime
./.venv/Lib/site-packages/litellm/llms/openai/responses
./.venv/Lib/site-packages/litellm/llms/openai/transcriptions
./.venv/Lib/site-packages/litellm/llms/openai/vector_stores
./.venv/Lib/site-packages/litellm/llms/openai_like
./.venv/Lib/site-packages/litellm/llms/openai_like/chat
./.venv/Lib/site-packages/litellm/llms/openai_like/embedding
./.venv/Lib/site-packages/litellm/llms/openrouter
./.venv/Lib/site-packages/litellm/llms/openrouter/chat
./.venv/Lib/site-packages/litellm/llms/perplexity
./.venv/Lib/site-packages/litellm/llms/perplexity/chat
./.venv/Lib/site-packages/litellm/llms/petals
./.venv/Lib/site-packages/litellm/llms/petals/completion
./.venv/Lib/site-packages/litellm/llms/pg_vector
./.venv/Lib/site-packages/litellm/llms/pg_vector/vector_stores
./.venv/Lib/site-packages/litellm/llms/predibase
./.venv/Lib/site-packages/litellm/llms/predibase/chat
./.venv/Lib/site-packages/litellm/llms/recraft
./.venv/Lib/site-packages/litellm/llms/recraft/image_edit
./.venv/Lib/site-packages/litellm/llms/recraft/image_generation
./.venv/Lib/site-packages/litellm/llms/replicate
./.venv/Lib/site-packages/litellm/llms/replicate/chat
./.venv/Lib/site-packages/litellm/llms/sagemaker
./.venv/Lib/site-packages/litellm/llms/sagemaker/chat
./.venv/Lib/site-packages/litellm/llms/sagemaker/completion
./.venv/Lib/site-packages/litellm/llms/sambanova
./.venv/Lib/site-packages/litellm/llms/sambanova/embedding
./.venv/Lib/site-packages/litellm/llms/snowflake
./.venv/Lib/site-packages/litellm/llms/snowflake/chat
./.venv/Lib/site-packages/litellm/llms/together_ai
./.venv/Lib/site-packages/litellm/llms/together_ai/completion
./.venv/Lib/site-packages/litellm/llms/together_ai/rerank
./.venv/Lib/site-packages/litellm/llms/topaz
./.venv/Lib/site-packages/litellm/llms/topaz/image_variations
./.venv/Lib/site-packages/litellm/llms/triton
./.venv/Lib/site-packages/litellm/llms/triton/completion
./.venv/Lib/site-packages/litellm/llms/triton/embedding
./.venv/Lib/site-packages/litellm/llms/v0
./.venv/Lib/site-packages/litellm/llms/v0/chat
./.venv/Lib/site-packages/litellm/llms/vercel_ai_gateway
./.venv/Lib/site-packages/litellm/llms/vercel_ai_gateway/chat
./.venv/Lib/site-packages/litellm/llms/vertex_ai
./.venv/Lib/site-packages/litellm/llms/vertex_ai/batches
./.venv/Lib/site-packages/litellm/llms/vertex_ai/context_caching
./.venv/Lib/site-packages/litellm/llms/vertex_ai/count_tokens
./.venv/Lib/site-packages/litellm/llms/vertex_ai/files
./.venv/Lib/site-packages/litellm/llms/vertex_ai/fine_tuning
./.venv/Lib/site-packages/litellm/llms/vertex_ai/gemini
./.venv/Lib/site-packages/litellm/llms/vertex_ai/gemini_embeddings
./.venv/Lib/site-packages/litellm/llms/vertex_ai/google_genai
./.venv/Lib/site-packages/litellm/llms/vertex_ai/image_generation
./.venv/Lib/site-packages/litellm/llms/vertex_ai/multimodal_embeddings
./.venv/Lib/site-packages/litellm/llms/vertex_ai/text_to_speech
./.venv/Lib/site-packages/litellm/llms/vertex_ai/vector_stores
./.venv/Lib/site-packages/litellm/llms/vertex_ai/vertex_ai_partner_models
./.venv/Lib/site-packages/litellm/llms/vertex_ai/vertex_ai_partner_models/ai21
./.venv/Lib/site-packages/litellm/llms/vertex_ai/vertex_ai_partner_models/anthropic
./.venv/Lib/site-packages/litellm/llms/vertex_ai/vertex_ai_partner_models/anthropic/experimental_pass_through
./.venv/Lib/site-packages/litellm/llms/vertex_ai/vertex_ai_partner_models/llama3
./.venv/Lib/site-packages/litellm/llms/vertex_ai/vertex_embeddings
./.venv/Lib/site-packages/litellm/llms/vertex_ai/vertex_model_garden
./.venv/Lib/site-packages/litellm/llms/vllm
./.venv/Lib/site-packages/litellm/llms/vllm/completion
./.venv/Lib/site-packages/litellm/llms/vllm/passthrough
./.venv/Lib/site-packages/litellm/llms/voyage
./.venv/Lib/site-packages/litellm/llms/voyage/embedding
./.venv/Lib/site-packages/litellm/llms/watsonx
./.venv/Lib/site-packages/litellm/llms/watsonx/chat
./.venv/Lib/site-packages/litellm/llms/watsonx/completion
./.venv/Lib/site-packages/litellm/llms/watsonx/embed
./.venv/Lib/site-packages/litellm/llms/xai
./.venv/Lib/site-packages/litellm/llms/xai/chat
./.venv/Lib/site-packages/litellm/llms/xinference
./.venv/Lib/site-packages/litellm/llms/xinference/image_generation
./.venv/Lib/site-packages/litellm/passthrough
./.venv/Lib/site-packages/litellm/proxy
./.venv/Lib/site-packages/litellm/proxy/_experimental
./.venv/Lib/site-packages/litellm/proxy/_experimental/mcp_server
./.venv/Lib/site-packages/litellm/proxy/_experimental/mcp_server/auth
./.venv/Lib/site-packages/litellm/proxy/_experimental/out
./.venv/Lib/site-packages/litellm/proxy/_experimental/out/_next
./.venv/Lib/site-packages/litellm/proxy/_experimental/out/_next/static
./.venv/Lib/site-packages/litellm/proxy/_experimental/out/_next/static/0rzQKhrKTur56aOgaxVrq
./.venv/Lib/site-packages/litellm/proxy/_experimental/out/_next/static/chunks
./.venv/Lib/site-packages/litellm/proxy/_experimental/out/_next/static/chunks/app
./.venv/Lib/site-packages/litellm/proxy/_experimental/out/_next/static/chunks/app/_not-found
./.venv/Lib/site-packages/litellm/proxy/_experimental/out/_next/static/chunks/app/model_hub
./.venv/Lib/site-packages/litellm/proxy/_experimental/out/_next/static/chunks/app/model_hub_table
./.venv/Lib/site-packages/litellm/proxy/_experimental/out/_next/static/chunks/app/onboarding
./.venv/Lib/site-packages/litellm/proxy/_experimental/out/_next/static/chunks/pages
./.venv/Lib/site-packages/litellm/proxy/_experimental/out/_next/static/css
./.venv/Lib/site-packages/litellm/proxy/_experimental/out/_next/static/media
./.venv/Lib/site-packages/litellm/proxy/_experimental/out/assets
./.venv/Lib/site-packages/litellm/proxy/_experimental/out/assets/logos
./.venv/Lib/site-packages/litellm/proxy/_experimental/out/model_hub_table
./.venv/Lib/site-packages/litellm/proxy/analytics_endpoints
./.venv/Lib/site-packages/litellm/proxy/anthropic_endpoints
./.venv/Lib/site-packages/litellm/proxy/auth
./.venv/Lib/site-packages/litellm/proxy/batches_endpoints
./.venv/Lib/site-packages/litellm/proxy/client
./.venv/Lib/site-packages/litellm/proxy/client/cli
./.venv/Lib/site-packages/litellm/proxy/client/cli/commands
./.venv/Lib/site-packages/litellm/proxy/common_utils
./.venv/Lib/site-packages/litellm/proxy/common_utils/html_forms
./.venv/Lib/site-packages/litellm/proxy/config_management_endpoints
./.venv/Lib/site-packages/litellm/proxy/credential_endpoints
./.venv/Lib/site-packages/litellm/proxy/custom_hooks
./.venv/Lib/site-packages/litellm/proxy/db
./.venv/Lib/site-packages/litellm/proxy/db/db_transaction_queue
./.venv/Lib/site-packages/litellm/proxy/discovery_endpoints
./.venv/Lib/site-packages/litellm/proxy/example_config_yaml
./.venv/Lib/site-packages/litellm/proxy/fine_tuning_endpoints
./.venv/Lib/site-packages/litellm/proxy/google_endpoints
./.venv/Lib/site-packages/litellm/proxy/guardrails
./.venv/Lib/site-packages/litellm/proxy/guardrails/guardrail_hooks
./.venv/Lib/site-packages/litellm/proxy/guardrails/guardrail_hooks/aim
./.venv/Lib/site-packages/litellm/proxy/guardrails/guardrail_hooks/aporia_ai
./.venv/Lib/site-packages/litellm/proxy/guardrails/guardrail_hooks/azure
./.venv/Lib/site-packages/litellm/proxy/guardrails/guardrail_hooks/guardrails_ai
./.venv/Lib/site-packages/litellm/proxy/guardrails/guardrail_hooks/lasso
./.venv/Lib/site-packages/litellm/proxy/guardrails/guardrail_hooks/model_armor
./.venv/Lib/site-packages/litellm/proxy/guardrails/guardrail_hooks/noma
./.venv/Lib/site-packages/litellm/proxy/guardrails/guardrail_hooks/openai
./.venv/Lib/site-packages/litellm/proxy/guardrails/guardrail_hooks/pangea
./.venv/Lib/site-packages/litellm/proxy/guardrails/guardrail_hooks/panw_prisma_airs
./.venv/Lib/site-packages/litellm/proxy/guardrails/guardrail_hooks/pillar
./.venv/Lib/site-packages/litellm/proxy/health_endpoints
./.venv/Lib/site-packages/litellm/proxy/hooks
./.venv/Lib/site-packages/litellm/proxy/image_endpoints
./.venv/Lib/site-packages/litellm/proxy/management_endpoints
./.venv/Lib/site-packages/litellm/proxy/management_endpoints/scim
./.venv/Lib/site-packages/litellm/proxy/management_helpers
./.venv/Lib/site-packages/litellm/proxy/middleware
./.venv/Lib/site-packages/litellm/proxy/openai_files_endpoints
./.venv/Lib/site-packages/litellm/proxy/pass_through_endpoints
./.venv/Lib/site-packages/litellm/proxy/pass_through_endpoints/llm_provider_handlers
./.venv/Lib/site-packages/litellm/proxy/prompts
./.venv/Lib/site-packages/litellm/proxy/public_endpoints
./.venv/Lib/site-packages/litellm/proxy/rerank_endpoints
./.venv/Lib/site-packages/litellm/proxy/response_api_endpoints
./.venv/Lib/site-packages/litellm/proxy/spend_tracking
./.venv/Lib/site-packages/litellm/proxy/swagger
./.venv/Lib/site-packages/litellm/proxy/test_prompts
./.venv/Lib/site-packages/litellm/proxy/types_utils
./.venv/Lib/site-packages/litellm/proxy/ui_crud_endpoints
./.venv/Lib/site-packages/litellm/proxy/vector_store_endpoints
./.venv/Lib/site-packages/litellm/proxy/vertex_ai_endpoints
./.venv/Lib/site-packages/litellm/realtime_api
./.venv/Lib/site-packages/litellm/rerank_api
./.venv/Lib/site-packages/litellm/responses
./.venv/Lib/site-packages/litellm/responses/litellm_completion_transformation
./.venv/Lib/site-packages/litellm/responses/mcp
./.venv/Lib/site-packages/litellm/router_strategy
./.venv/Lib/site-packages/litellm/router_strategy/auto_router
./.venv/Lib/site-packages/litellm/router_utils
./.venv/Lib/site-packages/litellm/router_utils/pre_call_checks
./.venv/Lib/site-packages/litellm/router_utils/router_callbacks
./.venv/Lib/site-packages/litellm/secret_managers
./.venv/Lib/site-packages/litellm/types
./.venv/Lib/site-packages/litellm/types/google_genai
./.venv/Lib/site-packages/litellm/types/images
./.venv/Lib/site-packages/litellm/types/integrations
./.venv/Lib/site-packages/litellm/types/integrations/rag
./.venv/Lib/site-packages/litellm/types/litellm_core_utils
./.venv/Lib/site-packages/litellm/types/llms
./.venv/Lib/site-packages/litellm/types/llms/anthropic_messages
./.venv/Lib/site-packages/litellm/types/mcp_server
./.venv/Lib/site-packages/litellm/types/passthrough_endpoints
./.venv/Lib/site-packages/litellm/types/prompts
./.venv/Lib/site-packages/litellm/types/proxy
./.venv/Lib/site-packages/litellm/types/proxy/discovery_endpoints
./.venv/Lib/site-packages/litellm/types/proxy/guardrails
./.venv/Lib/site-packages/litellm/types/proxy/guardrails/guardrail_hooks
./.venv/Lib/site-packages/litellm/types/proxy/guardrails/guardrail_hooks/azure
./.venv/Lib/site-packages/litellm/types/proxy/guardrails/guardrail_hooks/openai
./.venv/Lib/site-packages/litellm/types/proxy/management_endpoints
./.venv/Lib/site-packages/litellm/types/proxy/public_endpoints
./.venv/Lib/site-packages/litellm/types/responses
./.venv/Lib/site-packages/litellm/types/secret_managers
./.venv/Lib/site-packages/litellm/vector_stores
./.venv/Lib/site-packages/loguru
./.venv/Lib/site-packages/loguru-0.7.3.dist-info
./.venv/Lib/site-packages/markdown_it
./.venv/Lib/site-packages/markdown_it/cli
./.venv/Lib/site-packages/markdown_it/common
./.venv/Lib/site-packages/markdown_it/helpers
./.venv/Lib/site-packages/markdown_it/presets
./.venv/Lib/site-packages/markdown_it/rules_block
./.venv/Lib/site-packages/markdown_it/rules_core
./.venv/Lib/site-packages/markdown_it/rules_inline
./.venv/Lib/site-packages/markdown_it_py-4.2.0.dist-info
./.venv/Lib/site-packages/markdown_it_py-4.2.0.dist-info/licenses
./.venv/Lib/site-packages/markupsafe
./.venv/Lib/site-packages/markupsafe-3.0.3.dist-info
./.venv/Lib/site-packages/markupsafe-3.0.3.dist-info/licenses
./.venv/Lib/site-packages/mcp
./.venv/Lib/site-packages/mcp-1.27.1.dist-info
./.venv/Lib/site-packages/mcp-1.27.1.dist-info/licenses
./.venv/Lib/site-packages/mcp/cli
./.venv/Lib/site-packages/mcp/client
./.venv/Lib/site-packages/mcp/client/auth
./.venv/Lib/site-packages/mcp/client/auth/extensions
./.venv/Lib/site-packages/mcp/client/experimental
./.venv/Lib/site-packages/mcp/client/stdio
./.venv/Lib/site-packages/mcp/os
./.venv/Lib/site-packages/mcp/os/posix
./.venv/Lib/site-packages/mcp/os/win32
./.venv/Lib/site-packages/mcp/server
./.venv/Lib/site-packages/mcp/server/auth
./.venv/Lib/site-packages/mcp/server/auth/handlers
./.venv/Lib/site-packages/mcp/server/auth/middleware
./.venv/Lib/site-packages/mcp/server/experimental
./.venv/Lib/site-packages/mcp/server/fastmcp
./.venv/Lib/site-packages/mcp/server/fastmcp/prompts
./.venv/Lib/site-packages/mcp/server/fastmcp/resources
./.venv/Lib/site-packages/mcp/server/fastmcp/tools
./.venv/Lib/site-packages/mcp/server/fastmcp/utilities
./.venv/Lib/site-packages/mcp/server/lowlevel
./.venv/Lib/site-packages/mcp/shared
./.venv/Lib/site-packages/mcp/shared/experimental
./.venv/Lib/site-packages/mcp/shared/experimental/tasks
./.venv/Lib/site-packages/mdurl
./.venv/Lib/site-packages/mdurl-0.1.2.dist-info
./.venv/Lib/site-packages/mem0
./.venv/Lib/site-packages/mem0/client
./.venv/Lib/site-packages/mem0/configs
./.venv/Lib/site-packages/mem0/configs/embeddings
./.venv/Lib/site-packages/mem0/configs/llms
./.venv/Lib/site-packages/mem0/configs/rerankers
./.venv/Lib/site-packages/mem0/configs/vector_stores
./.venv/Lib/site-packages/mem0/embeddings
./.venv/Lib/site-packages/mem0/llms
./.venv/Lib/site-packages/mem0/memory
./.venv/Lib/site-packages/mem0/proxy
./.venv/Lib/site-packages/mem0/reranker
./.venv/Lib/site-packages/mem0/utils
./.venv/Lib/site-packages/mem0/vector_stores
./.venv/Lib/site-packages/mem0ai-2.0.2.dist-info
./.venv/Lib/site-packages/mem0ai-2.0.2.dist-info/licenses
./.venv/Lib/site-packages/multidict
./.venv/Lib/site-packages/multidict-6.7.1.dist-info
./.venv/Lib/site-packages/multidict-6.7.1.dist-info/licenses
./.venv/Lib/site-packages/multipart
./.venv/Lib/site-packages/mypy
./.venv/Lib/site-packages/mypy-2.0.0.dist-info
./.venv/Lib/site-packages/mypy-2.0.0.dist-info/licenses
./.venv/Lib/site-packages/mypy-2.0.0.dist-info/licenses/mypy
./.venv/Lib/site-packages/mypy-2.0.0.dist-info/licenses/mypy/typeshed
./.venv/Lib/site-packages/mypy/build_worker
./.venv/Lib/site-packages/mypy/dmypy
./.venv/Lib/site-packages/mypy/plugins
./.venv/Lib/site-packages/mypy/server
./.venv/Lib/site-packages/mypy/test
./.venv/Lib/site-packages/mypy/test/meta
./.venv/Lib/site-packages/mypy/typeshed
./.venv/Lib/site-packages/mypy/typeshed/stdlib
./.venv/Lib/site-packages/mypy/typeshed/stdlib/_typeshed
./.venv/Lib/site-packages/mypy/typeshed/stdlib/asyncio
./.venv/Lib/site-packages/mypy/typeshed/stdlib/collections
./.venv/Lib/site-packages/mypy/typeshed/stdlib/compression
./.venv/Lib/site-packages/mypy/typeshed/stdlib/compression/_common
./.venv/Lib/site-packages/mypy/typeshed/stdlib/compression/zstd
./.venv/Lib/site-packages/mypy/typeshed/stdlib/concurrent
./.venv/Lib/site-packages/mypy/typeshed/stdlib/concurrent/futures
./.venv/Lib/site-packages/mypy/typeshed/stdlib/concurrent/interpreters
./.venv/Lib/site-packages/mypy/typeshed/stdlib/ctypes
./.venv/Lib/site-packages/mypy/typeshed/stdlib/ctypes/macholib
./.venv/Lib/site-packages/mypy/typeshed/stdlib/curses
./.venv/Lib/site-packages/mypy/typeshed/stdlib/dbm
./.venv/Lib/site-packages/mypy/typeshed/stdlib/distutils
./.venv/Lib/site-packages/mypy/typeshed/stdlib/distutils/command
./.venv/Lib/site-packages/mypy/typeshed/stdlib/email
./.venv/Lib/site-packages/mypy/typeshed/stdlib/email/mime
./.venv/Lib/site-packages/mypy/typeshed/stdlib/encodings
./.venv/Lib/site-packages/mypy/typeshed/stdlib/ensurepip
./.venv/Lib/site-packages/mypy/typeshed/stdlib/html
./.venv/Lib/site-packages/mypy/typeshed/stdlib/http
./.venv/Lib/site-packages/mypy/typeshed/stdlib/importlib
./.venv/Lib/site-packages/mypy/typeshed/stdlib/importlib/metadata
./.venv/Lib/site-packages/mypy/typeshed/stdlib/importlib/resources
./.venv/Lib/site-packages/mypy/typeshed/stdlib/json
./.venv/Lib/site-packages/mypy/typeshed/stdlib/lib2to3
./.venv/Lib/site-packages/mypy/typeshed/stdlib/lib2to3/fixes
./.venv/Lib/site-packages/mypy/typeshed/stdlib/lib2to3/pgen2
./.venv/Lib/site-packages/mypy/typeshed/stdlib/logging
./.venv/Lib/site-packages/mypy/typeshed/stdlib/msilib
./.venv/Lib/site-packages/mypy/typeshed/stdlib/multiprocessing
./.venv/Lib/site-packages/mypy/typeshed/stdlib/multiprocessing/dummy
./.venv/Lib/site-packages/mypy/typeshed/stdlib/os
./.venv/Lib/site-packages/mypy/typeshed/stdlib/pathlib
./.venv/Lib/site-packages/mypy/typeshed/stdlib/pydoc_data
./.venv/Lib/site-packages/mypy/typeshed/stdlib/pyexpat
./.venv/Lib/site-packages/mypy/typeshed/stdlib/sqlite3
./.venv/Lib/site-packages/mypy/typeshed/stdlib/string
./.venv/Lib/site-packages/mypy/typeshed/stdlib/sys
./.venv/Lib/site-packages/mypy/typeshed/stdlib/tkinter
./.venv/Lib/site-packages/mypy/typeshed/stdlib/unittest
./.venv/Lib/site-packages/mypy/typeshed/stdlib/urllib
./.venv/Lib/site-packages/mypy/typeshed/stdlib/venv
./.venv/Lib/site-packages/mypy/typeshed/stdlib/wsgiref
./.venv/Lib/site-packages/mypy/typeshed/stdlib/xml
./.venv/Lib/site-packages/mypy/typeshed/stdlib/xml/dom
./.venv/Lib/site-packages/mypy/typeshed/stdlib/xml/etree
./.venv/Lib/site-packages/mypy/typeshed/stdlib/xml/parsers
./.venv/Lib/site-packages/mypy/typeshed/stdlib/xml/parsers/expat
./.venv/Lib/site-packages/mypy/typeshed/stdlib/xml/sax
./.venv/Lib/site-packages/mypy/typeshed/stdlib/xmlrpc
./.venv/Lib/site-packages/mypy/typeshed/stdlib/zipfile
./.venv/Lib/site-packages/mypy/typeshed/stdlib/zipfile/_path
./.venv/Lib/site-packages/mypy/typeshed/stdlib/zoneinfo
./.venv/Lib/site-packages/mypy/typeshed/stubs
./.venv/Lib/site-packages/mypy/typeshed/stubs/librt
./.venv/Lib/site-packages/mypy/typeshed/stubs/librt/librt
./.venv/Lib/site-packages/mypy/typeshed/stubs/mypy-extensions
./.venv/Lib/site-packages/mypy/xml
./.venv/Lib/site-packages/mypy_extensions-1.1.0.dist-info
./.venv/Lib/site-packages/mypy_extensions-1.1.0.dist-info/licenses
./.venv/Lib/site-packages/mypyc
./.venv/Lib/site-packages/mypyc/analysis
./.venv/Lib/site-packages/mypyc/codegen
./.venv/Lib/site-packages/mypyc/ir
./.venv/Lib/site-packages/mypyc/irbuild
./.venv/Lib/site-packages/mypyc/lib-rt
./.venv/Lib/site-packages/mypyc/lib-rt/base64
./.venv/Lib/site-packages/mypyc/lib-rt/base64/arch
./.venv/Lib/site-packages/mypyc/lib-rt/base64/arch/avx
./.venv/Lib/site-packages/mypyc/lib-rt/base64/arch/avx2
./.venv/Lib/site-packages/mypyc/lib-rt/base64/arch/avx512
./.venv/Lib/site-packages/mypyc/lib-rt/base64/arch/generic
./.venv/Lib/site-packages/mypyc/lib-rt/base64/arch/generic/32
./.venv/Lib/site-packages/mypyc/lib-rt/base64/arch/generic/64
./.venv/Lib/site-packages/mypyc/lib-rt/base64/arch/neon32
./.venv/Lib/site-packages/mypyc/lib-rt/base64/arch/neon64
./.venv/Lib/site-packages/mypyc/lib-rt/base64/arch/sse41
./.venv/Lib/site-packages/mypyc/lib-rt/base64/arch/sse42
./.venv/Lib/site-packages/mypyc/lib-rt/base64/arch/ssse3
./.venv/Lib/site-packages/mypyc/lib-rt/base64/tables
./.venv/Lib/site-packages/mypyc/lib-rt/internal
./.venv/Lib/site-packages/mypyc/lib-rt/strings
./.venv/Lib/site-packages/mypyc/lib-rt/time
./.venv/Lib/site-packages/mypyc/lib-rt/vecs
./.venv/Lib/site-packages/mypyc/lower
./.venv/Lib/site-packages/mypyc/primitives
./.venv/Lib/site-packages/mypyc/test
./.venv/Lib/site-packages/mypyc/transform
./.venv/Lib/site-packages/nats
./.venv/Lib/site-packages/nats/aio
./.venv/Lib/site-packages/nats/js
./.venv/Lib/site-packages/nats/micro
./.venv/Lib/site-packages/nats/protocol
./.venv/Lib/site-packages/nats_py-2.14.0.dist-info
./.venv/Lib/site-packages/networkx
./.venv/Lib/site-packages/networkx-3.6.1.dist-info
./.venv/Lib/site-packages/networkx-3.6.1.dist-info/licenses
./.venv/Lib/site-packages/networkx/algorithms
./.venv/Lib/site-packages/networkx/algorithms/approximation
./.venv/Lib/site-packages/networkx/algorithms/approximation/tests
./.venv/Lib/site-packages/networkx/algorithms/assortativity
./.venv/Lib/site-packages/networkx/algorithms/assortativity/tests
./.venv/Lib/site-packages/networkx/algorithms/bipartite
./.venv/Lib/site-packages/networkx/algorithms/bipartite/tests
./.venv/Lib/site-packages/networkx/algorithms/centrality
./.venv/Lib/site-packages/networkx/algorithms/centrality/tests
./.venv/Lib/site-packages/networkx/algorithms/coloring
./.venv/Lib/site-packages/networkx/algorithms/coloring/tests
./.venv/Lib/site-packages/networkx/algorithms/community
./.venv/Lib/site-packages/networkx/algorithms/community/tests
./.venv/Lib/site-packages/networkx/algorithms/components
./.venv/Lib/site-packages/networkx/algorithms/components/tests
./.venv/Lib/site-packages/networkx/algorithms/connectivity
./.venv/Lib/site-packages/networkx/algorithms/connectivity/tests
./.venv/Lib/site-packages/networkx/algorithms/flow
./.venv/Lib/site-packages/networkx/algorithms/flow/tests
./.venv/Lib/site-packages/networkx/algorithms/isomorphism
./.venv/Lib/site-packages/networkx/algorithms/isomorphism/tests
./.venv/Lib/site-packages/networkx/algorithms/link_analysis
./.venv/Lib/site-packages/networkx/algorithms/link_analysis/tests
./.venv/Lib/site-packages/networkx/algorithms/minors
./.venv/Lib/site-packages/networkx/algorithms/minors/tests
./.venv/Lib/site-packages/networkx/algorithms/operators
./.venv/Lib/site-packages/networkx/algorithms/operators/tests
./.venv/Lib/site-packages/networkx/algorithms/shortest_paths
./.venv/Lib/site-packages/networkx/algorithms/shortest_paths/tests
./.venv/Lib/site-packages/networkx/algorithms/tests
./.venv/Lib/site-packages/networkx/algorithms/traversal
./.venv/Lib/site-packages/networkx/algorithms/traversal/tests
./.venv/Lib/site-packages/networkx/algorithms/tree
./.venv/Lib/site-packages/networkx/algorithms/tree/tests
./.venv/Lib/site-packages/networkx/classes
./.venv/Lib/site-packages/networkx/classes/tests
./.venv/Lib/site-packages/networkx/drawing
./.venv/Lib/site-packages/networkx/drawing/tests
./.venv/Lib/site-packages/networkx/drawing/tests/baseline
./.venv/Lib/site-packages/networkx/generators
./.venv/Lib/site-packages/networkx/generators/tests
./.venv/Lib/site-packages/networkx/linalg
./.venv/Lib/site-packages/networkx/linalg/tests
./.venv/Lib/site-packages/networkx/readwrite
./.venv/Lib/site-packages/networkx/readwrite/json_graph
./.venv/Lib/site-packages/networkx/readwrite/json_graph/tests
./.venv/Lib/site-packages/networkx/readwrite/tests
./.venv/Lib/site-packages/networkx/tests
./.venv/Lib/site-packages/networkx/utils
./.venv/Lib/site-packages/networkx/utils/tests
./.venv/Lib/site-packages/numpy
./.venv/Lib/site-packages/numpy-2.4.4.dist-info
./.venv/Lib/site-packages/numpy-2.4.4.dist-info/licenses
./.venv/Lib/site-packages/numpy-2.4.4.dist-info/licenses/numpy
./.venv/Lib/site-packages/numpy-2.4.4.dist-info/licenses/numpy/_core
./.venv/Lib/site-packages/numpy-2.4.4.dist-info/licenses/numpy/_core/include
./.venv/Lib/site-packages/numpy-2.4.4.dist-info/licenses/numpy/_core/include/numpy
./.venv/Lib/site-packages/numpy-2.4.4.dist-info/licenses/numpy/_core/include/numpy/libdivide
./.venv/Lib/site-packages/numpy-2.4.4.dist-info/licenses/numpy/_core/src
./.venv/Lib/site-packages/numpy-2.4.4.dist-info/licenses/numpy/_core/src/common
./.venv/Lib/site-packages/numpy-2.4.4.dist-info/licenses/numpy/_core/src/common/pythoncapi-compat
./.venv/Lib/site-packages/numpy-2.4.4.dist-info/licenses/numpy/_core/src/highway
./.venv/Lib/site-packages/numpy-2.4.4.dist-info/licenses/numpy/_core/src/multiarray
./.venv/Lib/site-packages/numpy-2.4.4.dist-info/licenses/numpy/_core/src/npysort
./.venv/Lib/site-packages/numpy-2.4.4.dist-info/licenses/numpy/_core/src/npysort/x86-simd-sort
./.venv/Lib/site-packages/numpy-2.4.4.dist-info/licenses/numpy/_core/src/umath
./.venv/Lib/site-packages/numpy-2.4.4.dist-info/licenses/numpy/_core/src/umath/svml
./.venv/Lib/site-packages/numpy-2.4.4.dist-info/licenses/numpy/fft
./.venv/Lib/site-packages/numpy-2.4.4.dist-info/licenses/numpy/fft/pocketfft
./.venv/Lib/site-packages/numpy-2.4.4.dist-info/licenses/numpy/linalg
./.venv/Lib/site-packages/numpy-2.4.4.dist-info/licenses/numpy/linalg/lapack_lite
./.venv/Lib/site-packages/numpy-2.4.4.dist-info/licenses/numpy/ma
./.venv/Lib/site-packages/numpy-2.4.4.dist-info/licenses/numpy/random
./.venv/Lib/site-packages/numpy-2.4.4.dist-info/licenses/numpy/random/src
./.venv/Lib/site-packages/numpy-2.4.4.dist-info/licenses/numpy/random/src/distributions
./.venv/Lib/site-packages/numpy-2.4.4.dist-info/licenses/numpy/random/src/mt19937
./.venv/Lib/site-packages/numpy-2.4.4.dist-info/licenses/numpy/random/src/pcg64
./.venv/Lib/site-packages/numpy-2.4.4.dist-info/licenses/numpy/random/src/philox
./.venv/Lib/site-packages/numpy-2.4.4.dist-info/licenses/numpy/random/src/sfc64
./.venv/Lib/site-packages/numpy-2.4.4.dist-info/licenses/numpy/random/src/splitmix64
./.venv/Lib/site-packages/numpy.libs
./.venv/Lib/site-packages/numpy/_core
./.venv/Lib/site-packages/numpy/_core/include
./.venv/Lib/site-packages/numpy/_core/include/numpy
./.venv/Lib/site-packages/numpy/_core/include/numpy/random
./.venv/Lib/site-packages/numpy/_core/lib
./.venv/Lib/site-packages/numpy/_core/lib/npy-pkg-config
./.venv/Lib/site-packages/numpy/_core/lib/pkgconfig
./.venv/Lib/site-packages/numpy/_core/tests
./.venv/Lib/site-packages/numpy/_core/tests/data
./.venv/Lib/site-packages/numpy/_core/tests/examples
./.venv/Lib/site-packages/numpy/_core/tests/examples/cython
./.venv/Lib/site-packages/numpy/_core/tests/examples/limited_api
./.venv/Lib/site-packages/numpy/_pyinstaller
./.venv/Lib/site-packages/numpy/_pyinstaller/tests
./.venv/Lib/site-packages/numpy/_typing
./.venv/Lib/site-packages/numpy/_utils
./.venv/Lib/site-packages/numpy/char
./.venv/Lib/site-packages/numpy/core
./.venv/Lib/site-packages/numpy/ctypeslib
./.venv/Lib/site-packages/numpy/doc
./.venv/Lib/site-packages/numpy/f2py
./.venv/Lib/site-packages/numpy/f2py/_backends
./.venv/Lib/site-packages/numpy/f2py/src
./.venv/Lib/site-packages/numpy/f2py/tests
./.venv/Lib/site-packages/numpy/f2py/tests/src
./.venv/Lib/site-packages/numpy/f2py/tests/src/abstract_interface
./.venv/Lib/site-packages/numpy/f2py/tests/src/array_from_pyobj
./.venv/Lib/site-packages/numpy/f2py/tests/src/assumed_shape
./.venv/Lib/site-packages/numpy/f2py/tests/src/block_docstring
./.venv/Lib/site-packages/numpy/f2py/tests/src/callback
./.venv/Lib/site-packages/numpy/f2py/tests/src/cli
./.venv/Lib/site-packages/numpy/f2py/tests/src/common
./.venv/Lib/site-packages/numpy/f2py/tests/src/crackfortran
./.venv/Lib/site-packages/numpy/f2py/tests/src/f2cmap
./.venv/Lib/site-packages/numpy/f2py/tests/src/isocintrin
./.venv/Lib/site-packages/numpy/f2py/tests/src/kind
./.venv/Lib/site-packages/numpy/f2py/tests/src/mixed
./.venv/Lib/site-packages/numpy/f2py/tests/src/modules
./.venv/Lib/site-packages/numpy/f2py/tests/src/modules/gh25337
./.venv/Lib/site-packages/numpy/f2py/tests/src/modules/gh26920
./.venv/Lib/site-packages/numpy/f2py/tests/src/negative_bounds
./.venv/Lib/site-packages/numpy/f2py/tests/src/parameter
./.venv/Lib/site-packages/numpy/f2py/tests/src/quoted_character
./.venv/Lib/site-packages/numpy/f2py/tests/src/regression
./.venv/Lib/site-packages/numpy/f2py/tests/src/return_character
./.venv/Lib/site-packages/numpy/f2py/tests/src/return_complex
./.venv/Lib/site-packages/numpy/f2py/tests/src/return_integer
./.venv/Lib/site-packages/numpy/f2py/tests/src/return_logical
./.venv/Lib/site-packages/numpy/f2py/tests/src/return_real
./.venv/Lib/site-packages/numpy/f2py/tests/src/routines
./.venv/Lib/site-packages/numpy/f2py/tests/src/size
./.venv/Lib/site-packages/numpy/f2py/tests/src/string
./.venv/Lib/site-packages/numpy/f2py/tests/src/value_attrspec
./.venv/Lib/site-packages/numpy/fft
./.venv/Lib/site-packages/numpy/fft/tests
./.venv/Lib/site-packages/numpy/lib
./.venv/Lib/site-packages/numpy/lib/tests
./.venv/Lib/site-packages/numpy/lib/tests/data
./.venv/Lib/site-packages/numpy/linalg
./.venv/Lib/site-packages/numpy/linalg/tests
./.venv/Lib/site-packages/numpy/ma
./.venv/Lib/site-packages/numpy/ma/tests
./.venv/Lib/site-packages/numpy/matrixlib
./.venv/Lib/site-packages/numpy/matrixlib/tests
./.venv/Lib/site-packages/numpy/polynomial
./.venv/Lib/site-packages/numpy/polynomial/tests
./.venv/Lib/site-packages/numpy/random
./.venv/Lib/site-packages/numpy/random/_examples
./.venv/Lib/site-packages/numpy/random/_examples/cffi
./.venv/Lib/site-packages/numpy/random/_examples/cython
./.venv/Lib/site-packages/numpy/random/_examples/numba
./.venv/Lib/site-packages/numpy/random/lib
./.venv/Lib/site-packages/numpy/random/tests
./.venv/Lib/site-packages/numpy/random/tests/data
./.venv/Lib/site-packages/numpy/rec
./.venv/Lib/site-packages/numpy/strings
./.venv/Lib/site-packages/numpy/testing
./.venv/Lib/site-packages/numpy/testing/_private
./.venv/Lib/site-packages/numpy/testing/tests
./.venv/Lib/site-packages/numpy/tests
./.venv/Lib/site-packages/numpy/typing
./.venv/Lib/site-packages/numpy/typing/tests
./.venv/Lib/site-packages/numpy/typing/tests/data
./.venv/Lib/site-packages/numpy/typing/tests/data/fail
./.venv/Lib/site-packages/numpy/typing/tests/data/misc
./.venv/Lib/site-packages/numpy/typing/tests/data/pass
./.venv/Lib/site-packages/numpy/typing/tests/data/reveal
./.venv/Lib/site-packages/openai
./.venv/Lib/site-packages/openai-2.36.0.dist-info
./.venv/Lib/site-packages/openai-2.36.0.dist-info/licenses
./.venv/Lib/site-packages/openai/_extras
./.venv/Lib/site-packages/openai/_utils
./.venv/Lib/site-packages/openai/auth
./.venv/Lib/site-packages/openai/helpers
./.venv/Lib/site-packages/openai/lib
./.venv/Lib/site-packages/openai/lib/_parsing
./.venv/Lib/site-packages/openai/lib/streaming
./.venv/Lib/site-packages/openai/lib/streaming/chat
./.venv/Lib/site-packages/openai/lib/streaming/responses
./.venv/Lib/site-packages/openai/resources
./.venv/Lib/site-packages/openai/resources/admin
./.venv/Lib/site-packages/openai/resources/admin/organization
./.venv/Lib/site-packages/openai/resources/admin/organization/groups
./.venv/Lib/site-packages/openai/resources/admin/organization/projects
./.venv/Lib/site-packages/openai/resources/admin/organization/projects/groups
./.venv/Lib/site-packages/openai/resources/admin/organization/projects/users
./.venv/Lib/site-packages/openai/resources/admin/organization/users
./.venv/Lib/site-packages/openai/resources/audio
./.venv/Lib/site-packages/openai/resources/beta
./.venv/Lib/site-packages/openai/resources/beta/chatkit
./.venv/Lib/site-packages/openai/resources/beta/realtime
./.venv/Lib/site-packages/openai/resources/beta/threads
./.venv/Lib/site-packages/openai/resources/beta/threads/runs
./.venv/Lib/site-packages/openai/resources/chat
./.venv/Lib/site-packages/openai/resources/chat/completions
./.venv/Lib/site-packages/openai/resources/containers
./.venv/Lib/site-packages/openai/resources/containers/files
./.venv/Lib/site-packages/openai/resources/conversations
./.venv/Lib/site-packages/openai/resources/evals
./.venv/Lib/site-packages/openai/resources/evals/runs
./.venv/Lib/site-packages/openai/resources/fine_tuning
./.venv/Lib/site-packages/openai/resources/fine_tuning/alpha
./.venv/Lib/site-packages/openai/resources/fine_tuning/checkpoints
./.venv/Lib/site-packages/openai/resources/fine_tuning/jobs
./.venv/Lib/site-packages/openai/resources/realtime
./.venv/Lib/site-packages/openai/resources/responses
./.venv/Lib/site-packages/openai/resources/skills
./.venv/Lib/site-packages/openai/resources/skills/versions
./.venv/Lib/site-packages/openai/resources/uploads
./.venv/Lib/site-packages/openai/resources/vector_stores
./.venv/Lib/site-packages/openai/resources/webhooks
./.venv/Lib/site-packages/openai/types
./.venv/Lib/site-packages/openai/types/admin
./.venv/Lib/site-packages/openai/types/admin/organization
./.venv/Lib/site-packages/openai/types/admin/organization/groups
./.venv/Lib/site-packages/openai/types/admin/organization/projects
./.venv/Lib/site-packages/openai/types/admin/organization/projects/groups
./.venv/Lib/site-packages/openai/types/admin/organization/projects/users
./.venv/Lib/site-packages/openai/types/admin/organization/users
./.venv/Lib/site-packages/openai/types/audio
./.venv/Lib/site-packages/openai/types/beta
./.venv/Lib/site-packages/openai/types/beta/chat
./.venv/Lib/site-packages/openai/types/beta/chatkit
./.venv/Lib/site-packages/openai/types/beta/realtime
./.venv/Lib/site-packages/openai/types/beta/threads
./.venv/Lib/site-packages/openai/types/beta/threads/runs
./.venv/Lib/site-packages/openai/types/chat
./.venv/Lib/site-packages/openai/types/chat/completions
./.venv/Lib/site-packages/openai/types/containers
./.venv/Lib/site-packages/openai/types/containers/files
./.venv/Lib/site-packages/openai/types/conversations
./.venv/Lib/site-packages/openai/types/evals
./.venv/Lib/site-packages/openai/types/evals/runs
./.venv/Lib/site-packages/openai/types/fine_tuning
./.venv/Lib/site-packages/openai/types/fine_tuning/alpha
./.venv/Lib/site-packages/openai/types/fine_tuning/checkpoints
./.venv/Lib/site-packages/openai/types/fine_tuning/jobs
./.venv/Lib/site-packages/openai/types/graders
./.venv/Lib/site-packages/openai/types/realtime
./.venv/Lib/site-packages/openai/types/responses
./.venv/Lib/site-packages/openai/types/shared
./.venv/Lib/site-packages/openai/types/shared_params
./.venv/Lib/site-packages/openai/types/skills
./.venv/Lib/site-packages/openai/types/skills/versions
./.venv/Lib/site-packages/openai/types/uploads
./.venv/Lib/site-packages/openai/types/vector_stores
./.venv/Lib/site-packages/openai/types/webhooks
./.venv/Lib/site-packages/opentelemetry
./.venv/Lib/site-packages/opentelemetry/_events
./.venv/Lib/site-packages/opentelemetry/_logs
./.venv/Lib/site-packages/opentelemetry/_logs/_internal
./.venv/Lib/site-packages/opentelemetry/_logs/severity
./.venv/Lib/site-packages/opentelemetry/attributes
./.venv/Lib/site-packages/opentelemetry/baggage
./.venv/Lib/site-packages/opentelemetry/baggage/propagation
./.venv/Lib/site-packages/opentelemetry/context
./.venv/Lib/site-packages/opentelemetry/environment_variables
./.venv/Lib/site-packages/opentelemetry/exporter
./.venv/Lib/site-packages/opentelemetry/exporter/otlp
./.venv/Lib/site-packages/opentelemetry/exporter/otlp/proto
./.venv/Lib/site-packages/opentelemetry/exporter/otlp/proto/common
./.venv/Lib/site-packages/opentelemetry/exporter/otlp/proto/common/_internal
./.venv/Lib/site-packages/opentelemetry/exporter/otlp/proto/common/_internal/_log_encoder
./.venv/Lib/site-packages/opentelemetry/exporter/otlp/proto/common/_internal/metrics_encoder
./.venv/Lib/site-packages/opentelemetry/exporter/otlp/proto/common/_internal/trace_encoder
./.venv/Lib/site-packages/opentelemetry/exporter/otlp/proto/common/version
./.venv/Lib/site-packages/opentelemetry/exporter/otlp/proto/grpc
./.venv/Lib/site-packages/opentelemetry/exporter/otlp/proto/grpc/_log_exporter
./.venv/Lib/site-packages/opentelemetry/exporter/otlp/proto/grpc/metric_exporter
./.venv/Lib/site-packages/opentelemetry/exporter/otlp/proto/grpc/trace_exporter
./.venv/Lib/site-packages/opentelemetry/exporter/otlp/proto/grpc/version
./.venv/Lib/site-packages/opentelemetry/exporter/otlp/proto/http
./.venv/Lib/site-packages/opentelemetry/exporter/otlp/proto/http/_common
./.venv/Lib/site-packages/opentelemetry/exporter/otlp/proto/http/_log_exporter
./.venv/Lib/site-packages/opentelemetry/exporter/otlp/proto/http/metric_exporter
./.venv/Lib/site-packages/opentelemetry/exporter/otlp/proto/http/trace_exporter
./.venv/Lib/site-packages/opentelemetry/exporter/otlp/proto/http/trace_exporter/encoder
./.venv/Lib/site-packages/opentelemetry/exporter/otlp/proto/http/version
./.venv/Lib/site-packages/opentelemetry/exporter/otlp/version
./.venv/Lib/site-packages/opentelemetry/metrics
./.venv/Lib/site-packages/opentelemetry/metrics/_internal
./.venv/Lib/site-packages/opentelemetry/propagate
./.venv/Lib/site-packages/opentelemetry/propagators
./.venv/Lib/site-packages/opentelemetry/proto
./.venv/Lib/site-packages/opentelemetry/proto/collector
./.venv/Lib/site-packages/opentelemetry/proto/collector/logs
./.venv/Lib/site-packages/opentelemetry/proto/collector/logs/v1
./.venv/Lib/site-packages/opentelemetry/proto/collector/metrics
./.venv/Lib/site-packages/opentelemetry/proto/collector/metrics/v1
./.venv/Lib/site-packages/opentelemetry/proto/collector/profiles
./.venv/Lib/site-packages/opentelemetry/proto/collector/profiles/v1development
./.venv/Lib/site-packages/opentelemetry/proto/collector/trace
./.venv/Lib/site-packages/opentelemetry/proto/collector/trace/v1
./.venv/Lib/site-packages/opentelemetry/proto/common
./.venv/Lib/site-packages/opentelemetry/proto/common/v1
./.venv/Lib/site-packages/opentelemetry/proto/logs
./.venv/Lib/site-packages/opentelemetry/proto/logs/v1
./.venv/Lib/site-packages/opentelemetry/proto/metrics
./.venv/Lib/site-packages/opentelemetry/proto/metrics/v1
./.venv/Lib/site-packages/opentelemetry/proto/profiles
./.venv/Lib/site-packages/opentelemetry/proto/profiles/v1development
./.venv/Lib/site-packages/opentelemetry/proto/resource
./.venv/Lib/site-packages/opentelemetry/proto/resource/v1
./.venv/Lib/site-packages/opentelemetry/proto/trace
./.venv/Lib/site-packages/opentelemetry/proto/trace/v1
./.venv/Lib/site-packages/opentelemetry/proto/version
./.venv/Lib/site-packages/opentelemetry/sdk
./.venv/Lib/site-packages/opentelemetry/sdk/_configuration
./.venv/Lib/site-packages/opentelemetry/sdk/_configuration/file
./.venv/Lib/site-packages/opentelemetry/sdk/_events
./.venv/Lib/site-packages/opentelemetry/sdk/_logs
./.venv/Lib/site-packages/opentelemetry/sdk/_logs/_internal
./.venv/Lib/site-packages/opentelemetry/sdk/_logs/_internal/export
./.venv/Lib/site-packages/opentelemetry/sdk/_logs/export
./.venv/Lib/site-packages/opentelemetry/sdk/_shared_internal
./.venv/Lib/site-packages/opentelemetry/sdk/environment_variables
./.venv/Lib/site-packages/opentelemetry/sdk/error_handler
./.venv/Lib/site-packages/opentelemetry/sdk/metrics
./.venv/Lib/site-packages/opentelemetry/sdk/metrics/_internal
./.venv/Lib/site-packages/opentelemetry/sdk/metrics/_internal/exemplar
./.venv/Lib/site-packages/opentelemetry/sdk/metrics/_internal/exponential_histogram
./.venv/Lib/site-packages/opentelemetry/sdk/metrics/_internal/exponential_histogram/mapping
./.venv/Lib/site-packages/opentelemetry/sdk/metrics/_internal/export
./.venv/Lib/site-packages/opentelemetry/sdk/metrics/export
./.venv/Lib/site-packages/opentelemetry/sdk/metrics/view
./.venv/Lib/site-packages/opentelemetry/sdk/resources
./.venv/Lib/site-packages/opentelemetry/sdk/trace
./.venv/Lib/site-packages/opentelemetry/sdk/trace/_sampling_experimental
./.venv/Lib/site-packages/opentelemetry/sdk/trace/export
./.venv/Lib/site-packages/opentelemetry/sdk/util
./.venv/Lib/site-packages/opentelemetry/sdk/version
./.venv/Lib/site-packages/opentelemetry/semconv
./.venv/Lib/site-packages/opentelemetry/semconv/_incubating
./.venv/Lib/site-packages/opentelemetry/semconv/_incubating/attributes
./.venv/Lib/site-packages/opentelemetry/semconv/_incubating/metrics
./.venv/Lib/site-packages/opentelemetry/semconv/attributes
./.venv/Lib/site-packages/opentelemetry/semconv/metrics
./.venv/Lib/site-packages/opentelemetry/semconv/resource
./.venv/Lib/site-packages/opentelemetry/semconv/trace
./.venv/Lib/site-packages/opentelemetry/semconv/version
./.venv/Lib/site-packages/opentelemetry/trace
./.venv/Lib/site-packages/opentelemetry/trace/propagation
./.venv/Lib/site-packages/opentelemetry/util
./.venv/Lib/site-packages/opentelemetry/version
./.venv/Lib/site-packages/opentelemetry_api-1.41.1.dist-info
./.venv/Lib/site-packages/opentelemetry_api-1.41.1.dist-info/licenses
./.venv/Lib/site-packages/opentelemetry_exporter_otlp-1.41.1.dist-info
./.venv/Lib/site-packages/opentelemetry_exporter_otlp-1.41.1.dist-info/licenses
./.venv/Lib/site-packages/opentelemetry_exporter_otlp_proto_common-1.41.1.dist-info
./.venv/Lib/site-packages/opentelemetry_exporter_otlp_proto_common-1.41.1.dist-info/licenses
./.venv/Lib/site-packages/opentelemetry_exporter_otlp_proto_grpc-1.41.1.dist-info
./.venv/Lib/site-packages/opentelemetry_exporter_otlp_proto_grpc-1.41.1.dist-info/licenses
./.venv/Lib/site-packages/opentelemetry_exporter_otlp_proto_http-1.41.1.dist-info
./.venv/Lib/site-packages/opentelemetry_exporter_otlp_proto_http-1.41.1.dist-info/licenses
./.venv/Lib/site-packages/opentelemetry_proto-1.41.1.dist-info
./.venv/Lib/site-packages/opentelemetry_proto-1.41.1.dist-info/licenses
./.venv/Lib/site-packages/opentelemetry_sdk-1.41.1.dist-info
./.venv/Lib/site-packages/opentelemetry_sdk-1.41.1.dist-info/licenses
./.venv/Lib/site-packages/opentelemetry_semantic_conventions-0.62b1.dist-info
./.venv/Lib/site-packages/opentelemetry_semantic_conventions-0.62b1.dist-info/licenses
./.venv/Lib/site-packages/packaging
./.venv/Lib/site-packages/packaging-26.2.dist-info
./.venv/Lib/site-packages/packaging-26.2.dist-info/licenses
./.venv/Lib/site-packages/packaging/licenses
./.venv/Lib/site-packages/pathspec
./.venv/Lib/site-packages/pathspec-1.1.1.dist-info
./.venv/Lib/site-packages/pathspec-1.1.1.dist-info/licenses
./.venv/Lib/site-packages/pathspec/_backends
./.venv/Lib/site-packages/pathspec/_backends/hyperscan
./.venv/Lib/site-packages/pathspec/_backends/re2
./.venv/Lib/site-packages/pathspec/_backends/simple
./.venv/Lib/site-packages/pathspec/patterns
./.venv/Lib/site-packages/pip
./.venv/Lib/site-packages/pip-26.1.dist-info
./.venv/Lib/site-packages/pip-26.1.dist-info/licenses
./.venv/Lib/site-packages/pip-26.1.dist-info/licenses/src
./.venv/Lib/site-packages/pip-26.1.dist-info/licenses/src/pip
./.venv/Lib/site-packages/pip-26.1.dist-info/licenses/src/pip/_vendor
./.venv/Lib/site-packages/pip-26.1.dist-info/licenses/src/pip/_vendor/cachecontrol
./.venv/Lib/site-packages/pip-26.1.dist-info/licenses/src/pip/_vendor/certifi
./.venv/Lib/site-packages/pip-26.1.dist-info/licenses/src/pip/_vendor/distlib
./.venv/Lib/site-packages/pip-26.1.dist-info/licenses/src/pip/_vendor/distro
./.venv/Lib/site-packages/pip-26.1.dist-info/licenses/src/pip/_vendor/idna
./.venv/Lib/site-packages/pip-26.1.dist-info/licenses/src/pip/_vendor/msgpack
./.venv/Lib/site-packages/pip-26.1.dist-info/licenses/src/pip/_vendor/packaging
./.venv/Lib/site-packages/pip-26.1.dist-info/licenses/src/pip/_vendor/pkg_resources
./.venv/Lib/site-packages/pip-26.1.dist-info/licenses/src/pip/_vendor/platformdirs
./.venv/Lib/site-packages/pip-26.1.dist-info/licenses/src/pip/_vendor/pygments
./.venv/Lib/site-packages/pip-26.1.dist-info/licenses/src/pip/_vendor/pyproject_hooks
./.venv/Lib/site-packages/pip-26.1.dist-info/licenses/src/pip/_vendor/requests
./.venv/Lib/site-packages/pip-26.1.dist-info/licenses/src/pip/_vendor/resolvelib
./.venv/Lib/site-packages/pip-26.1.dist-info/licenses/src/pip/_vendor/rich
./.venv/Lib/site-packages/pip-26.1.dist-info/licenses/src/pip/_vendor/tomli
./.venv/Lib/site-packages/pip-26.1.dist-info/licenses/src/pip/_vendor/tomli_w
./.venv/Lib/site-packages/pip-26.1.dist-info/licenses/src/pip/_vendor/truststore
./.venv/Lib/site-packages/pip-26.1.dist-info/licenses/src/pip/_vendor/urllib3
./.venv/Lib/site-packages/pip/_internal
./.venv/Lib/site-packages/pip/_internal/cli
./.venv/Lib/site-packages/pip/_internal/commands
./.venv/Lib/site-packages/pip/_internal/distributions
./.venv/Lib/site-packages/pip/_internal/index
./.venv/Lib/site-packages/pip/_internal/locations
./.venv/Lib/site-packages/pip/_internal/metadata
./.venv/Lib/site-packages/pip/_internal/metadata/importlib
./.venv/Lib/site-packages/pip/_internal/models
./.venv/Lib/site-packages/pip/_internal/network
./.venv/Lib/site-packages/pip/_internal/operations
./.venv/Lib/site-packages/pip/_internal/operations/build
./.venv/Lib/site-packages/pip/_internal/operations/install
./.venv/Lib/site-packages/pip/_internal/req
./.venv/Lib/site-packages/pip/_internal/resolution
./.venv/Lib/site-packages/pip/_internal/resolution/legacy
./.venv/Lib/site-packages/pip/_internal/resolution/resolvelib
./.venv/Lib/site-packages/pip/_internal/utils
./.venv/Lib/site-packages/pip/_internal/vcs
./.venv/Lib/site-packages/pip/_vendor
./.venv/Lib/site-packages/pip/_vendor/cachecontrol
./.venv/Lib/site-packages/pip/_vendor/cachecontrol/caches
./.venv/Lib/site-packages/pip/_vendor/certifi
./.venv/Lib/site-packages/pip/_vendor/distlib
./.venv/Lib/site-packages/pip/_vendor/distro
./.venv/Lib/site-packages/pip/_vendor/idna
./.venv/Lib/site-packages/pip/_vendor/msgpack
./.venv/Lib/site-packages/pip/_vendor/packaging
./.venv/Lib/site-packages/pip/_vendor/packaging/licenses
./.venv/Lib/site-packages/pip/_vendor/pkg_resources
./.venv/Lib/site-packages/pip/_vendor/platformdirs
./.venv/Lib/site-packages/pip/_vendor/pygments
./.venv/Lib/site-packages/pip/_vendor/pygments/filters
./.venv/Lib/site-packages/pip/_vendor/pygments/formatters
./.venv/Lib/site-packages/pip/_vendor/pygments/lexers
./.venv/Lib/site-packages/pip/_vendor/pygments/styles
./.venv/Lib/site-packages/pip/_vendor/pyproject_hooks
./.venv/Lib/site-packages/pip/_vendor/pyproject_hooks/_in_process
./.venv/Lib/site-packages/pip/_vendor/requests
./.venv/Lib/site-packages/pip/_vendor/resolvelib
./.venv/Lib/site-packages/pip/_vendor/resolvelib/resolvers
./.venv/Lib/site-packages/pip/_vendor/rich
./.venv/Lib/site-packages/pip/_vendor/tomli
./.venv/Lib/site-packages/pip/_vendor/tomli_w
./.venv/Lib/site-packages/pip/_vendor/truststore
./.venv/Lib/site-packages/pip/_vendor/urllib3
./.venv/Lib/site-packages/pip/_vendor/urllib3/contrib
./.venv/Lib/site-packages/pip/_vendor/urllib3/contrib/emscripten
./.venv/Lib/site-packages/pip/_vendor/urllib3/http2
./.venv/Lib/site-packages/pip/_vendor/urllib3/util
./.venv/Lib/site-packages/pluggy
./.venv/Lib/site-packages/pluggy-1.6.0.dist-info
./.venv/Lib/site-packages/pluggy-1.6.0.dist-info/licenses
./.venv/Lib/site-packages/portalocker
./.venv/Lib/site-packages/portalocker-3.2.0.dist-info
./.venv/Lib/site-packages/portalocker-3.2.0.dist-info/licenses
./.venv/Lib/site-packages/posthog
./.venv/Lib/site-packages/posthog-7.14.0.dist-info
./.venv/Lib/site-packages/posthog-7.14.0.dist-info/licenses
./.venv/Lib/site-packages/posthog/ai
./.venv/Lib/site-packages/posthog/ai/anthropic
./.venv/Lib/site-packages/posthog/ai/claude_agent_sdk
./.venv/Lib/site-packages/posthog/ai/gemini
./.venv/Lib/site-packages/posthog/ai/langchain
./.venv/Lib/site-packages/posthog/ai/openai
./.venv/Lib/site-packages/posthog/ai/openai_agents
./.venv/Lib/site-packages/posthog/ai/otel
./.venv/Lib/site-packages/posthog/integrations
./.venv/Lib/site-packages/posthog/test
./.venv/Lib/site-packages/posthog/test/ai
./.venv/Lib/site-packages/posthog/test/ai/claude_agent_sdk
./.venv/Lib/site-packages/posthog/test/ai/openai_agents
./.venv/Lib/site-packages/posthog/test/ai/otel
./.venv/Lib/site-packages/prometheus_client
./.venv/Lib/site-packages/prometheus_client-0.25.0.dist-info
./.venv/Lib/site-packages/prometheus_client-0.25.0.dist-info/licenses
./.venv/Lib/site-packages/prometheus_client/aiohttp
./.venv/Lib/site-packages/prometheus_client/bridge
./.venv/Lib/site-packages/prometheus_client/django
./.venv/Lib/site-packages/prometheus_client/openmetrics
./.venv/Lib/site-packages/prometheus_client/twisted
./.venv/Lib/site-packages/propcache
./.venv/Lib/site-packages/propcache-0.5.2.dist-info
./.venv/Lib/site-packages/propcache-0.5.2.dist-info/licenses
./.venv/Lib/site-packages/protobuf-6.33.6.dist-info
./.venv/Lib/site-packages/psutil
./.venv/Lib/site-packages/psutil-7.2.2.dist-info
./.venv/Lib/site-packages/py_cpuinfo-9.0.0.dist-info
./.venv/Lib/site-packages/pycparser
./.venv/Lib/site-packages/pycparser-3.0.dist-info
./.venv/Lib/site-packages/pycparser-3.0.dist-info/licenses
./.venv/Lib/site-packages/pydantic
./.venv/Lib/site-packages/pydantic-2.13.4.dist-info
./.venv/Lib/site-packages/pydantic-2.13.4.dist-info/licenses
./.venv/Lib/site-packages/pydantic/_internal
./.venv/Lib/site-packages/pydantic/deprecated
./.venv/Lib/site-packages/pydantic/experimental
./.venv/Lib/site-packages/pydantic/plugin
./.venv/Lib/site-packages/pydantic/v1
./.venv/Lib/site-packages/pydantic_core
./.venv/Lib/site-packages/pydantic_core-2.46.4.dist-info
./.venv/Lib/site-packages/pydantic_core-2.46.4.dist-info/licenses
./.venv/Lib/site-packages/pydantic_core-2.46.4.dist-info/sboms
./.venv/Lib/site-packages/pydantic_settings
./.venv/Lib/site-packages/pydantic_settings-2.14.1.dist-info
./.venv/Lib/site-packages/pydantic_settings-2.14.1.dist-info/licenses
./.venv/Lib/site-packages/pydantic_settings/sources
./.venv/Lib/site-packages/pydantic_settings/sources/providers
./.venv/Lib/site-packages/pygments
./.venv/Lib/site-packages/pygments-2.20.0.dist-info
./.venv/Lib/site-packages/pygments-2.20.0.dist-info/licenses
./.venv/Lib/site-packages/pygments/filters
./.venv/Lib/site-packages/pygments/formatters
./.venv/Lib/site-packages/pygments/lexers
./.venv/Lib/site-packages/pygments/styles
./.venv/Lib/site-packages/pyjwt-2.12.1.dist-info
./.venv/Lib/site-packages/pyjwt-2.12.1.dist-info/licenses
./.venv/Lib/site-packages/pytest
./.venv/Lib/site-packages/pytest-9.0.3.dist-info
./.venv/Lib/site-packages/pytest-9.0.3.dist-info/licenses
./.venv/Lib/site-packages/pytest_asyncio
./.venv/Lib/site-packages/pytest_asyncio-1.3.0.dist-info
./.venv/Lib/site-packages/pytest_asyncio-1.3.0.dist-info/licenses
./.venv/Lib/site-packages/pytest_benchmark
./.venv/Lib/site-packages/pytest_benchmark-5.2.3.dist-info
./.venv/Lib/site-packages/pytest_benchmark-5.2.3.dist-info/licenses
./.venv/Lib/site-packages/pytest_benchmark/storage
./.venv/Lib/site-packages/pytest_cov
./.venv/Lib/site-packages/pytest_cov-7.1.0.dist-info
./.venv/Lib/site-packages/pytest_cov-7.1.0.dist-info/licenses
./.venv/Lib/site-packages/pytest_env
./.venv/Lib/site-packages/pytest_env-1.6.0.dist-info
./.venv/Lib/site-packages/pytest_env-1.6.0.dist-info/licenses
./.venv/Lib/site-packages/pytest_mock
./.venv/Lib/site-packages/pytest_mock-3.15.1.dist-info
./.venv/Lib/site-packages/pytest_mock-3.15.1.dist-info/licenses
./.venv/Lib/site-packages/pytest_timeout-2.4.0.dist-info
./.venv/Lib/site-packages/pytest_timeout-2.4.0.dist-info/licenses
./.venv/Lib/site-packages/pytest_xdist-3.8.0.dist-info
./.venv/Lib/site-packages/pytest_xdist-3.8.0.dist-info/licenses
./.venv/Lib/site-packages/python_dotenv-1.2.2.dist-info
./.venv/Lib/site-packages/python_dotenv-1.2.2.dist-info/licenses
./.venv/Lib/site-packages/python_multipart
./.venv/Lib/site-packages/python_multipart-0.0.28.dist-info
./.venv/Lib/site-packages/python_multipart-0.0.28.dist-info/licenses
./.venv/Lib/site-packages/pythonwin
./.venv/Lib/site-packages/pythonwin/pywin
./.venv/Lib/site-packages/pythonwin/pywin/Demos
./.venv/Lib/site-packages/pythonwin/pywin/Demos/app
./.venv/Lib/site-packages/pythonwin/pywin/Demos/ocx
./.venv/Lib/site-packages/pythonwin/pywin/debugger
./.venv/Lib/site-packages/pythonwin/pywin/dialogs
./.venv/Lib/site-packages/pythonwin/pywin/docking
./.venv/Lib/site-packages/pythonwin/pywin/framework
./.venv/Lib/site-packages/pythonwin/pywin/framework/editor
./.venv/Lib/site-packages/pythonwin/pywin/framework/editor/color
./.venv/Lib/site-packages/pythonwin/pywin/idle
./.venv/Lib/site-packages/pythonwin/pywin/mfc
./.venv/Lib/site-packages/pythonwin/pywin/scintilla
./.venv/Lib/site-packages/pythonwin/pywin/tools
./.venv/Lib/site-packages/pytz
./.venv/Lib/site-packages/pytz-2026.2.dist-info
./.venv/Lib/site-packages/pytz/zoneinfo
./.venv/Lib/site-packages/pytz/zoneinfo/Africa
./.venv/Lib/site-packages/pytz/zoneinfo/America
./.venv/Lib/site-packages/pytz/zoneinfo/America/Argentina
./.venv/Lib/site-packages/pytz/zoneinfo/America/Indiana
./.venv/Lib/site-packages/pytz/zoneinfo/America/Kentucky
./.venv/Lib/site-packages/pytz/zoneinfo/America/North_Dakota
./.venv/Lib/site-packages/pytz/zoneinfo/Antarctica
./.venv/Lib/site-packages/pytz/zoneinfo/Arctic
./.venv/Lib/site-packages/pytz/zoneinfo/Asia
./.venv/Lib/site-packages/pytz/zoneinfo/Atlantic
./.venv/Lib/site-packages/pytz/zoneinfo/Australia
./.venv/Lib/site-packages/pytz/zoneinfo/Brazil
./.venv/Lib/site-packages/pytz/zoneinfo/Canada
./.venv/Lib/site-packages/pytz/zoneinfo/Chile
./.venv/Lib/site-packages/pytz/zoneinfo/Etc
./.venv/Lib/site-packages/pytz/zoneinfo/Europe
./.venv/Lib/site-packages/pytz/zoneinfo/Indian
./.venv/Lib/site-packages/pytz/zoneinfo/Mexico
./.venv/Lib/site-packages/pytz/zoneinfo/Pacific
./.venv/Lib/site-packages/pytz/zoneinfo/US
./.venv/Lib/site-packages/pywin32-311.dist-info
./.venv/Lib/site-packages/pywin32_system32
./.venv/Lib/site-packages/pyyaml-6.0.3.dist-info
./.venv/Lib/site-packages/pyyaml-6.0.3.dist-info/licenses
./.venv/Lib/site-packages/qdrant_client
./.venv/Lib/site-packages/qdrant_client-1.17.1.dist-info
./.venv/Lib/site-packages/qdrant_client-1.17.1.dist-info/licenses
./.venv/Lib/site-packages/qdrant_client/auth
./.venv/Lib/site-packages/qdrant_client/common
./.venv/Lib/site-packages/qdrant_client/conversions
./.venv/Lib/site-packages/qdrant_client/embed
./.venv/Lib/site-packages/qdrant_client/grpc
./.venv/Lib/site-packages/qdrant_client/http
./.venv/Lib/site-packages/qdrant_client/http/api
./.venv/Lib/site-packages/qdrant_client/http/models
./.venv/Lib/site-packages/qdrant_client/hybrid
./.venv/Lib/site-packages/qdrant_client/local
./.venv/Lib/site-packages/qdrant_client/local/tests
./.venv/Lib/site-packages/qdrant_client/migrate
./.venv/Lib/site-packages/qdrant_client/models
./.venv/Lib/site-packages/qdrant_client/proto
./.venv/Lib/site-packages/qdrant_client/uploader
./.venv/Lib/site-packages/redis
./.venv/Lib/site-packages/redis-7.4.0.dist-info
./.venv/Lib/site-packages/redis-7.4.0.dist-info/licenses
./.venv/Lib/site-packages/redis/_parsers
./.venv/Lib/site-packages/redis/asyncio
./.venv/Lib/site-packages/redis/asyncio/http
./.venv/Lib/site-packages/redis/asyncio/multidb
./.venv/Lib/site-packages/redis/asyncio/observability
./.venv/Lib/site-packages/redis/auth
./.venv/Lib/site-packages/redis/commands
./.venv/Lib/site-packages/redis/commands/bf
./.venv/Lib/site-packages/redis/commands/json
./.venv/Lib/site-packages/redis/commands/search
./.venv/Lib/site-packages/redis/commands/timeseries
./.venv/Lib/site-packages/redis/commands/vectorset
./.venv/Lib/site-packages/redis/http
./.venv/Lib/site-packages/redis/multidb
./.venv/Lib/site-packages/redis/observability
./.venv/Lib/site-packages/referencing
./.venv/Lib/site-packages/referencing-0.37.0.dist-info
./.venv/Lib/site-packages/referencing-0.37.0.dist-info/licenses
./.venv/Lib/site-packages/referencing/tests
./.venv/Lib/site-packages/regex
./.venv/Lib/site-packages/regex-2026.5.9.dist-info
./.venv/Lib/site-packages/regex-2026.5.9.dist-info/licenses
./.venv/Lib/site-packages/regex/tests
./.venv/Lib/site-packages/requests
./.venv/Lib/site-packages/requests-2.33.1.dist-info
./.venv/Lib/site-packages/requests-2.33.1.dist-info/licenses
./.venv/Lib/site-packages/rich
./.venv/Lib/site-packages/rich-15.0.0.dist-info
./.venv/Lib/site-packages/rich-15.0.0.dist-info/licenses
./.venv/Lib/site-packages/rich/_unicode_data
./.venv/Lib/site-packages/rpds
./.venv/Lib/site-packages/rpds_py-0.30.0.dist-info
./.venv/Lib/site-packages/rpds_py-0.30.0.dist-info/licenses
./.venv/Lib/site-packages/ruff
./.venv/Lib/site-packages/ruff-0.15.12.dist-info
./.venv/Lib/site-packages/ruff-0.15.12.dist-info/licenses
./.venv/Lib/site-packages/schedule
./.venv/Lib/site-packages/schedule-1.2.2.dist-info
./.venv/Lib/site-packages/setuptools
./.venv/Lib/site-packages/setuptools-82.0.1.dist-info
./.venv/Lib/site-packages/setuptools-82.0.1.dist-info/licenses
./.venv/Lib/site-packages/setuptools/_distutils
./.venv/Lib/site-packages/setuptools/_distutils/command
./.venv/Lib/site-packages/setuptools/_distutils/compat
./.venv/Lib/site-packages/setuptools/_distutils/compilers
./.venv/Lib/site-packages/setuptools/_distutils/compilers/C
./.venv/Lib/site-packages/setuptools/_distutils/compilers/C/tests
./.venv/Lib/site-packages/setuptools/_distutils/tests
./.venv/Lib/site-packages/setuptools/_distutils/tests/compat
./.venv/Lib/site-packages/setuptools/_vendor
./.venv/Lib/site-packages/setuptools/_vendor/autocommand
./.venv/Lib/site-packages/setuptools/_vendor/autocommand-2.2.2.dist-info
./.venv/Lib/site-packages/setuptools/_vendor/backports
./.venv/Lib/site-packages/setuptools/_vendor/backports.tarfile-1.2.0.dist-info
./.venv/Lib/site-packages/setuptools/_vendor/backports/tarfile
./.venv/Lib/site-packages/setuptools/_vendor/backports/tarfile/compat
./.venv/Lib/site-packages/setuptools/_vendor/importlib_metadata
./.venv/Lib/site-packages/setuptools/_vendor/importlib_metadata-8.7.1.dist-info
./.venv/Lib/site-packages/setuptools/_vendor/importlib_metadata-8.7.1.dist-info/licenses
./.venv/Lib/site-packages/setuptools/_vendor/importlib_metadata/compat
./.venv/Lib/site-packages/setuptools/_vendor/jaraco
./.venv/Lib/site-packages/setuptools/_vendor/jaraco.text-4.0.0.dist-info
./.venv/Lib/site-packages/setuptools/_vendor/jaraco/context
./.venv/Lib/site-packages/setuptools/_vendor/jaraco/functools
./.venv/Lib/site-packages/setuptools/_vendor/jaraco/text
./.venv/Lib/site-packages/setuptools/_vendor/jaraco_context-6.1.0.dist-info
./.venv/Lib/site-packages/setuptools/_vendor/jaraco_context-6.1.0.dist-info/licenses
./.venv/Lib/site-packages/setuptools/_vendor/jaraco_functools-4.4.0.dist-info
./.venv/Lib/site-packages/setuptools/_vendor/jaraco_functools-4.4.0.dist-info/licenses
./.venv/Lib/site-packages/setuptools/_vendor/more_itertools
./.venv/Lib/site-packages/setuptools/_vendor/more_itertools-10.8.0.dist-info
./.venv/Lib/site-packages/setuptools/_vendor/more_itertools-10.8.0.dist-info/licenses
./.venv/Lib/site-packages/setuptools/_vendor/packaging
./.venv/Lib/site-packages/setuptools/_vendor/packaging-26.0.dist-info
./.venv/Lib/site-packages/setuptools/_vendor/packaging-26.0.dist-info/licenses
./.venv/Lib/site-packages/setuptools/_vendor/packaging/licenses
./.venv/Lib/site-packages/setuptools/_vendor/platformdirs
./.venv/Lib/site-packages/setuptools/_vendor/platformdirs-4.4.0.dist-info
./.venv/Lib/site-packages/setuptools/_vendor/platformdirs-4.4.0.dist-info/licenses
./.venv/Lib/site-packages/setuptools/_vendor/tomli
./.venv/Lib/site-packages/setuptools/_vendor/tomli-2.4.0.dist-info
./.venv/Lib/site-packages/setuptools/_vendor/tomli-2.4.0.dist-info/licenses
./.venv/Lib/site-packages/setuptools/_vendor/wheel
./.venv/Lib/site-packages/setuptools/_vendor/wheel-0.46.3.dist-info
./.venv/Lib/site-packages/setuptools/_vendor/wheel-0.46.3.dist-info/licenses
./.venv/Lib/site-packages/setuptools/_vendor/wheel/_commands
./.venv/Lib/site-packages/setuptools/_vendor/zipp
./.venv/Lib/site-packages/setuptools/_vendor/zipp-3.23.0.dist-info
./.venv/Lib/site-packages/setuptools/_vendor/zipp-3.23.0.dist-info/licenses
./.venv/Lib/site-packages/setuptools/_vendor/zipp/compat
./.venv/Lib/site-packages/setuptools/command
./.venv/Lib/site-packages/setuptools/compat
./.venv/Lib/site-packages/setuptools/config
./.venv/Lib/site-packages/setuptools/config/_validate_pyproject
./.venv/Lib/site-packages/setuptools/tests
./.venv/Lib/site-packages/setuptools/tests/compat
./.venv/Lib/site-packages/setuptools/tests/config
./.venv/Lib/site-packages/setuptools/tests/config/downloads
./.venv/Lib/site-packages/setuptools/tests/indexes
./.venv/Lib/site-packages/setuptools/tests/indexes/test_links_priority
./.venv/Lib/site-packages/setuptools/tests/indexes/test_links_priority/simple
./.venv/Lib/site-packages/setuptools/tests/indexes/test_links_priority/simple/foobar
./.venv/Lib/site-packages/setuptools/tests/integration
./.venv/Lib/site-packages/shellingham
./.venv/Lib/site-packages/shellingham-1.5.4.dist-info
./.venv/Lib/site-packages/shellingham/posix
./.venv/Lib/site-packages/sniffio
./.venv/Lib/site-packages/sniffio-1.3.1.dist-info
./.venv/Lib/site-packages/sniffio/_tests
./.venv/Lib/site-packages/sortedcontainers
./.venv/Lib/site-packages/sortedcontainers-2.4.0.dist-info
./.venv/Lib/site-packages/sqlalchemy
./.venv/Lib/site-packages/sqlalchemy-2.0.49.dist-info
./.venv/Lib/site-packages/sqlalchemy-2.0.49.dist-info/licenses
./.venv/Lib/site-packages/sqlalchemy/connectors
./.venv/Lib/site-packages/sqlalchemy/cyextension
./.venv/Lib/site-packages/sqlalchemy/dialects
./.venv/Lib/site-packages/sqlalchemy/dialects/mssql
./.venv/Lib/site-packages/sqlalchemy/dialects/mysql
./.venv/Lib/site-packages/sqlalchemy/dialects/oracle
./.venv/Lib/site-packages/sqlalchemy/dialects/postgresql
./.venv/Lib/site-packages/sqlalchemy/dialects/sqlite
./.venv/Lib/site-packages/sqlalchemy/engine
./.venv/Lib/site-packages/sqlalchemy/event
./.venv/Lib/site-packages/sqlalchemy/ext
./.venv/Lib/site-packages/sqlalchemy/ext/asyncio
./.venv/Lib/site-packages/sqlalchemy/ext/declarative
./.venv/Lib/site-packages/sqlalchemy/ext/mypy
./.venv/Lib/site-packages/sqlalchemy/future
./.venv/Lib/site-packages/sqlalchemy/orm
./.venv/Lib/site-packages/sqlalchemy/pool
./.venv/Lib/site-packages/sqlalchemy/sql
./.venv/Lib/site-packages/sqlalchemy/testing
./.venv/Lib/site-packages/sqlalchemy/testing/fixtures
./.venv/Lib/site-packages/sqlalchemy/testing/plugin
./.venv/Lib/site-packages/sqlalchemy/testing/suite
./.venv/Lib/site-packages/sqlalchemy/util
./.venv/Lib/site-packages/sse_starlette
./.venv/Lib/site-packages/sse_starlette-3.4.2.dist-info
./.venv/Lib/site-packages/sse_starlette-3.4.2.dist-info/licenses
./.venv/Lib/site-packages/starlette
./.venv/Lib/site-packages/starlette-1.0.0.dist-info
./.venv/Lib/site-packages/starlette-1.0.0.dist-info/licenses
./.venv/Lib/site-packages/starlette/middleware
./.venv/Lib/site-packages/structlog
./.venv/Lib/site-packages/structlog-25.5.0.dist-info
./.venv/Lib/site-packages/structlog-25.5.0.dist-info/licenses
./.venv/Lib/site-packages/swarms
./.venv/Lib/site-packages/swarms-12.0.0.dist-info
./.venv/Lib/site-packages/swarms/agents
./.venv/Lib/site-packages/swarms/artifacts
./.venv/Lib/site-packages/swarms/cli
./.venv/Lib/site-packages/swarms/prompts
./.venv/Lib/site-packages/swarms/schemas
./.venv/Lib/site-packages/swarms/structs
./.venv/Lib/site-packages/swarms/telemetry
./.venv/Lib/site-packages/swarms/tools
./.venv/Lib/site-packages/swarms/utils
./.venv/Lib/site-packages/tenacity
./.venv/Lib/site-packages/tenacity-9.1.4.dist-info
./.venv/Lib/site-packages/tenacity-9.1.4.dist-info/licenses
./.venv/Lib/site-packages/tenacity/asyncio
./.venv/Lib/site-packages/tiktoken
./.venv/Lib/site-packages/tiktoken-0.12.0.dist-info
./.venv/Lib/site-packages/tiktoken-0.12.0.dist-info/licenses
./.venv/Lib/site-packages/tiktoken_ext
./.venv/Lib/site-packages/tokenizers
./.venv/Lib/site-packages/tokenizers-0.23.1.dist-info
./.venv/Lib/site-packages/tokenizers-0.23.1.dist-info/sboms
./.venv/Lib/site-packages/tokenizers/decoders
./.venv/Lib/site-packages/tokenizers/implementations
./.venv/Lib/site-packages/tokenizers/models
./.venv/Lib/site-packages/tokenizers/normalizers
./.venv/Lib/site-packages/tokenizers/pre_tokenizers
./.venv/Lib/site-packages/tokenizers/processors
./.venv/Lib/site-packages/tokenizers/tools
./.venv/Lib/site-packages/tokenizers/trainers
./.venv/Lib/site-packages/toml
./.venv/Lib/site-packages/toml-0.10.2.dist-info
./.venv/Lib/site-packages/tqdm
./.venv/Lib/site-packages/tqdm-4.67.3.dist-info
./.venv/Lib/site-packages/tqdm-4.67.3.dist-info/licenses
./.venv/Lib/site-packages/tqdm/contrib
./.venv/Lib/site-packages/typer
./.venv/Lib/site-packages/typer-0.25.1.dist-info
./.venv/Lib/site-packages/typer-0.25.1.dist-info/licenses
./.venv/Lib/site-packages/typer/.agents
./.venv/Lib/site-packages/typer/.agents/skills
./.venv/Lib/site-packages/typer/.agents/skills/typer
./.venv/Lib/site-packages/typing_extensions-4.15.0.dist-info
./.venv/Lib/site-packages/typing_extensions-4.15.0.dist-info/licenses
./.venv/Lib/site-packages/typing_inspection
./.venv/Lib/site-packages/typing_inspection-0.4.2.dist-info
./.venv/Lib/site-packages/typing_inspection-0.4.2.dist-info/licenses
./.venv/Lib/site-packages/tzdata
./.venv/Lib/site-packages/tzdata-2026.2.dist-info
./.venv/Lib/site-packages/tzdata-2026.2.dist-info/licenses
./.venv/Lib/site-packages/tzdata-2026.2.dist-info/licenses/licenses
./.venv/Lib/site-packages/tzdata/zoneinfo
./.venv/Lib/site-packages/tzdata/zoneinfo/Africa
./.venv/Lib/site-packages/tzdata/zoneinfo/America
./.venv/Lib/site-packages/tzdata/zoneinfo/America/Argentina
./.venv/Lib/site-packages/tzdata/zoneinfo/America/Indiana
./.venv/Lib/site-packages/tzdata/zoneinfo/America/Kentucky
./.venv/Lib/site-packages/tzdata/zoneinfo/America/North_Dakota
./.venv/Lib/site-packages/tzdata/zoneinfo/Antarctica
./.venv/Lib/site-packages/tzdata/zoneinfo/Arctic
./.venv/Lib/site-packages/tzdata/zoneinfo/Asia
./.venv/Lib/site-packages/tzdata/zoneinfo/Atlantic
./.venv/Lib/site-packages/tzdata/zoneinfo/Australia
./.venv/Lib/site-packages/tzdata/zoneinfo/Brazil
./.venv/Lib/site-packages/tzdata/zoneinfo/Canada
./.venv/Lib/site-packages/tzdata/zoneinfo/Chile
./.venv/Lib/site-packages/tzdata/zoneinfo/Etc
./.venv/Lib/site-packages/tzdata/zoneinfo/Europe
./.venv/Lib/site-packages/tzdata/zoneinfo/Indian
./.venv/Lib/site-packages/tzdata/zoneinfo/Mexico
./.venv/Lib/site-packages/tzdata/zoneinfo/Pacific
./.venv/Lib/site-packages/tzdata/zoneinfo/US
./.venv/Lib/site-packages/urllib3
./.venv/Lib/site-packages/urllib3-2.7.0.dist-info
./.venv/Lib/site-packages/urllib3-2.7.0.dist-info/licenses
./.venv/Lib/site-packages/urllib3/contrib
./.venv/Lib/site-packages/urllib3/contrib/emscripten
./.venv/Lib/site-packages/urllib3/http2
./.venv/Lib/site-packages/urllib3/util
./.venv/Lib/site-packages/uvicorn
./.venv/Lib/site-packages/uvicorn-0.46.0.dist-info
./.venv/Lib/site-packages/uvicorn-0.46.0.dist-info/licenses
./.venv/Lib/site-packages/uvicorn/lifespan
./.venv/Lib/site-packages/uvicorn/loops
./.venv/Lib/site-packages/uvicorn/middleware
./.venv/Lib/site-packages/uvicorn/protocols
./.venv/Lib/site-packages/uvicorn/protocols/http
./.venv/Lib/site-packages/uvicorn/protocols/websockets
./.venv/Lib/site-packages/uvicorn/supervisors
./.venv/Lib/site-packages/websockets
./.venv/Lib/site-packages/websockets-16.0.dist-info
./.venv/Lib/site-packages/websockets-16.0.dist-info/licenses
./.venv/Lib/site-packages/websockets/asyncio
./.venv/Lib/site-packages/websockets/extensions
./.venv/Lib/site-packages/websockets/legacy
./.venv/Lib/site-packages/websockets/sync
./.venv/Lib/site-packages/win32
./.venv/Lib/site-packages/win32/Demos
./.venv/Lib/site-packages/win32/Demos/c_extension
./.venv/Lib/site-packages/win32/Demos/dde
./.venv/Lib/site-packages/win32/Demos/images
./.venv/Lib/site-packages/win32/Demos/pipes
./.venv/Lib/site-packages/win32/Demos/security
./.venv/Lib/site-packages/win32/Demos/security/sspi
./.venv/Lib/site-packages/win32/Demos/service
./.venv/Lib/site-packages/win32/Demos/win32wnet
./.venv/Lib/site-packages/win32/include
./.venv/Lib/site-packages/win32/lib
./.venv/Lib/site-packages/win32/libs
./.venv/Lib/site-packages/win32/scripts
./.venv/Lib/site-packages/win32/scripts/VersionStamp
./.venv/Lib/site-packages/win32/test
./.venv/Lib/site-packages/win32/test/win32rcparser
./.venv/Lib/site-packages/win32_setctime
./.venv/Lib/site-packages/win32_setctime-1.2.0.dist-info
./.venv/Lib/site-packages/win32com
./.venv/Lib/site-packages/win32com/HTML
./.venv/Lib/site-packages/win32com/HTML/image
./.venv/Lib/site-packages/win32com/client
./.venv/Lib/site-packages/win32com/demos
./.venv/Lib/site-packages/win32com/include
./.venv/Lib/site-packages/win32com/libs
./.venv/Lib/site-packages/win32com/makegw
./.venv/Lib/site-packages/win32com/server
./.venv/Lib/site-packages/win32com/servers
./.venv/Lib/site-packages/win32com/test
./.venv/Lib/site-packages/win32comext
./.venv/Lib/site-packages/win32comext/adsi
./.venv/Lib/site-packages/win32comext/adsi/demos
./.venv/Lib/site-packages/win32comext/authorization
./.venv/Lib/site-packages/win32comext/authorization/demos
./.venv/Lib/site-packages/win32comext/axcontrol
./.venv/Lib/site-packages/win32comext/axdebug
./.venv/Lib/site-packages/win32comext/axscript
./.venv/Lib/site-packages/win32comext/axscript/Demos
./.venv/Lib/site-packages/win32comext/axscript/Demos/client
./.venv/Lib/site-packages/win32comext/axscript/Demos/client/asp
./.venv/Lib/site-packages/win32comext/axscript/Demos/client/asp/interrupt
./.venv/Lib/site-packages/win32comext/axscript/Demos/client/ie
./.venv/Lib/site-packages/win32comext/axscript/Demos/client/wsh
./.venv/Lib/site-packages/win32comext/axscript/client
./.venv/Lib/site-packages/win32comext/axscript/server
./.venv/Lib/site-packages/win32comext/axscript/test
./.venv/Lib/site-packages/win32comext/bits
./.venv/Lib/site-packages/win32comext/bits/test
./.venv/Lib/site-packages/win32comext/directsound
./.venv/Lib/site-packages/win32comext/directsound/test
./.venv/Lib/site-packages/win32comext/ifilter
./.venv/Lib/site-packages/win32comext/ifilter/demo
./.venv/Lib/site-packages/win32comext/internet
./.venv/Lib/site-packages/win32comext/mapi
./.venv/Lib/site-packages/win32comext/mapi/demos
./.venv/Lib/site-packages/win32comext/propsys
./.venv/Lib/site-packages/win32comext/propsys/test
./.venv/Lib/site-packages/win32comext/shell
./.venv/Lib/site-packages/win32comext/shell/demos
./.venv/Lib/site-packages/win32comext/shell/demos/servers
./.venv/Lib/site-packages/win32comext/shell/test
./.venv/Lib/site-packages/win32comext/taskscheduler
./.venv/Lib/site-packages/win32comext/taskscheduler/test
./.venv/Lib/site-packages/xdist
./.venv/Lib/site-packages/xdist/scheduler
./.venv/Lib/site-packages/yaml
./.venv/Lib/site-packages/yarl
./.venv/Lib/site-packages/yarl-1.23.0.dist-info
./.venv/Lib/site-packages/yarl-1.23.0.dist-info/licenses
./.venv/Lib/site-packages/zipp
./.venv/Lib/site-packages/zipp-3.23.1.dist-info
./.venv/Lib/site-packages/zipp-3.23.1.dist-info/licenses
./.venv/Lib/site-packages/zipp/compat
./.venv/Scripts
./.venv/include
./.venv/include/site
./.venv/include/site/python3.14
./.venv/include/site/python3.14/greenlet
./agent_workspace
./agent_workspace/agents
./agent_workspace/agents/alpha
./agent_workspace/agents/alpha-brain
./agent_workspace/agents/beta
./agent_workspace/agents/gamma
./agent_workspace/agents/test
./agent_workspace/agents/test_agent
./agent_workspace/agents/test_fail_agent
./agent_workspace/agents/test_none_agent
./agent_workspace/agents/test_weather_agent
./audit
./docs
./docs/architecture
./heretek-swarm
./heretek-swarm/.actor_states
./heretek-swarm/.claude
./heretek-swarm/.claude/tdd-guard
./heretek-swarm/.claude/tdd-guard/data
./heretek-swarm/.pytest_cache
./heretek-swarm/.pytest_cache/v
./heretek-swarm/.pytest_cache/v/cache
./heretek-swarm/agent_workspace
./heretek-swarm/agent_workspace/agents
./heretek-swarm/agent_workspace/agents/alpha
./heretek-swarm/agent_workspace/agents/beta
./heretek-swarm/agent_workspace/agents/test_agent
./heretek-swarm/agent_workspace/agents/test_fail_agent
./heretek-swarm/agent_workspace/agents/test_none_agent
./heretek-swarm/agent_workspace/agents/test_weather_agent
./heretek-swarm/heretek_swarm
./heretek-swarm/heretek_swarm.egg-info
./heretek-swarm/heretek_swarm/actors
./heretek-swarm/heretek_swarm/actors/arbiter
./heretek-swarm/heretek_swarm/actors/base
./heretek-swarm/heretek_swarm/actors/chronos
./heretek-swarm/heretek_swarm/actors/coordinator
./heretek-swarm/heretek_swarm/actors/docs
./heretek-swarm/heretek_swarm/actors/dreamer
./heretek-swarm/heretek_swarm/actors/examiner
./heretek-swarm/heretek_swarm/actors/explorer
./heretek-swarm/heretek_swarm/actors/habit_forge
./heretek-swarm/heretek_swarm/actors/mixins
./heretek-swarm/heretek_swarm/actors/nexus
./heretek-swarm/heretek_swarm/actors/perceiver_plus
./heretek-swarm/heretek_swarm/actors/prism
./heretek-swarm/heretek_swarm/actors/sentinel
./heretek-swarm/heretek_swarm/actors/sentinel_prime
./heretek-swarm/heretek_swarm/actors/triad
./heretek-swarm/heretek_swarm/agent_workspace
./heretek-swarm/heretek_swarm/agents
./heretek-swarm/heretek_swarm/api
./heretek-swarm/heretek_swarm/api/agents
./heretek-swarm/heretek_swarm/audit
./heretek-swarm/heretek_swarm/channels
./heretek-swarm/heretek_swarm/cli
./heretek-swarm/heretek_swarm/collective
./heretek-swarm/heretek_swarm/collective/algorithms
./heretek-swarm/heretek_swarm/config
./heretek-swarm/heretek_swarm/consciousness
./heretek-swarm/heretek_swarm/consciousness/metrics
./heretek-swarm/heretek_swarm/consensus
./heretek-swarm/heretek_swarm/coordination
./heretek-swarm/heretek_swarm/creativity
./heretek-swarm/heretek_swarm/embeddings
./heretek-swarm/heretek_swarm/embeddings/providers
./heretek-swarm/heretek_swarm/evaluation
./heretek-swarm/heretek_swarm/gateway
./heretek-swarm/heretek_swarm/goals
./heretek-swarm/heretek_swarm/governance
./heretek-swarm/heretek_swarm/governance/integrations
./heretek-swarm/heretek_swarm/infrastructure
./heretek-swarm/heretek_swarm/infrastructure/a2a
./heretek-swarm/heretek_swarm/infrastructure/nats
./heretek-swarm/heretek_swarm/infrastructure/otel
./heretek-swarm/heretek_swarm/integrations
./heretek-swarm/heretek_swarm/interfaces
./heretek-swarm/heretek_swarm/knowledge
./heretek-swarm/heretek_swarm/llm
./heretek-swarm/heretek_swarm/llm/providers
./heretek-swarm/heretek_swarm/logging
./heretek-swarm/heretek_swarm/mcp
./heretek-swarm/heretek_swarm/memory
./heretek-swarm/heretek_swarm/models
./heretek-swarm/heretek_swarm/observability
./heretek-swarm/heretek_swarm/orchestration
./heretek-swarm/heretek_swarm/plugins
./heretek-swarm/heretek_swarm/rag
./heretek-swarm/heretek_swarm/routing
./heretek-swarm/heretek_swarm/runtime
./heretek-swarm/heretek_swarm/runtime/characters
./heretek-swarm/heretek_swarm/schemas
./heretek-swarm/heretek_swarm/security
./heretek-swarm/heretek_swarm/slices
./heretek-swarm/heretek_swarm/slices/M002
./heretek-swarm/heretek_swarm/slices/M002/S01
./heretek-swarm/heretek_swarm/state
./heretek-swarm/heretek_swarm/testing
./heretek-swarm/heretek_swarm/tools
./heretek-swarm/heretek_swarm/utils
./heretek-swarm/heretek_swarm/validation
./heretek-swarm/heretek_swarm/workflow
./heretek-swarm/tests
./migrations
./migrations/rollbacks
./migrations/scripts
./src
./src/agent_workspace
./swarm-dashboard
./swarm-dashboard/.claude-flow
./swarm-dashboard/.claude-flow/data
./swarm-dashboard/.claude-flow/sessions
./swarm-dashboard/dist
./swarm-dashboard/dist/assets
./swarm-dashboard/playwright-report
./swarm-dashboard/public
./swarm-dashboard/src
./swarm-dashboard/src/api
./swarm-dashboard/src/components
./swarm-dashboard/src/components/Agents
./swarm-dashboard/src/components/Canvas
./swarm-dashboard/src/components/Chat
./swarm-dashboard/src/components/Consciousness
./swarm-dashboard/src/components/Consciousness/__tests__
./swarm-dashboard/src/components/Dashboard
./swarm-dashboard/src/components/Deliberation
./swarm-dashboard/src/components/Deliberation/__tests__
./swarm-dashboard/src/components/Home
./swarm-dashboard/src/components/Logs
./swarm-dashboard/src/components/Observability
./swarm-dashboard/src/components/Observability/__tests__
./swarm-dashboard/src/components/Settings
./swarm-dashboard/src/components/Setup
./swarm-dashboard/src/components/UI
./swarm-dashboard/src/components/Workflow
./swarm-dashboard/src/components/WorkflowBuilder
./swarm-dashboard/src/hooks
./swarm-dashboard/src/hooks/__tests__
./swarm-dashboard/src/store
./swarm-dashboard/src/store/middleware
./swarm-dashboard/src/stores
./swarm-dashboard/src/test
./swarm-dashboard/src/types
./swarm-dashboard/src/utils
./swarm-dashboard/test-results
./swarm-dashboard/tests
./swarm-dashboard/tests/e2e
./test-results
./tests
./tests/agent_workspace
