./.venv/Lib/site-packages/_distutils_hack/__init__.py
./.venv/Lib/site-packages/_distutils_hack/override.py
./.venv/Lib/site-packages/_hypothesis_ftz_detector.py
./.venv/Lib/site-packages/_hypothesis_globals.py
./.venv/Lib/site-packages/_hypothesis_pytestplugin.py
./.venv/Lib/site-packages/_pytest/__init__.py
./.venv/Lib/site-packages/_pytest/_argcomplete.py
./.venv/Lib/site-packages/_pytest/_code/__init__.py
./.venv/Lib/site-packages/_pytest/_code/code.py
./.venv/Lib/site-packages/_pytest/_code/source.py
./.venv/Lib/site-packages/_pytest/_io/__init__.py
./.venv/Lib/site-packages/_pytest/_io/pprint.py
./.venv/Lib/site-packages/_pytest/_io/saferepr.py
./.venv/Lib/site-packages/_pytest/_io/terminalwriter.py
./.venv/Lib/site-packages/_pytest/_io/wcwidth.py
./.venv/Lib/site-packages/_pytest/_py/__init__.py
./.venv/Lib/site-packages/_pytest/_py/error.py
./.venv/Lib/site-packages/_pytest/_py/path.py
./.venv/Lib/site-packages/_pytest/_version.py
./.venv/Lib/site-packages/_pytest/assertion/__init__.py
./.venv/Lib/site-packages/_pytest/assertion/rewrite.py
./.venv/Lib/site-packages/_pytest/assertion/truncate.py
./.venv/Lib/site-packages/_pytest/assertion/util.py
./.venv/Lib/site-packages/_pytest/cacheprovider.py
./.venv/Lib/site-packages/_pytest/capture.py
./.venv/Lib/site-packages/_pytest/compat.py
./.venv/Lib/site-packages/_pytest/config/__init__.py
./.venv/Lib/site-packages/_pytest/config/argparsing.py
./.venv/Lib/site-packages/_pytest/config/compat.py
./.venv/Lib/site-packages/_pytest/config/exceptions.py
./.venv/Lib/site-packages/_pytest/config/findpaths.py
./.venv/Lib/site-packages/_pytest/debugging.py
./.venv/Lib/site-packages/_pytest/deprecated.py
./.venv/Lib/site-packages/_pytest/doctest.py
./.venv/Lib/site-packages/_pytest/faulthandler.py
./.venv/Lib/site-packages/_pytest/fixtures.py
./.venv/Lib/site-packages/_pytest/freeze_support.py
./.venv/Lib/site-packages/_pytest/helpconfig.py
./.venv/Lib/site-packages/_pytest/hookspec.py
./.venv/Lib/site-packages/_pytest/junitxml.py
./.venv/Lib/site-packages/_pytest/legacypath.py
./.venv/Lib/site-packages/_pytest/logging.py
./.venv/Lib/site-packages/_pytest/main.py
./.venv/Lib/site-packages/_pytest/mark/__init__.py
./.venv/Lib/site-packages/_pytest/mark/expression.py
./.venv/Lib/site-packages/_pytest/mark/structures.py
./.venv/Lib/site-packages/_pytest/monkeypatch.py
./.venv/Lib/site-packages/_pytest/nodes.py
./.venv/Lib/site-packages/_pytest/outcomes.py
./.venv/Lib/site-packages/_pytest/pastebin.py
./.venv/Lib/site-packages/_pytest/pathlib.py
./.venv/Lib/site-packages/_pytest/pytester.py
./.venv/Lib/site-packages/_pytest/pytester_assertions.py
./.venv/Lib/site-packages/_pytest/python.py
./.venv/Lib/site-packages/_pytest/python_api.py
./.venv/Lib/site-packages/_pytest/raises.py
./.venv/Lib/site-packages/_pytest/recwarn.py
./.venv/Lib/site-packages/_pytest/reports.py
./.venv/Lib/site-packages/_pytest/runner.py
./.venv/Lib/site-packages/_pytest/scope.py
./.venv/Lib/site-packages/_pytest/setuponly.py
./.venv/Lib/site-packages/_pytest/setupplan.py
./.venv/Lib/site-packages/_pytest/skipping.py
./.venv/Lib/site-packages/_pytest/stash.py
./.venv/Lib/site-packages/_pytest/stepwise.py
./.venv/Lib/site-packages/_pytest/subtests.py
./.venv/Lib/site-packages/_pytest/terminal.py
./.venv/Lib/site-packages/_pytest/terminalprogress.py
./.venv/Lib/site-packages/_pytest/threadexception.py
./.venv/Lib/site-packages/_pytest/timing.py
./.venv/Lib/site-packages/_pytest/tmpdir.py
./.venv/Lib/site-packages/_pytest/tracemalloc.py
./.venv/Lib/site-packages/_pytest/unittest.py
./.venv/Lib/site-packages/_pytest/unraisableexception.py
./.venv/Lib/site-packages/_pytest/warning_types.py
./.venv/Lib/site-packages/_pytest/warnings.py
./.venv/Lib/site-packages/_virtualenv.py
./.venv/Lib/site-packages/_yaml/__init__.py
./.venv/Lib/site-packages/adodbapi/__init__.py
./.venv/Lib/site-packages/adodbapi/ado_consts.py
./.venv/Lib/site-packages/adodbapi/adodbapi.py
./.venv/Lib/site-packages/adodbapi/apibase.py
./.venv/Lib/site-packages/adodbapi/examples/db_print.py
./.venv/Lib/site-packages/adodbapi/examples/db_table_names.py
./.venv/Lib/site-packages/adodbapi/examples/xls_read.py
./.venv/Lib/site-packages/adodbapi/examples/xls_write.py
./.venv/Lib/site-packages/adodbapi/is64bit.py
./.venv/Lib/site-packages/adodbapi/process_connect_string.py
./.venv/Lib/site-packages/adodbapi/schema_table.py
./.venv/Lib/site-packages/adodbapi/setup.py
./.venv/Lib/site-packages/adodbapi/test/adodbapitest.py
./.venv/Lib/site-packages/adodbapi/test/adodbapitestconfig.py
./.venv/Lib/site-packages/adodbapi/test/dbapi20.py
./.venv/Lib/site-packages/adodbapi/test/is64bit.py
./.venv/Lib/site-packages/adodbapi/test/setuptestframework.py
./.venv/Lib/site-packages/adodbapi/test/test_adodbapi_dbapi20.py
./.venv/Lib/site-packages/adodbapi/test/tryconnection.py
./.venv/Lib/site-packages/aiohappyeyeballs/__init__.py
./.venv/Lib/site-packages/aiohappyeyeballs/_staggered.py
./.venv/Lib/site-packages/aiohappyeyeballs/impl.py
./.venv/Lib/site-packages/aiohappyeyeballs/types.py
./.venv/Lib/site-packages/aiohappyeyeballs/utils.py
./.venv/Lib/site-packages/aiohttp/__init__.py
./.venv/Lib/site-packages/aiohttp/_cookie_helpers.py
./.venv/Lib/site-packages/aiohttp/_websocket/__init__.py
./.venv/Lib/site-packages/aiohttp/_websocket/helpers.py
./.venv/Lib/site-packages/aiohttp/_websocket/models.py
./.venv/Lib/site-packages/aiohttp/_websocket/reader.py
./.venv/Lib/site-packages/aiohttp/_websocket/reader_c.py
./.venv/Lib/site-packages/aiohttp/_websocket/reader_py.py
./.venv/Lib/site-packages/aiohttp/_websocket/writer.py
./.venv/Lib/site-packages/aiohttp/abc.py
./.venv/Lib/site-packages/aiohttp/base_protocol.py
./.venv/Lib/site-packages/aiohttp/client.py
./.venv/Lib/site-packages/aiohttp/client_exceptions.py
./.venv/Lib/site-packages/aiohttp/client_middleware_digest_auth.py
./.venv/Lib/site-packages/aiohttp/client_middlewares.py
./.venv/Lib/site-packages/aiohttp/client_proto.py
./.venv/Lib/site-packages/aiohttp/client_reqrep.py
./.venv/Lib/site-packages/aiohttp/client_ws.py
./.venv/Lib/site-packages/aiohttp/compression_utils.py
./.venv/Lib/site-packages/aiohttp/connector.py
./.venv/Lib/site-packages/aiohttp/cookiejar.py
./.venv/Lib/site-packages/aiohttp/formdata.py
./.venv/Lib/site-packages/aiohttp/hdrs.py
./.venv/Lib/site-packages/aiohttp/helpers.py
./.venv/Lib/site-packages/aiohttp/http.py
./.venv/Lib/site-packages/aiohttp/http_exceptions.py
./.venv/Lib/site-packages/aiohttp/http_parser.py
./.venv/Lib/site-packages/aiohttp/http_websocket.py
./.venv/Lib/site-packages/aiohttp/http_writer.py
./.venv/Lib/site-packages/aiohttp/log.py
./.venv/Lib/site-packages/aiohttp/multipart.py
./.venv/Lib/site-packages/aiohttp/payload.py
./.venv/Lib/site-packages/aiohttp/payload_streamer.py
./.venv/Lib/site-packages/aiohttp/pytest_plugin.py
./.venv/Lib/site-packages/aiohttp/resolver.py
./.venv/Lib/site-packages/aiohttp/streams.py
./.venv/Lib/site-packages/aiohttp/tcp_helpers.py
./.venv/Lib/site-packages/aiohttp/test_utils.py
./.venv/Lib/site-packages/aiohttp/tracing.py
./.venv/Lib/site-packages/aiohttp/typedefs.py
./.venv/Lib/site-packages/aiohttp/web.py
./.venv/Lib/site-packages/aiohttp/web_app.py
./.venv/Lib/site-packages/aiohttp/web_exceptions.py
./.venv/Lib/site-packages/aiohttp/web_fileresponse.py
./.venv/Lib/site-packages/aiohttp/web_log.py
./.venv/Lib/site-packages/aiohttp/web_middlewares.py
./.venv/Lib/site-packages/aiohttp/web_protocol.py
./.venv/Lib/site-packages/aiohttp/web_request.py
./.venv/Lib/site-packages/aiohttp/web_response.py
./.venv/Lib/site-packages/aiohttp/web_routedef.py
./.venv/Lib/site-packages/aiohttp/web_runner.py
./.venv/Lib/site-packages/aiohttp/web_server.py
./.venv/Lib/site-packages/aiohttp/web_urldispatcher.py
./.venv/Lib/site-packages/aiohttp/web_ws.py
./.venv/Lib/site-packages/aiohttp/worker.py
./.venv/Lib/site-packages/aiosignal/__init__.py
./.venv/Lib/site-packages/annotated_doc/__init__.py
./.venv/Lib/site-packages/annotated_doc/main.py
./.venv/Lib/site-packages/annotated_types/__init__.py
./.venv/Lib/site-packages/annotated_types/test_cases.py
./.venv/Lib/site-packages/anyio/__init__.py
./.venv/Lib/site-packages/anyio/_backends/__init__.py
./.venv/Lib/site-packages/anyio/_backends/_asyncio.py
./.venv/Lib/site-packages/anyio/_backends/_trio.py
./.venv/Lib/site-packages/anyio/_core/__init__.py
./.venv/Lib/site-packages/anyio/_core/_asyncio_selector_thread.py
./.venv/Lib/site-packages/anyio/_core/_contextmanagers.py
./.venv/Lib/site-packages/anyio/_core/_eventloop.py
./.venv/Lib/site-packages/anyio/_core/_exceptions.py
./.venv/Lib/site-packages/anyio/_core/_fileio.py
./.venv/Lib/site-packages/anyio/_core/_resources.py
./.venv/Lib/site-packages/anyio/_core/_signals.py
./.venv/Lib/site-packages/anyio/_core/_sockets.py
./.venv/Lib/site-packages/anyio/_core/_streams.py
./.venv/Lib/site-packages/anyio/_core/_subprocesses.py
./.venv/Lib/site-packages/anyio/_core/_synchronization.py
./.venv/Lib/site-packages/anyio/_core/_tasks.py
./.venv/Lib/site-packages/anyio/_core/_tempfile.py
./.venv/Lib/site-packages/anyio/_core/_testing.py
./.venv/Lib/site-packages/anyio/_core/_typedattr.py
./.venv/Lib/site-packages/anyio/abc/__init__.py
./.venv/Lib/site-packages/anyio/abc/_eventloop.py
./.venv/Lib/site-packages/anyio/abc/_resources.py
./.venv/Lib/site-packages/anyio/abc/_sockets.py
./.venv/Lib/site-packages/anyio/abc/_streams.py
./.venv/Lib/site-packages/anyio/abc/_subprocesses.py
./.venv/Lib/site-packages/anyio/abc/_tasks.py
./.venv/Lib/site-packages/anyio/abc/_testing.py
./.venv/Lib/site-packages/anyio/from_thread.py
./.venv/Lib/site-packages/anyio/functools.py
./.venv/Lib/site-packages/anyio/lowlevel.py
./.venv/Lib/site-packages/anyio/pytest_plugin.py
./.venv/Lib/site-packages/anyio/streams/__init__.py
./.venv/Lib/site-packages/anyio/streams/buffered.py
./.venv/Lib/site-packages/anyio/streams/file.py
./.venv/Lib/site-packages/anyio/streams/memory.py
./.venv/Lib/site-packages/anyio/streams/stapled.py
./.venv/Lib/site-packages/anyio/streams/text.py
./.venv/Lib/site-packages/anyio/streams/tls.py
./.venv/Lib/site-packages/anyio/to_interpreter.py
./.venv/Lib/site-packages/anyio/to_process.py
./.venv/Lib/site-packages/anyio/to_thread.py
./.venv/Lib/site-packages/ast_serialize/__init__.py
./.venv/Lib/site-packages/attr/__init__.py
./.venv/Lib/site-packages/attr/_cmp.py
./.venv/Lib/site-packages/attr/_compat.py
./.venv/Lib/site-packages/attr/_config.py
./.venv/Lib/site-packages/attr/_funcs.py
./.venv/Lib/site-packages/attr/_make.py
./.venv/Lib/site-packages/attr/_next_gen.py
./.venv/Lib/site-packages/attr/_version_info.py
./.venv/Lib/site-packages/attr/converters.py
./.venv/Lib/site-packages/attr/exceptions.py
./.venv/Lib/site-packages/attr/filters.py
./.venv/Lib/site-packages/attr/setters.py
./.venv/Lib/site-packages/attr/validators.py
./.venv/Lib/site-packages/attrs/__init__.py
./.venv/Lib/site-packages/attrs/converters.py
./.venv/Lib/site-packages/attrs/exceptions.py
./.venv/Lib/site-packages/attrs/filters.py
./.venv/Lib/site-packages/attrs/setters.py
./.venv/Lib/site-packages/attrs/validators.py
./.venv/Lib/site-packages/backoff/__init__.py
./.venv/Lib/site-packages/backoff/_async.py
./.venv/Lib/site-packages/backoff/_common.py
./.venv/Lib/site-packages/backoff/_decorator.py
./.venv/Lib/site-packages/backoff/_jitter.py
./.venv/Lib/site-packages/backoff/_sync.py
./.venv/Lib/site-packages/backoff/_typing.py
./.venv/Lib/site-packages/backoff/_wait_gen.py
./.venv/Lib/site-packages/backoff/types.py
./.venv/Lib/site-packages/certifi/__init__.py
./.venv/Lib/site-packages/certifi/__main__.py
./.venv/Lib/site-packages/certifi/core.py
./.venv/Lib/site-packages/cffi/__init__.py
./.venv/Lib/site-packages/cffi/_imp_emulation.py
./.venv/Lib/site-packages/cffi/_shimmed_dist_utils.py
./.venv/Lib/site-packages/cffi/api.py
./.venv/Lib/site-packages/cffi/backend_ctypes.py
./.venv/Lib/site-packages/cffi/cffi_opcode.py
./.venv/Lib/site-packages/cffi/commontypes.py
./.venv/Lib/site-packages/cffi/cparser.py
./.venv/Lib/site-packages/cffi/error.py
./.venv/Lib/site-packages/cffi/ffiplatform.py
./.venv/Lib/site-packages/cffi/lock.py
./.venv/Lib/site-packages/cffi/model.py
./.venv/Lib/site-packages/cffi/pkgconfig.py
./.venv/Lib/site-packages/cffi/recompiler.py
./.venv/Lib/site-packages/cffi/setuptools_ext.py
./.venv/Lib/site-packages/cffi/vengine_cpy.py
./.venv/Lib/site-packages/cffi/vengine_gen.py
./.venv/Lib/site-packages/cffi/verifier.py
./.venv/Lib/site-packages/charset_normalizer/__init__.py
./.venv/Lib/site-packages/charset_normalizer/__main__.py
./.venv/Lib/site-packages/charset_normalizer/api.py
./.venv/Lib/site-packages/charset_normalizer/cd.py
./.venv/Lib/site-packages/charset_normalizer/cli/__init__.py
./.venv/Lib/site-packages/charset_normalizer/cli/__main__.py
./.venv/Lib/site-packages/charset_normalizer/constant.py
./.venv/Lib/site-packages/charset_normalizer/legacy.py
./.venv/Lib/site-packages/charset_normalizer/md.py
./.venv/Lib/site-packages/charset_normalizer/models.py
./.venv/Lib/site-packages/charset_normalizer/utils.py
./.venv/Lib/site-packages/charset_normalizer/version.py
./.venv/Lib/site-packages/circuitbreaker.py
./.venv/Lib/site-packages/click/__init__.py
./.venv/Lib/site-packages/click/_compat.py
./.venv/Lib/site-packages/click/_termui_impl.py
./.venv/Lib/site-packages/click/_textwrap.py
./.venv/Lib/site-packages/click/_utils.py
./.venv/Lib/site-packages/click/_winconsole.py
./.venv/Lib/site-packages/click/core.py
./.venv/Lib/site-packages/click/decorators.py
./.venv/Lib/site-packages/click/exceptions.py
./.venv/Lib/site-packages/click/formatting.py
./.venv/Lib/site-packages/click/globals.py
./.venv/Lib/site-packages/click/parser.py
./.venv/Lib/site-packages/click/shell_completion.py
./.venv/Lib/site-packages/click/termui.py
./.venv/Lib/site-packages/click/testing.py
./.venv/Lib/site-packages/click/types.py
./.venv/Lib/site-packages/click/utils.py
./.venv/Lib/site-packages/colorama/__init__.py
./.venv/Lib/site-packages/colorama/ansi.py
./.venv/Lib/site-packages/colorama/ansitowin32.py
./.venv/Lib/site-packages/colorama/initialise.py
./.venv/Lib/site-packages/colorama/tests/__init__.py
./.venv/Lib/site-packages/colorama/tests/ansi_test.py
./.venv/Lib/site-packages/colorama/tests/ansitowin32_test.py
./.venv/Lib/site-packages/colorama/tests/initialise_test.py
./.venv/Lib/site-packages/colorama/tests/isatty_test.py
./.venv/Lib/site-packages/colorama/tests/utils.py
./.venv/Lib/site-packages/colorama/tests/winterm_test.py
./.venv/Lib/site-packages/colorama/win32.py
./.venv/Lib/site-packages/colorama/winterm.py
./.venv/Lib/site-packages/coverage/__init__.py
./.venv/Lib/site-packages/coverage/__main__.py
./.venv/Lib/site-packages/coverage/annotate.py
./.venv/Lib/site-packages/coverage/bytecode.py
./.venv/Lib/site-packages/coverage/cmdline.py
./.venv/Lib/site-packages/coverage/collector.py
./.venv/Lib/site-packages/coverage/config.py
./.venv/Lib/site-packages/coverage/context.py
./.venv/Lib/site-packages/coverage/control.py
./.venv/Lib/site-packages/coverage/core.py
./.venv/Lib/site-packages/coverage/data.py
./.venv/Lib/site-packages/coverage/debug.py
./.venv/Lib/site-packages/coverage/disposition.py
./.venv/Lib/site-packages/coverage/env.py
./.venv/Lib/site-packages/coverage/exceptions.py
./.venv/Lib/site-packages/coverage/execfile.py
./.venv/Lib/site-packages/coverage/files.py
./.venv/Lib/site-packages/coverage/html.py
./.venv/Lib/site-packages/coverage/inorout.py
./.venv/Lib/site-packages/coverage/jsonreport.py
./.venv/Lib/site-packages/coverage/lcovreport.py
./.venv/Lib/site-packages/coverage/misc.py
./.venv/Lib/site-packages/coverage/multiproc.py
./.venv/Lib/site-packages/coverage/numbits.py
./.venv/Lib/site-packages/coverage/parser.py
./.venv/Lib/site-packages/coverage/patch.py
./.venv/Lib/site-packages/coverage/phystokens.py
./.venv/Lib/site-packages/coverage/plugin.py
./.venv/Lib/site-packages/coverage/plugin_support.py
./.venv/Lib/site-packages/coverage/pth_file.py
./.venv/Lib/site-packages/coverage/python.py
./.venv/Lib/site-packages/coverage/pytracer.py
./.venv/Lib/site-packages/coverage/regions.py
./.venv/Lib/site-packages/coverage/report.py
./.venv/Lib/site-packages/coverage/report_core.py
./.venv/Lib/site-packages/coverage/results.py
./.venv/Lib/site-packages/coverage/sqldata.py
./.venv/Lib/site-packages/coverage/sqlitedb.py
./.venv/Lib/site-packages/coverage/sysmon.py
./.venv/Lib/site-packages/coverage/templite.py
./.venv/Lib/site-packages/coverage/tomlconfig.py
./.venv/Lib/site-packages/coverage/types.py
./.venv/Lib/site-packages/coverage/version.py
./.venv/Lib/site-packages/coverage/xmlreport.py
./.venv/Lib/site-packages/cpuinfo/__init__.py
./.venv/Lib/site-packages/cpuinfo/__main__.py
./.venv/Lib/site-packages/cpuinfo/cpuinfo.py
./.venv/Lib/site-packages/cryptography/__about__.py
./.venv/Lib/site-packages/cryptography/__init__.py
./.venv/Lib/site-packages/cryptography/exceptions.py
./.venv/Lib/site-packages/cryptography/fernet.py
./.venv/Lib/site-packages/cryptography/hazmat/__init__.py
./.venv/Lib/site-packages/cryptography/hazmat/_oid.py
./.venv/Lib/site-packages/cryptography/hazmat/asn1/__init__.py
./.venv/Lib/site-packages/cryptography/hazmat/asn1/asn1.py
./.venv/Lib/site-packages/cryptography/hazmat/backends/__init__.py
./.venv/Lib/site-packages/cryptography/hazmat/backends/openssl/__init__.py
./.venv/Lib/site-packages/cryptography/hazmat/backends/openssl/backend.py
./.venv/Lib/site-packages/cryptography/hazmat/bindings/__init__.py
./.venv/Lib/site-packages/cryptography/hazmat/bindings/openssl/__init__.py
./.venv/Lib/site-packages/cryptography/hazmat/bindings/openssl/_conditional.py
./.venv/Lib/site-packages/cryptography/hazmat/bindings/openssl/binding.py
./.venv/Lib/site-packages/cryptography/hazmat/decrepit/__init__.py
./.venv/Lib/site-packages/cryptography/hazmat/decrepit/ciphers/__init__.py
./.venv/Lib/site-packages/cryptography/hazmat/decrepit/ciphers/algorithms.py
./.venv/Lib/site-packages/cryptography/hazmat/decrepit/ciphers/modes.py
./.venv/Lib/site-packages/cryptography/hazmat/primitives/__init__.py
./.venv/Lib/site-packages/cryptography/hazmat/primitives/_asymmetric.py
./.venv/Lib/site-packages/cryptography/hazmat/primitives/_cipheralgorithm.py
./.venv/Lib/site-packages/cryptography/hazmat/primitives/_modes.py
./.venv/Lib/site-packages/cryptography/hazmat/primitives/_serialization.py
./.venv/Lib/site-packages/cryptography/hazmat/primitives/asymmetric/__init__.py
./.venv/Lib/site-packages/cryptography/hazmat/primitives/asymmetric/dh.py
./.venv/Lib/site-packages/cryptography/hazmat/primitives/asymmetric/dsa.py
./.venv/Lib/site-packages/cryptography/hazmat/primitives/asymmetric/ec.py
./.venv/Lib/site-packages/cryptography/hazmat/primitives/asymmetric/ed25519.py
./.venv/Lib/site-packages/cryptography/hazmat/primitives/asymmetric/ed448.py
./.venv/Lib/site-packages/cryptography/hazmat/primitives/asymmetric/mldsa.py
./.venv/Lib/site-packages/cryptography/hazmat/primitives/asymmetric/mlkem.py
./.venv/Lib/site-packages/cryptography/hazmat/primitives/asymmetric/padding.py
./.venv/Lib/site-packages/cryptography/hazmat/primitives/asymmetric/rsa.py
./.venv/Lib/site-packages/cryptography/hazmat/primitives/asymmetric/types.py
./.venv/Lib/site-packages/cryptography/hazmat/primitives/asymmetric/utils.py
./.venv/Lib/site-packages/cryptography/hazmat/primitives/asymmetric/x25519.py
./.venv/Lib/site-packages/cryptography/hazmat/primitives/asymmetric/x448.py
./.venv/Lib/site-packages/cryptography/hazmat/primitives/ciphers/__init__.py
./.venv/Lib/site-packages/cryptography/hazmat/primitives/ciphers/aead.py
./.venv/Lib/site-packages/cryptography/hazmat/primitives/ciphers/algorithms.py
./.venv/Lib/site-packages/cryptography/hazmat/primitives/ciphers/base.py
./.venv/Lib/site-packages/cryptography/hazmat/primitives/ciphers/modes.py
./.venv/Lib/site-packages/cryptography/hazmat/primitives/cmac.py
./.venv/Lib/site-packages/cryptography/hazmat/primitives/constant_time.py
./.venv/Lib/site-packages/cryptography/hazmat/primitives/hashes.py
./.venv/Lib/site-packages/cryptography/hazmat/primitives/hmac.py
./.venv/Lib/site-packages/cryptography/hazmat/primitives/hpke.py
./.venv/Lib/site-packages/cryptography/hazmat/primitives/kdf/__init__.py
./.venv/Lib/site-packages/cryptography/hazmat/primitives/kdf/argon2.py
./.venv/Lib/site-packages/cryptography/hazmat/primitives/kdf/concatkdf.py
./.venv/Lib/site-packages/cryptography/hazmat/primitives/kdf/hkdf.py
./.venv/Lib/site-packages/cryptography/hazmat/primitives/kdf/kbkdf.py
./.venv/Lib/site-packages/cryptography/hazmat/primitives/kdf/pbkdf2.py
./.venv/Lib/site-packages/cryptography/hazmat/primitives/kdf/scrypt.py
./.venv/Lib/site-packages/cryptography/hazmat/primitives/kdf/x963kdf.py
./.venv/Lib/site-packages/cryptography/hazmat/primitives/keywrap.py
./.venv/Lib/site-packages/cryptography/hazmat/primitives/padding.py
./.venv/Lib/site-packages/cryptography/hazmat/primitives/poly1305.py
./.venv/Lib/site-packages/cryptography/hazmat/primitives/serialization/__init__.py
./.venv/Lib/site-packages/cryptography/hazmat/primitives/serialization/base.py
./.venv/Lib/site-packages/cryptography/hazmat/primitives/serialization/pkcs12.py
./.venv/Lib/site-packages/cryptography/hazmat/primitives/serialization/pkcs7.py
./.venv/Lib/site-packages/cryptography/hazmat/primitives/serialization/ssh.py
./.venv/Lib/site-packages/cryptography/hazmat/primitives/twofactor/__init__.py
./.venv/Lib/site-packages/cryptography/hazmat/primitives/twofactor/hotp.py
./.venv/Lib/site-packages/cryptography/hazmat/primitives/twofactor/totp.py
./.venv/Lib/site-packages/cryptography/utils.py
./.venv/Lib/site-packages/cryptography/x509/__init__.py
./.venv/Lib/site-packages/cryptography/x509/base.py
./.venv/Lib/site-packages/cryptography/x509/certificate_transparency.py
./.venv/Lib/site-packages/cryptography/x509/extensions.py
./.venv/Lib/site-packages/cryptography/x509/general_name.py
./.venv/Lib/site-packages/cryptography/x509/name.py
./.venv/Lib/site-packages/cryptography/x509/ocsp.py
./.venv/Lib/site-packages/cryptography/x509/oid.py
./.venv/Lib/site-packages/cryptography/x509/verification.py
./.venv/Lib/site-packages/distro/__init__.py
./.venv/Lib/site-packages/distro/__main__.py
./.venv/Lib/site-packages/distro/distro.py
./.venv/Lib/site-packages/dotenv/__init__.py
./.venv/Lib/site-packages/dotenv/__main__.py
./.venv/Lib/site-packages/dotenv/cli.py
./.venv/Lib/site-packages/dotenv/ipython.py
./.venv/Lib/site-packages/dotenv/main.py
./.venv/Lib/site-packages/dotenv/parser.py
./.venv/Lib/site-packages/dotenv/variables.py
./.venv/Lib/site-packages/dotenv/version.py
./.venv/Lib/site-packages/execnet/__init__.py
./.venv/Lib/site-packages/execnet/_version.py
./.venv/Lib/site-packages/execnet/gateway.py
./.venv/Lib/site-packages/execnet/gateway_base.py
./.venv/Lib/site-packages/execnet/gateway_bootstrap.py
./.venv/Lib/site-packages/execnet/gateway_io.py
./.venv/Lib/site-packages/execnet/gateway_socket.py
./.venv/Lib/site-packages/execnet/multi.py
./.venv/Lib/site-packages/execnet/rsync.py
./.venv/Lib/site-packages/execnet/rsync_remote.py
./.venv/Lib/site-packages/execnet/script/__init__.py
./.venv/Lib/site-packages/execnet/script/loop_socketserver.py
./.venv/Lib/site-packages/execnet/script/quitserver.py
./.venv/Lib/site-packages/execnet/script/shell.py
./.venv/Lib/site-packages/execnet/script/socketserver.py
./.venv/Lib/site-packages/execnet/script/socketserverservice.py
./.venv/Lib/site-packages/execnet/xspec.py
./.venv/Lib/site-packages/faker/__init__.py
./.venv/Lib/site-packages/faker/__main__.py
./.venv/Lib/site-packages/faker/cli.py
./.venv/Lib/site-packages/faker/config.py
./.venv/Lib/site-packages/faker/contrib/__init__.py
./.venv/Lib/site-packages/faker/contrib/pytest/__init__.py
./.venv/Lib/site-packages/faker/contrib/pytest/plugin.py
./.venv/Lib/site-packages/faker/decode/__init__.py
./.venv/Lib/site-packages/faker/decode/codes.py
./.venv/Lib/site-packages/faker/documentor.py
./.venv/Lib/site-packages/faker/exceptions.py
./.venv/Lib/site-packages/faker/factory.py
./.venv/Lib/site-packages/faker/generator.py
./.venv/Lib/site-packages/faker/providers/__init__.py
./.venv/Lib/site-packages/faker/providers/address/__init__.py
./.venv/Lib/site-packages/faker/providers/address/ar_DZ/__init__.py
./.venv/Lib/site-packages/faker/providers/address/az_AZ/__init__.py
./.venv/Lib/site-packages/faker/providers/address/bn_BD/__init__.py
./.venv/Lib/site-packages/faker/providers/address/cs_CZ/__init__.py
./.venv/Lib/site-packages/faker/providers/address/da_DK/__init__.py
./.venv/Lib/site-packages/faker/providers/address/de/__init__.py
./.venv/Lib/site-packages/faker/providers/address/de_AT/__init__.py
./.venv/Lib/site-packages/faker/providers/address/de_CH/__init__.py
./.venv/Lib/site-packages/faker/providers/address/de_DE/__init__.py
./.venv/Lib/site-packages/faker/providers/address/el_GR/__init__.py
./.venv/Lib/site-packages/faker/providers/address/en/__init__.py
./.venv/Lib/site-packages/faker/providers/address/en_AU/__init__.py
./.venv/Lib/site-packages/faker/providers/address/en_BD/__init__.py
./.venv/Lib/site-packages/faker/providers/address/en_CA/__init__.py
./.venv/Lib/site-packages/faker/providers/address/en_GB/__init__.py
./.venv/Lib/site-packages/faker/providers/address/en_IE/__init__.py
./.venv/Lib/site-packages/faker/providers/address/en_IN/__init__.py
./.venv/Lib/site-packages/faker/providers/address/en_MS/__init__.py
./.venv/Lib/site-packages/faker/providers/address/en_NZ/__init__.py
./.venv/Lib/site-packages/faker/providers/address/en_PH/__init__.py
./.venv/Lib/site-packages/faker/providers/address/en_US/__init__.py
./.venv/Lib/site-packages/faker/providers/address/es/__init__.py
./.venv/Lib/site-packages/faker/providers/address/es_AR/__init__.py
./.venv/Lib/site-packages/faker/providers/address/es_CL/__init__.py
./.venv/Lib/site-packages/faker/providers/address/es_CO/__init__.py
./.venv/Lib/site-packages/faker/providers/address/es_ES/__init__.py
./.venv/Lib/site-packages/faker/providers/address/es_MX/__init__.py
./.venv/Lib/site-packages/faker/providers/address/fa_IR/__init__.py
./.venv/Lib/site-packages/faker/providers/address/fi_FI/__init__.py
./.venv/Lib/site-packages/faker/providers/address/fil_PH/__init__.py
./.venv/Lib/site-packages/faker/providers/address/fr_CA/__init__.py
./.venv/Lib/site-packages/faker/providers/address/fr_CH/__init__.py
./.venv/Lib/site-packages/faker/providers/address/fr_DZ/__init__.py
./.venv/Lib/site-packages/faker/providers/address/fr_FR/__init__.py
./.venv/Lib/site-packages/faker/providers/address/he_IL/__init__.py
./.venv/Lib/site-packages/faker/providers/address/hi_IN/__init__.py
./.venv/Lib/site-packages/faker/providers/address/hr_HR/__init__.py
./.venv/Lib/site-packages/faker/providers/address/hu_HU/__init__.py
./.venv/Lib/site-packages/faker/providers/address/hy_AM/__init__.py
./.venv/Lib/site-packages/faker/providers/address/id_ID/__init__.py
./.venv/Lib/site-packages/faker/providers/address/it_IT/__init__.py
./.venv/Lib/site-packages/faker/providers/address/ja_JP/__init__.py
./.venv/Lib/site-packages/faker/providers/address/ka_GE/__init__.py
./.venv/Lib/site-packages/faker/providers/address/ko_KR/__init__.py
./.venv/Lib/site-packages/faker/providers/address/ne_NP/__init__.py
./.venv/Lib/site-packages/faker/providers/address/nl_BE/__init__.py
./.venv/Lib/site-packages/faker/providers/address/nl_NL/__init__.py
./.venv/Lib/site-packages/faker/providers/address/no_NO/__init__.py
./.venv/Lib/site-packages/faker/providers/address/pl_PL/__init__.py
./.venv/Lib/site-packages/faker/providers/address/pt_BR/__init__.py
./.venv/Lib/site-packages/faker/providers/address/pt_PT/__init__.py
./.venv/Lib/site-packages/faker/providers/address/ro_RO/__init__.py
./.venv/Lib/site-packages/faker/providers/address/ru_RU/__init__.py
./.venv/Lib/site-packages/faker/providers/address/sk_SK/__init__.py
./.venv/Lib/site-packages/faker/providers/address/sl_SI/__init__.py
./.venv/Lib/site-packages/faker/providers/address/sv_SE/__init__.py
./.venv/Lib/site-packages/faker/providers/address/ta_IN/__init__.py
./.venv/Lib/site-packages/faker/providers/address/th/__init__.py
./.venv/Lib/site-packages/faker/providers/address/th_TH/__init__.py
./.venv/Lib/site-packages/faker/providers/address/tl_PH/__init__.py
./.venv/Lib/site-packages/faker/providers/address/uk_UA/__init__.py
./.venv/Lib/site-packages/faker/providers/address/vi_VN/__init__.py
./.venv/Lib/site-packages/faker/providers/address/zh_CN/__init__.py
./.venv/Lib/site-packages/faker/providers/address/zh_TW/__init__.py
./.venv/Lib/site-packages/faker/providers/address/zu_ZA/__init__.py
./.venv/Lib/site-packages/faker/providers/automotive/__init__.py
./.venv/Lib/site-packages/faker/providers/automotive/ar_BH/__init__.py
./.venv/Lib/site-packages/faker/providers/automotive/ar_JO/__init__.py
./.venv/Lib/site-packages/faker/providers/automotive/ar_PS/__init__.py
./.venv/Lib/site-packages/faker/providers/automotive/ar_SA/__init__.py
./.venv/Lib/site-packages/faker/providers/automotive/az_AZ/__init__.py
./.venv/Lib/site-packages/faker/providers/automotive/bn_BD/__init__.py
./.venv/Lib/site-packages/faker/providers/automotive/da_DK/__init__.py
./.venv/Lib/site-packages/faker/providers/automotive/de_AT/__init__.py
./.venv/Lib/site-packages/faker/providers/automotive/de_CH/__init__.py
./.venv/Lib/site-packages/faker/providers/automotive/de_DE/__init__.py
./.venv/Lib/site-packages/faker/providers/automotive/el_GR/__init__.py
./.venv/Lib/site-packages/faker/providers/automotive/en_CA/__init__.py
./.venv/Lib/site-packages/faker/providers/automotive/en_GB/__init__.py
./.venv/Lib/site-packages/faker/providers/automotive/en_NZ/__init__.py
./.venv/Lib/site-packages/faker/providers/automotive/en_PH/__init__.py
./.venv/Lib/site-packages/faker/providers/automotive/en_US/__init__.py
./.venv/Lib/site-packages/faker/providers/automotive/es_AR/__init__.py
./.venv/Lib/site-packages/faker/providers/automotive/es_CL/__init__.py
./.venv/Lib/site-packages/faker/providers/automotive/es_CO/__init__.py
./.venv/Lib/site-packages/faker/providers/automotive/es_ES/__init__.py
./.venv/Lib/site-packages/faker/providers/automotive/et_EE/__init__.py
./.venv/Lib/site-packages/faker/providers/automotive/fi_FI/__init__.py
./.venv/Lib/site-packages/faker/providers/automotive/fil_PH/__init__.py
./.venv/Lib/site-packages/faker/providers/automotive/fr_FR/__init__.py
./.venv/Lib/site-packages/faker/providers/automotive/he_IL/__init__.py
./.venv/Lib/site-packages/faker/providers/automotive/hu_HU/__init__.py
./.venv/Lib/site-packages/faker/providers/automotive/id_ID/__init__.py
./.venv/Lib/site-packages/faker/providers/automotive/it_IT/__init__.py
./.venv/Lib/site-packages/faker/providers/automotive/ja_JP/__init__.py
./.venv/Lib/site-packages/faker/providers/automotive/ko_KR/__init__.py
./.venv/Lib/site-packages/faker/providers/automotive/lt_LT/__init__.py
./.venv/Lib/site-packages/faker/providers/automotive/nl_BE/__init__.py
./.venv/Lib/site-packages/faker/providers/automotive/nl_NL/__init__.py
./.venv/Lib/site-packages/faker/providers/automotive/no_NO/__init__.py
./.venv/Lib/site-packages/faker/providers/automotive/pl_PL/__init__.py
./.venv/Lib/site-packages/faker/providers/automotive/pt_BR/__init__.py
./.venv/Lib/site-packages/faker/providers/automotive/pt_PT/__init__.py
./.venv/Lib/site-packages/faker/providers/automotive/ro_RO/__init__.py
./.venv/Lib/site-packages/faker/providers/automotive/ru_RU/__init__.py
./.venv/Lib/site-packages/faker/providers/automotive/sk_SK/__init__.py
./.venv/Lib/site-packages/faker/providers/automotive/sq_AL/__init__.py
./.venv/Lib/site-packages/faker/providers/automotive/sv_SE/__init__.py
./.venv/Lib/site-packages/faker/providers/automotive/th_TH/__init__.py
./.venv/Lib/site-packages/faker/providers/automotive/tl_PH/__init__.py
./.venv/Lib/site-packages/faker/providers/automotive/tr_TR/__init__.py
./.venv/Lib/site-packages/faker/providers/automotive/uk_UA/__init__.py
./.venv/Lib/site-packages/faker/providers/automotive/vi_VN/__init__.py
./.venv/Lib/site-packages/faker/providers/automotive/zh_CN/__init__.py
./.venv/Lib/site-packages/faker/providers/automotive/zh_TW/__init__.py
./.venv/Lib/site-packages/faker/providers/bank/__init__.py
./.venv/Lib/site-packages/faker/providers/bank/az_AZ/__init__.py
./.venv/Lib/site-packages/faker/providers/bank/bn_BD/__init__.py
./.venv/Lib/site-packages/faker/providers/bank/cs_CZ/__init__.py
./.venv/Lib/site-packages/faker/providers/bank/da_DK/__init__.py
./.venv/Lib/site-packages/faker/providers/bank/de_AT/__init__.py
./.venv/Lib/site-packages/faker/providers/bank/de_CH/__init__.py
./.venv/Lib/site-packages/faker/providers/bank/de_DE/__init__.py
./.venv/Lib/site-packages/faker/providers/bank/el_GR/__init__.py
./.venv/Lib/site-packages/faker/providers/bank/en_GB/__init__.py
./.venv/Lib/site-packages/faker/providers/bank/en_IE/__init__.py
./.venv/Lib/site-packages/faker/providers/bank/en_IN/__init__.py
./.venv/Lib/site-packages/faker/providers/bank/en_PH/__init__.py
./.venv/Lib/site-packages/faker/providers/bank/es_AR/__init__.py
./.venv/Lib/site-packages/faker/providers/bank/es_ES/__init__.py
./.venv/Lib/site-packages/faker/providers/bank/es_MX/__init__.py
./.venv/Lib/site-packages/faker/providers/bank/fa_IR/__init__.py
./.venv/Lib/site-packages/faker/providers/bank/fi_FI/__init__.py
./.venv/Lib/site-packages/faker/providers/bank/fil_PH/__init__.py
./.venv/Lib/site-packages/faker/providers/bank/fr_CH/__init__.py
./.venv/Lib/site-packages/faker/providers/bank/fr_FR/__init__.py
./.venv/Lib/site-packages/faker/providers/bank/it_CH/__init__.py
./.venv/Lib/site-packages/faker/providers/bank/it_IT/__init__.py
./.venv/Lib/site-packages/faker/providers/bank/nl_BE/__init__.py
./.venv/Lib/site-packages/faker/providers/bank/nl_NL/__init__.py
./.venv/Lib/site-packages/faker/providers/bank/no_NO/__init__.py
./.venv/Lib/site-packages/faker/providers/bank/pl_PL/__init__.py
./.venv/Lib/site-packages/faker/providers/bank/pt_PT/__init__.py
./.venv/Lib/site-packages/faker/providers/bank/ro_RO/__init__.py
./.venv/Lib/site-packages/faker/providers/bank/ru_RU/__init__.py
./.venv/Lib/site-packages/faker/providers/bank/sk_SK/__init__.py
./.venv/Lib/site-packages/faker/providers/bank/th_TH/__init__.py
./.venv/Lib/site-packages/faker/providers/bank/tl_PH/__init__.py
./.venv/Lib/site-packages/faker/providers/bank/tr_TR/__init__.py
./.venv/Lib/site-packages/faker/providers/bank/uk_UA/__init__.py
./.venv/Lib/site-packages/faker/providers/bank/zh_CN/__init__.py
./.venv/Lib/site-packages/faker/providers/barcode/__init__.py
./.venv/Lib/site-packages/faker/providers/barcode/en_CA/__init__.py
./.venv/Lib/site-packages/faker/providers/barcode/en_US/__init__.py
./.venv/Lib/site-packages/faker/providers/barcode/es_ES/__init__.py
./.venv/Lib/site-packages/faker/providers/barcode/fr_CA/__init__.py
./.venv/Lib/site-packages/faker/providers/barcode/ja_JP/__init__.py
./.venv/Lib/site-packages/faker/providers/color/__init__.py
./.venv/Lib/site-packages/faker/providers/color/ar_PS/__init__.py
./.venv/Lib/site-packages/faker/providers/color/az_AZ/__init__.py
./.venv/Lib/site-packages/faker/providers/color/bg_BG/__init__.py
./.venv/Lib/site-packages/faker/providers/color/bn_BD/__init__.py
./.venv/Lib/site-packages/faker/providers/color/color.py
./.venv/Lib/site-packages/faker/providers/color/cs_CZ/__init__.py
./.venv/Lib/site-packages/faker/providers/color/da_DK/__init__.py
./.venv/Lib/site-packages/faker/providers/color/de/__init__.py
./.venv/Lib/site-packages/faker/providers/color/de_AT/__init__.py
./.venv/Lib/site-packages/faker/providers/color/de_CH/__init__.py
./.venv/Lib/site-packages/faker/providers/color/de_DE/__init__.py
./.venv/Lib/site-packages/faker/providers/color/el_GR/__init__.py
./.venv/Lib/site-packages/faker/providers/color/en_US/__init__.py
./.venv/Lib/site-packages/faker/providers/color/es/__init__.py
./.venv/Lib/site-packages/faker/providers/color/es_CL/__init__.py
./.venv/Lib/site-packages/faker/providers/color/es_ES/__init__.py
./.venv/Lib/site-packages/faker/providers/color/fa_IR/__init__.py
./.venv/Lib/site-packages/faker/providers/color/fr_FR/__init__.py
./.venv/Lib/site-packages/faker/providers/color/he_IL/__init__.py
./.venv/Lib/site-packages/faker/providers/color/hr_HR/__init__.py
./.venv/Lib/site-packages/faker/providers/color/hu_HU/__init__.py
./.venv/Lib/site-packages/faker/providers/color/hy_AM/__init__.py
./.venv/Lib/site-packages/faker/providers/color/id_ID/__init__.py
./.venv/Lib/site-packages/faker/providers/color/ka_GE/__init__.py
./.venv/Lib/site-packages/faker/providers/color/pt_BR/__init__.py
./.venv/Lib/site-packages/faker/providers/color/ru_RU/__init__.py
./.venv/Lib/site-packages/faker/providers/color/sk_SK/__init__.py
./.venv/Lib/site-packages/faker/providers/color/th_TH/__init__.py
./.venv/Lib/site-packages/faker/providers/color/uk_UA/__init__.py
./.venv/Lib/site-packages/faker/providers/color/uz_UZ/__init__.py
./.venv/Lib/site-packages/faker/providers/color/vi_VN/__init__.py
./.venv/Lib/site-packages/faker/providers/company/__init__.py
./.venv/Lib/site-packages/faker/providers/company/ar_DZ/__init__.py
./.venv/Lib/site-packages/faker/providers/company/az_AZ/__init__.py
./.venv/Lib/site-packages/faker/providers/company/bg_BG/__init__.py
./.venv/Lib/site-packages/faker/providers/company/bn_BD/__init__.py
./.venv/Lib/site-packages/faker/providers/company/cs_CZ/__init__.py
./.venv/Lib/site-packages/faker/providers/company/da_DK/__init__.py
./.venv/Lib/site-packages/faker/providers/company/de_AT/__init__.py
./.venv/Lib/site-packages/faker/providers/company/de_CH/__init__.py
./.venv/Lib/site-packages/faker/providers/company/de_DE/__init__.py
./.venv/Lib/site-packages/faker/providers/company/el_GR/__init__.py
./.venv/Lib/site-packages/faker/providers/company/en_PH/__init__.py
./.venv/Lib/site-packages/faker/providers/company/en_US/__init__.py
./.venv/Lib/site-packages/faker/providers/company/es_CL/__init__.py
./.venv/Lib/site-packages/faker/providers/company/es_ES/__init__.py
./.venv/Lib/site-packages/faker/providers/company/es_MX/__init__.py
./.venv/Lib/site-packages/faker/providers/company/fa_IR/__init__.py
./.venv/Lib/site-packages/faker/providers/company/fi_FI/__init__.py
./.venv/Lib/site-packages/faker/providers/company/fil_PH/__init__.py
./.venv/Lib/site-packages/faker/providers/company/fr_CH/__init__.py
./.venv/Lib/site-packages/faker/providers/company/fr_DZ/__init__.py
./.venv/Lib/site-packages/faker/providers/company/fr_FR/__init__.py
./.venv/Lib/site-packages/faker/providers/company/hr_HR/__init__.py
./.venv/Lib/site-packages/faker/providers/company/hu_HU/__init__.py
./.venv/Lib/site-packages/faker/providers/company/hy_AM/__init__.py
./.venv/Lib/site-packages/faker/providers/company/id_ID/__init__.py
./.venv/Lib/site-packages/faker/providers/company/it_IT/__init__.py
./.venv/Lib/site-packages/faker/providers/company/ja_JP/__init__.py
./.venv/Lib/site-packages/faker/providers/company/ko_KR/__init__.py
./.venv/Lib/site-packages/faker/providers/company/nl_BE/__init__.py
./.venv/Lib/site-packages/faker/providers/company/nl_NL/__init__.py
./.venv/Lib/site-packages/faker/providers/company/no_NO/__init__.py
./.venv/Lib/site-packages/faker/providers/company/pl_PL/__init__.py
./.venv/Lib/site-packages/faker/providers/company/pt_BR/__init__.py
./.venv/Lib/site-packages/faker/providers/company/pt_PT/__init__.py
./.venv/Lib/site-packages/faker/providers/company/ro_RO/__init__.py
./.venv/Lib/site-packages/faker/providers/company/ru_RU/__init__.py
./.venv/Lib/site-packages/faker/providers/company/sk_SK/__init__.py
./.venv/Lib/site-packages/faker/providers/company/sl_SI/__init__.py
./.venv/Lib/site-packages/faker/providers/company/sv_SE/__init__.py
./.venv/Lib/site-packages/faker/providers/company/th_TH/__init__.py
./.venv/Lib/site-packages/faker/providers/company/tl_PH/__init__.py
./.venv/Lib/site-packages/faker/providers/company/tr_TR/__init__.py
./.venv/Lib/site-packages/faker/providers/company/vi_VN/__init__.py
./.venv/Lib/site-packages/faker/providers/company/zh_CN/__init__.py
./.venv/Lib/site-packages/faker/providers/company/zh_TW/__init__.py
./.venv/Lib/site-packages/faker/providers/credit_card/__init__.py
./.venv/Lib/site-packages/faker/providers/credit_card/en_US/__init__.py
./.venv/Lib/site-packages/faker/providers/credit_card/fa_IR/__init__.py
./.venv/Lib/site-packages/faker/providers/credit_card/pt_PT/__init__.py
./.venv/Lib/site-packages/faker/providers/credit_card/ru_RU/__init__.py
./.venv/Lib/site-packages/faker/providers/credit_card/uk_UA/__init__.py
./.venv/Lib/site-packages/faker/providers/credit_card/zh_CN/__init__.py
./.venv/Lib/site-packages/faker/providers/currency/__init__.py
./.venv/Lib/site-packages/faker/providers/currency/ar_DZ/__init__.py
./.venv/Lib/site-packages/faker/providers/currency/az_AZ/__init__.py
./.venv/Lib/site-packages/faker/providers/currency/bn_BD/__init__.py
./.venv/Lib/site-packages/faker/providers/currency/cs_CZ/__init__.py
./.venv/Lib/site-packages/faker/providers/currency/da_DK/__init__.py
./.venv/Lib/site-packages/faker/providers/currency/de/__init__.py
./.venv/Lib/site-packages/faker/providers/currency/de_AT/__init__.py
./.venv/Lib/site-packages/faker/providers/currency/de_CH/__init__.py
./.venv/Lib/site-packages/faker/providers/currency/de_DE/__init__.py
./.venv/Lib/site-packages/faker/providers/currency/el_GR/__init__.py
./.venv/Lib/site-packages/faker/providers/currency/en_AU/__init__.py
./.venv/Lib/site-packages/faker/providers/currency/en_CA/__init__.py
./.venv/Lib/site-packages/faker/providers/currency/en_US/__init__.py
./.venv/Lib/site-packages/faker/providers/currency/es/__init__.py
./.venv/Lib/site-packages/faker/providers/currency/es_AR/__init__.py
./.venv/Lib/site-packages/faker/providers/currency/es_CL/__init__.py
./.venv/Lib/site-packages/faker/providers/currency/es_ES/__init__.py
./.venv/Lib/site-packages/faker/providers/currency/fa_IR/__init__.py
./.venv/Lib/site-packages/faker/providers/currency/fr_CA/__init__.py
./.venv/Lib/site-packages/faker/providers/currency/fr_DZ/__init__.py
./.venv/Lib/site-packages/faker/providers/currency/fr_FR/__init__.py
./.venv/Lib/site-packages/faker/providers/currency/it_IT/__init__.py
./.venv/Lib/site-packages/faker/providers/currency/ng_NG/__init__.py
./.venv/Lib/site-packages/faker/providers/currency/nl_NL/__init__.py
./.venv/Lib/site-packages/faker/providers/currency/pl_PL/__init__.py
./.venv/Lib/site-packages/faker/providers/currency/pt_BR/__init__.py
./.venv/Lib/site-packages/faker/providers/currency/ro_RO/__init__.py
./.venv/Lib/site-packages/faker/providers/currency/ru_RU/__init__.py
./.venv/Lib/site-packages/faker/providers/currency/sk_SK/__init__.py
./.venv/Lib/site-packages/faker/providers/currency/sv_SE/__init__.py
./.venv/Lib/site-packages/faker/providers/currency/th_TH/__init__.py
./.venv/Lib/site-packages/faker/providers/currency/tr_TR/__init__.py
./.venv/Lib/site-packages/faker/providers/currency/uk_UA/__init__.py
./.venv/Lib/site-packages/faker/providers/currency/uz_UZ/__init__.py
./.venv/Lib/site-packages/faker/providers/currency/vi_VN/__init__.py
./.venv/Lib/site-packages/faker/providers/date_time/__init__.py
./.venv/Lib/site-packages/faker/providers/date_time/ar_AA/__init__.py
./.venv/Lib/site-packages/faker/providers/date_time/ar_DZ/__init__.py
./.venv/Lib/site-packages/faker/providers/date_time/ar_EG/__init__.py
./.venv/Lib/site-packages/faker/providers/date_time/az_AZ/__init__.py
./.venv/Lib/site-packages/faker/providers/date_time/bn_BD/__init__.py
./.venv/Lib/site-packages/faker/providers/date_time/cs_CZ/__init__.py
./.venv/Lib/site-packages/faker/providers/date_time/da_DK/__init__.py
./.venv/Lib/site-packages/faker/providers/date_time/de_AT/__init__.py
./.venv/Lib/site-packages/faker/providers/date_time/de_DE/__init__.py
./.venv/Lib/site-packages/faker/providers/date_time/el_GR/__init__.py
./.venv/Lib/site-packages/faker/providers/date_time/en_PH/__init__.py
./.venv/Lib/site-packages/faker/providers/date_time/en_US/__init__.py
./.venv/Lib/site-packages/faker/providers/date_time/es/__init__.py
./.venv/Lib/site-packages/faker/providers/date_time/es_AR/__init__.py
./.venv/Lib/site-packages/faker/providers/date_time/es_CL/__init__.py
./.venv/Lib/site-packages/faker/providers/date_time/es_ES/__init__.py
./.venv/Lib/site-packages/faker/providers/date_time/fil_PH/__init__.py
./.venv/Lib/site-packages/faker/providers/date_time/fr_CA/__init__.py
./.venv/Lib/site-packages/faker/providers/date_time/fr_DZ/__init__.py
./.venv/Lib/site-packages/faker/providers/date_time/fr_FR/__init__.py
./.venv/Lib/site-packages/faker/providers/date_time/gu_IN/__init__.py
./.venv/Lib/site-packages/faker/providers/date_time/hi_IN/__init__.py
./.venv/Lib/site-packages/faker/providers/date_time/hr_HR/__init__.py
./.venv/Lib/site-packages/faker/providers/date_time/hu_HU/__init__.py
./.venv/Lib/site-packages/faker/providers/date_time/hy_AM/__init__.py
./.venv/Lib/site-packages/faker/providers/date_time/id_ID/__init__.py
./.venv/Lib/site-packages/faker/providers/date_time/it_IT/__init__.py
./.venv/Lib/site-packages/faker/providers/date_time/ja_JP/__init__.py
./.venv/Lib/site-packages/faker/providers/date_time/ka_GE/__init__.py
./.venv/Lib/site-packages/faker/providers/date_time/ko_KR/__init__.py
./.venv/Lib/site-packages/faker/providers/date_time/nl_NL/__init__.py
./.venv/Lib/site-packages/faker/providers/date_time/no_NO/__init__.py
./.venv/Lib/site-packages/faker/providers/date_time/pl_PL/__init__.py
./.venv/Lib/site-packages/faker/providers/date_time/pt_BR/__init__.py
./.venv/Lib/site-packages/faker/providers/date_time/pt_PT/__init__.py
./.venv/Lib/site-packages/faker/providers/date_time/ro_RO/__init__.py
./.venv/Lib/site-packages/faker/providers/date_time/ru_RU/__init__.py
./.venv/Lib/site-packages/faker/providers/date_time/sk_SK/__init__.py
./.venv/Lib/site-packages/faker/providers/date_time/sl_SI/__init__.py
./.venv/Lib/site-packages/faker/providers/date_time/ta_IN/__init__.py
./.venv/Lib/site-packages/faker/providers/date_time/th_TH/__init__.py
./.venv/Lib/site-packages/faker/providers/date_time/tl_PH/__init__.py
./.venv/Lib/site-packages/faker/providers/date_time/tr_TR/__init__.py
./.venv/Lib/site-packages/faker/providers/date_time/uz_UZ/__init__.py
./.venv/Lib/site-packages/faker/providers/date_time/vi_VN/__init__.py
./.venv/Lib/site-packages/faker/providers/date_time/zh_CN/__init__.py
./.venv/Lib/site-packages/faker/providers/date_time/zh_TW/__init__.py
./.venv/Lib/site-packages/faker/providers/doi/__init__.py
./.venv/Lib/site-packages/faker/providers/emoji/__init__.py
./.venv/Lib/site-packages/faker/providers/emoji/en_US/__init__.py
./.venv/Lib/site-packages/faker/providers/file/__init__.py
./.venv/Lib/site-packages/faker/providers/file/en_US/__init__.py
./.venv/Lib/site-packages/faker/providers/geo/__init__.py
./.venv/Lib/site-packages/faker/providers/geo/ar_DZ/__init__.py
./.venv/Lib/site-packages/faker/providers/geo/bn_BD/__init__.py
./.venv/Lib/site-packages/faker/providers/geo/cs_CZ/__init__.py
./.venv/Lib/site-packages/faker/providers/geo/de_AT/__init__.py
./.venv/Lib/site-packages/faker/providers/geo/el_GR/__init__.py
./.venv/Lib/site-packages/faker/providers/geo/en_IE/__init__.py
./.venv/Lib/site-packages/faker/providers/geo/en_US/__init__.py
./.venv/Lib/site-packages/faker/providers/geo/fr_DZ/__init__.py
./.venv/Lib/site-packages/faker/providers/geo/pl_PL/__init__.py
./.venv/Lib/site-packages/faker/providers/geo/pt_PT/__init__.py
./.venv/Lib/site-packages/faker/providers/geo/sk_SK/__init__.py
./.venv/Lib/site-packages/faker/providers/geo/tr_TR/__init__.py
./.venv/Lib/site-packages/faker/providers/internet/__init__.py
./.venv/Lib/site-packages/faker/providers/internet/ar_AA/__init__.py
./.venv/Lib/site-packages/faker/providers/internet/az_AZ/__init__.py
./.venv/Lib/site-packages/faker/providers/internet/bg_BG/__init__.py
./.venv/Lib/site-packages/faker/providers/internet/bn_BD/__init__.py
./.venv/Lib/site-packages/faker/providers/internet/bs_BA/__init__.py
./.venv/Lib/site-packages/faker/providers/internet/cs_CZ/__init__.py
./.venv/Lib/site-packages/faker/providers/internet/de_AT/__init__.py
./.venv/Lib/site-packages/faker/providers/internet/de_DE/__init__.py
./.venv/Lib/site-packages/faker/providers/internet/el_GR/__init__.py
./.venv/Lib/site-packages/faker/providers/internet/en_AU/__init__.py
./.venv/Lib/site-packages/faker/providers/internet/en_GB/__init__.py
./.venv/Lib/site-packages/faker/providers/internet/en_NZ/__init__.py
./.venv/Lib/site-packages/faker/providers/internet/en_PH/__init__.py
./.venv/Lib/site-packages/faker/providers/internet/en_US/__init__.py
./.venv/Lib/site-packages/faker/providers/internet/es_AR/__init__.py
./.venv/Lib/site-packages/faker/providers/internet/es_CL/__init__.py
./.venv/Lib/site-packages/faker/providers/internet/es_ES/__init__.py
./.venv/Lib/site-packages/faker/providers/internet/fa_IR/__init__.py
./.venv/Lib/site-packages/faker/providers/internet/fi_FI/__init__.py
./.venv/Lib/site-packages/faker/providers/internet/fil_PH/__init__.py
./.venv/Lib/site-packages/faker/providers/internet/fr_CH/__init__.py
./.venv/Lib/site-packages/faker/providers/internet/fr_FR/__init__.py
./.venv/Lib/site-packages/faker/providers/internet/hr_HR/__init__.py
./.venv/Lib/site-packages/faker/providers/internet/hu_HU/__init__.py
./.venv/Lib/site-packages/faker/providers/internet/id_ID/__init__.py
./.venv/Lib/site-packages/faker/providers/internet/it_IT/__init__.py
./.venv/Lib/site-packages/faker/providers/internet/ja_JP/__init__.py
./.venv/Lib/site-packages/faker/providers/internet/ko_KR/__init__.py
./.venv/Lib/site-packages/faker/providers/internet/no_NO/__init__.py
./.venv/Lib/site-packages/faker/providers/internet/pl_PL/__init__.py
./.venv/Lib/site-packages/faker/providers/internet/pt_BR/__init__.py
./.venv/Lib/site-packages/faker/providers/internet/pt_PT/__init__.py
./.venv/Lib/site-packages/faker/providers/internet/ro_RO/__init__.py
./.venv/Lib/site-packages/faker/providers/internet/ru_RU/__init__.py
./.venv/Lib/site-packages/faker/providers/internet/sk_SK/__init__.py
./.venv/Lib/site-packages/faker/providers/internet/sl_SI/__init__.py
./.venv/Lib/site-packages/faker/providers/internet/sv_SE/__init__.py
./.venv/Lib/site-packages/faker/providers/internet/th_TH/__init__.py
./.venv/Lib/site-packages/faker/providers/internet/tl_PH/__init__.py
./.venv/Lib/site-packages/faker/providers/internet/tr_TR/__init__.py
./.venv/Lib/site-packages/faker/providers/internet/uk_UA/__init__.py
./.venv/Lib/site-packages/faker/providers/internet/zh_CN/__init__.py
./.venv/Lib/site-packages/faker/providers/internet/zh_TW/__init__.py
./.venv/Lib/site-packages/faker/providers/isbn/__init__.py
./.venv/Lib/site-packages/faker/providers/isbn/en_US/__init__.py
./.venv/Lib/site-packages/faker/providers/isbn/es_ES/__init__.py
./.venv/Lib/site-packages/faker/providers/isbn/isbn.py
./.venv/Lib/site-packages/faker/providers/job/__init__.py
./.venv/Lib/site-packages/faker/providers/job/ar_AA/__init__.py
./.venv/Lib/site-packages/faker/providers/job/ar_DZ/__init__.py
./.venv/Lib/site-packages/faker/providers/job/az_AZ/__init__.py
./.venv/Lib/site-packages/faker/providers/job/bn_BD/__init__.py
./.venv/Lib/site-packages/faker/providers/job/bs_BA/__init__.py
./.venv/Lib/site-packages/faker/providers/job/cs_CZ/__init__.py
./.venv/Lib/site-packages/faker/providers/job/da_DK/__init__.py
./.venv/Lib/site-packages/faker/providers/job/de_AT/__init__.py
./.venv/Lib/site-packages/faker/providers/job/de_DE/__init__.py
./.venv/Lib/site-packages/faker/providers/job/el_GR/__init__.py
./.venv/Lib/site-packages/faker/providers/job/en_US/__init__.py
./.venv/Lib/site-packages/faker/providers/job/es/__init__.py
./.venv/Lib/site-packages/faker/providers/job/es_AR/__init__.py
./.venv/Lib/site-packages/faker/providers/job/es_CL/__init__.py
./.venv/Lib/site-packages/faker/providers/job/es_CO/__init__.py
./.venv/Lib/site-packages/faker/providers/job/es_ES/__init__.py
./.venv/Lib/site-packages/faker/providers/job/es_MX/__init__.py
./.venv/Lib/site-packages/faker/providers/job/fa_IR/__init__.py
./.venv/Lib/site-packages/faker/providers/job/fi_FI/__init__.py
./.venv/Lib/site-packages/faker/providers/job/fr_CH/__init__.py
./.venv/Lib/site-packages/faker/providers/job/fr_DZ/__init__.py
./.venv/Lib/site-packages/faker/providers/job/fr_FR/__init__.py
./.venv/Lib/site-packages/faker/providers/job/hr_HR/__init__.py
./.venv/Lib/site-packages/faker/providers/job/hu_HU/__init__.py
./.venv/Lib/site-packages/faker/providers/job/hy_AM/__init__.py
./.venv/Lib/site-packages/faker/providers/job/ja_JP/__init__.py
./.venv/Lib/site-packages/faker/providers/job/ka_GE/__init__.py
./.venv/Lib/site-packages/faker/providers/job/ko_KR/__init__.py
./.venv/Lib/site-packages/faker/providers/job/pl_PL/__init__.py
./.venv/Lib/site-packages/faker/providers/job/pt_BR/__init__.py
./.venv/Lib/site-packages/faker/providers/job/pt_PT/__init__.py
./.venv/Lib/site-packages/faker/providers/job/ro_RO/__init__.py
./.venv/Lib/site-packages/faker/providers/job/ru_RU/__init__.py
./.venv/Lib/site-packages/faker/providers/job/sk_SK/__init__.py
./.venv/Lib/site-packages/faker/providers/job/th_TH/__init__.py
./.venv/Lib/site-packages/faker/providers/job/tr_TR/__init__.py
./.venv/Lib/site-packages/faker/providers/job/uk_UA/__init__.py
./.venv/Lib/site-packages/faker/providers/job/vi_VN/__init__.py
./.venv/Lib/site-packages/faker/providers/job/zh_CN/__init__.py
./.venv/Lib/site-packages/faker/providers/job/zh_TW/__init__.py
./.venv/Lib/site-packages/faker/providers/lorem/__init__.py
./.venv/Lib/site-packages/faker/providers/lorem/ar_AA/__init__.py
./.venv/Lib/site-packages/faker/providers/lorem/az_AZ/__init__.py
./.venv/Lib/site-packages/faker/providers/lorem/bn_BD/__init__.py
./.venv/Lib/site-packages/faker/providers/lorem/cs_CZ/__init__.py
./.venv/Lib/site-packages/faker/providers/lorem/da_DK/__init__.py
./.venv/Lib/site-packages/faker/providers/lorem/de_AT/__init__.py
./.venv/Lib/site-packages/faker/providers/lorem/de_DE/__init__.py
./.venv/Lib/site-packages/faker/providers/lorem/el_GR/__init__.py
./.venv/Lib/site-packages/faker/providers/lorem/en_PH/__init__.py
./.venv/Lib/site-packages/faker/providers/lorem/en_US/__init__.py
./.venv/Lib/site-packages/faker/providers/lorem/es_AR/__init__.py
./.venv/Lib/site-packages/faker/providers/lorem/es_ES/__init__.py
./.venv/Lib/site-packages/faker/providers/lorem/es_MX/__init__.py
./.venv/Lib/site-packages/faker/providers/lorem/fa_IR/__init__.py
./.venv/Lib/site-packages/faker/providers/lorem/fil_PH/__init__.py
./.venv/Lib/site-packages/faker/providers/lorem/fr_FR/__init__.py
./.venv/Lib/site-packages/faker/providers/lorem/he_IL/__init__.py
./.venv/Lib/site-packages/faker/providers/lorem/hy_AM/__init__.py
./.venv/Lib/site-packages/faker/providers/lorem/it_IT/__init__.py
./.venv/Lib/site-packages/faker/providers/lorem/ja_JP/__init__.py
./.venv/Lib/site-packages/faker/providers/lorem/la/__init__.py
./.venv/Lib/site-packages/faker/providers/lorem/nl_BE/__init__.py
./.venv/Lib/site-packages/faker/providers/lorem/nl_NL/__init__.py
./.venv/Lib/site-packages/faker/providers/lorem/pl_PL/__init__.py
./.venv/Lib/site-packages/faker/providers/lorem/ru_RU/__init__.py
./.venv/Lib/site-packages/faker/providers/lorem/th_TH/__init__.py
./.venv/Lib/site-packages/faker/providers/lorem/tl_PH/__init__.py
./.venv/Lib/site-packages/faker/providers/lorem/uk_UA/__init__.py
./.venv/Lib/site-packages/faker/providers/lorem/vi_VN/__init__.py
./.venv/Lib/site-packages/faker/providers/lorem/zh_CN/__init__.py
./.venv/Lib/site-packages/faker/providers/lorem/zh_TW/__init__.py
./.venv/Lib/site-packages/faker/providers/misc/__init__.py
./.venv/Lib/site-packages/faker/providers/misc/en_PH/__init__.py
./.venv/Lib/site-packages/faker/providers/misc/en_US/__init__.py
./.venv/Lib/site-packages/faker/providers/misc/fil_PH/__init__.py
./.venv/Lib/site-packages/faker/providers/misc/tl_PH/__init__.py
./.venv/Lib/site-packages/faker/providers/passport/__init__.py
./.venv/Lib/site-packages/faker/providers/passport/de_AT/__init__.py
./.venv/Lib/site-packages/faker/providers/passport/en_US/__init__.py
./.venv/Lib/site-packages/faker/providers/passport/it_IT/__init__.py
./.venv/Lib/site-packages/faker/providers/passport/ru_RU/__init__.py
./.venv/Lib/site-packages/faker/providers/person/__init__.py
./.venv/Lib/site-packages/faker/providers/person/ar_AA/__init__.py
./.venv/Lib/site-packages/faker/providers/person/ar_DZ/__init__.py
./.venv/Lib/site-packages/faker/providers/person/ar_PS/__init__.py
./.venv/Lib/site-packages/faker/providers/person/ar_SA/__init__.py
./.venv/Lib/site-packages/faker/providers/person/az_AZ/__init__.py
./.venv/Lib/site-packages/faker/providers/person/bg_BG/__init__.py
./.venv/Lib/site-packages/faker/providers/person/bn_BD/__init__.py
./.venv/Lib/site-packages/faker/providers/person/cs_CZ/__init__.py
./.venv/Lib/site-packages/faker/providers/person/da_DK/__init__.py
./.venv/Lib/site-packages/faker/providers/person/de_AT/__init__.py
./.venv/Lib/site-packages/faker/providers/person/de_CH/__init__.py
./.venv/Lib/site-packages/faker/providers/person/de_DE/__init__.py
./.venv/Lib/site-packages/faker/providers/person/de_LI/__init__.py
./.venv/Lib/site-packages/faker/providers/person/de_LU/__init__.py
./.venv/Lib/site-packages/faker/providers/person/el_GR/__init__.py
./.venv/Lib/site-packages/faker/providers/person/en/__init__.py
./.venv/Lib/site-packages/faker/providers/person/en_GB/__init__.py
./.venv/Lib/site-packages/faker/providers/person/en_IE/__init__.py
./.venv/Lib/site-packages/faker/providers/person/en_IN/__init__.py
./.venv/Lib/site-packages/faker/providers/person/en_KE/__init__.py
./.venv/Lib/site-packages/faker/providers/person/en_NG/__init__.py
./.venv/Lib/site-packages/faker/providers/person/en_NZ/__init__.py
./.venv/Lib/site-packages/faker/providers/person/en_PK/__init__.py
./.venv/Lib/site-packages/faker/providers/person/en_TH/__init__.py
./.venv/Lib/site-packages/faker/providers/person/en_US/__init__.py
./.venv/Lib/site-packages/faker/providers/person/es/__init__.py
./.venv/Lib/site-packages/faker/providers/person/es_AR/__init__.py
./.venv/Lib/site-packages/faker/providers/person/es_CA/__init__.py
./.venv/Lib/site-packages/faker/providers/person/es_CL/__init__.py
./.venv/Lib/site-packages/faker/providers/person/es_CO/__init__.py
./.venv/Lib/site-packages/faker/providers/person/es_ES/__init__.py
./.venv/Lib/site-packages/faker/providers/person/es_MX/__init__.py
./.venv/Lib/site-packages/faker/providers/person/et_EE/__init__.py
./.venv/Lib/site-packages/faker/providers/person/fa_IR/__init__.py
./.venv/Lib/site-packages/faker/providers/person/fi_FI/__init__.py
./.venv/Lib/site-packages/faker/providers/person/fr_BE/__init__.py
./.venv/Lib/site-packages/faker/providers/person/fr_CA/__init__.py
./.venv/Lib/site-packages/faker/providers/person/fr_CH/__init__.py
./.venv/Lib/site-packages/faker/providers/person/fr_DZ/__init__.py
./.venv/Lib/site-packages/faker/providers/person/fr_FR/__init__.py
./.venv/Lib/site-packages/faker/providers/person/fr_QC/__init__.py
./.venv/Lib/site-packages/faker/providers/person/ga_IE/__init__.py
./.venv/Lib/site-packages/faker/providers/person/gu_IN/__init__.py
./.venv/Lib/site-packages/faker/providers/person/ha_NG/__init__.py
./.venv/Lib/site-packages/faker/providers/person/he_IL/__init__.py
./.venv/Lib/site-packages/faker/providers/person/hi_IN/__init__.py
./.venv/Lib/site-packages/faker/providers/person/hr_HR/__init__.py
./.venv/Lib/site-packages/faker/providers/person/hu_HU/__init__.py
./.venv/Lib/site-packages/faker/providers/person/hy_AM/__init__.py
./.venv/Lib/site-packages/faker/providers/person/id_ID/__init__.py
./.venv/Lib/site-packages/faker/providers/person/ig_NG/__init__.py
./.venv/Lib/site-packages/faker/providers/person/is_IS/__init__.py
./.venv/Lib/site-packages/faker/providers/person/it_IT/__init__.py
./.venv/Lib/site-packages/faker/providers/person/ja_JP/__init__.py
./.venv/Lib/site-packages/faker/providers/person/ka_GE/__init__.py
./.venv/Lib/site-packages/faker/providers/person/ko_KR/__init__.py
./.venv/Lib/site-packages/faker/providers/person/lt_LT/__init__.py
./.venv/Lib/site-packages/faker/providers/person/lv_LV/__init__.py
./.venv/Lib/site-packages/faker/providers/person/ne_NP/__init__.py
./.venv/Lib/site-packages/faker/providers/person/nl_BE/__init__.py
./.venv/Lib/site-packages/faker/providers/person/nl_NL/__init__.py
./.venv/Lib/site-packages/faker/providers/person/no_NO/__init__.py
./.venv/Lib/site-packages/faker/providers/person/or_IN/__init__.py
./.venv/Lib/site-packages/faker/providers/person/pl_PL/__init__.py
./.venv/Lib/site-packages/faker/providers/person/pt_BR/__init__.py
./.venv/Lib/site-packages/faker/providers/person/pt_PT/__init__.py
./.venv/Lib/site-packages/faker/providers/person/ro_RO/__init__.py
./.venv/Lib/site-packages/faker/providers/person/ru_RU/__init__.py
./.venv/Lib/site-packages/faker/providers/person/sk_SK/__init__.py
./.venv/Lib/site-packages/faker/providers/person/sl_SI/__init__.py
./.venv/Lib/site-packages/faker/providers/person/sv_SE/__init__.py
./.venv/Lib/site-packages/faker/providers/person/sw/__init__.py
./.venv/Lib/site-packages/faker/providers/person/ta_IN/__init__.py
./.venv/Lib/site-packages/faker/providers/person/th_TH/__init__.py
./.venv/Lib/site-packages/faker/providers/person/tr_TR/__init__.py
./.venv/Lib/site-packages/faker/providers/person/tw_GH/__init__.py
./.venv/Lib/site-packages/faker/providers/person/uk_UA/__init__.py
./.venv/Lib/site-packages/faker/providers/person/uz_UZ/__init__.py
./.venv/Lib/site-packages/faker/providers/person/vi_VN/__init__.py
./.venv/Lib/site-packages/faker/providers/person/yo_NG/__init__.py
./.venv/Lib/site-packages/faker/providers/person/zh_CN/__init__.py
./.venv/Lib/site-packages/faker/providers/person/zh_TW/__init__.py
./.venv/Lib/site-packages/faker/providers/person/zu_ZA/__init__.py
./.venv/Lib/site-packages/faker/providers/phone_number/__init__.py
./.venv/Lib/site-packages/faker/providers/phone_number/ar_AE/__init__.py
./.venv/Lib/site-packages/faker/providers/phone_number/ar_JO/__init__.py
./.venv/Lib/site-packages/faker/providers/phone_number/ar_PS/__init__.py
./.venv/Lib/site-packages/faker/providers/phone_number/az_AZ/__init__.py
./.venv/Lib/site-packages/faker/providers/phone_number/bg_BG/__init__.py
./.venv/Lib/site-packages/faker/providers/phone_number/bn_BD/__init__.py
./.venv/Lib/site-packages/faker/providers/phone_number/bs_BA/__init__.py
./.venv/Lib/site-packages/faker/providers/phone_number/cs_CZ/__init__.py
./.venv/Lib/site-packages/faker/providers/phone_number/da_DK/__init__.py
./.venv/Lib/site-packages/faker/providers/phone_number/de_AT/__init__.py
./.venv/Lib/site-packages/faker/providers/phone_number/de_CH/__init__.py
./.venv/Lib/site-packages/faker/providers/phone_number/de_DE/__init__.py
./.venv/Lib/site-packages/faker/providers/phone_number/de_LI/__init__.py
./.venv/Lib/site-packages/faker/providers/phone_number/de_LU/__init__.py
./.venv/Lib/site-packages/faker/providers/phone_number/el_GR/__init__.py
./.venv/Lib/site-packages/faker/providers/phone_number/en_AU/__init__.py
./.venv/Lib/site-packages/faker/providers/phone_number/en_CA/__init__.py
./.venv/Lib/site-packages/faker/providers/phone_number/en_GB/__init__.py
./.venv/Lib/site-packages/faker/providers/phone_number/en_IN/__init__.py
./.venv/Lib/site-packages/faker/providers/phone_number/en_NZ/__init__.py
./.venv/Lib/site-packages/faker/providers/phone_number/en_PH/__init__.py
./.venv/Lib/site-packages/faker/providers/phone_number/en_US/__init__.py
./.venv/Lib/site-packages/faker/providers/phone_number/es_AR/__init__.py
./.venv/Lib/site-packages/faker/providers/phone_number/es_CL/__init__.py
./.venv/Lib/site-packages/faker/providers/phone_number/es_CO/__init__.py
./.venv/Lib/site-packages/faker/providers/phone_number/es_ES/__init__.py
./.venv/Lib/site-packages/faker/providers/phone_number/es_MX/__init__.py
./.venv/Lib/site-packages/faker/providers/phone_number/fa_IR/__init__.py
./.venv/Lib/site-packages/faker/providers/phone_number/fi_FI/__init__.py
./.venv/Lib/site-packages/faker/providers/phone_number/fil_PH/__init__.py
./.venv/Lib/site-packages/faker/providers/phone_number/fr_CH/__init__.py
./.venv/Lib/site-packages/faker/providers/phone_number/fr_DZ/__init__.py
./.venv/Lib/site-packages/faker/providers/phone_number/fr_FR/__init__.py
./.venv/Lib/site-packages/faker/providers/phone_number/he_IL/__init__.py
./.venv/Lib/site-packages/faker/providers/phone_number/hi_IN/__init__.py
./.venv/Lib/site-packages/faker/providers/phone_number/hr_HR/__init__.py
./.venv/Lib/site-packages/faker/providers/phone_number/hu_HU/__init__.py
./.venv/Lib/site-packages/faker/providers/phone_number/hy_AM/__init__.py
./.venv/Lib/site-packages/faker/providers/phone_number/id_ID/__init__.py
./.venv/Lib/site-packages/faker/providers/phone_number/it_CH/__init__.py
./.venv/Lib/site-packages/faker/providers/phone_number/it_IT/__init__.py
./.venv/Lib/site-packages/faker/providers/phone_number/ja_JP/__init__.py
./.venv/Lib/site-packages/faker/providers/phone_number/ka_GE/__init__.py
./.venv/Lib/site-packages/faker/providers/phone_number/ko_KR/__init__.py
./.venv/Lib/site-packages/faker/providers/phone_number/lt_LT/__init__.py
./.venv/Lib/site-packages/faker/providers/phone_number/lv_LV/__init__.py
./.venv/Lib/site-packages/faker/providers/phone_number/ne_NP/__init__.py
./.venv/Lib/site-packages/faker/providers/phone_number/nl_BE/__init__.py
./.venv/Lib/site-packages/faker/providers/phone_number/nl_NL/__init__.py
./.venv/Lib/site-packages/faker/providers/phone_number/no_NO/__init__.py
./.venv/Lib/site-packages/faker/providers/phone_number/pl_PL/__init__.py
./.venv/Lib/site-packages/faker/providers/phone_number/pt_BR/__init__.py
./.venv/Lib/site-packages/faker/providers/phone_number/pt_PT/__init__.py
./.venv/Lib/site-packages/faker/providers/phone_number/ro_RO/__init__.py
./.venv/Lib/site-packages/faker/providers/phone_number/ru_RU/__init__.py
./.venv/Lib/site-packages/faker/providers/phone_number/sk_SK/__init__.py
./.venv/Lib/site-packages/faker/providers/phone_number/sl_SI/__init__.py
./.venv/Lib/site-packages/faker/providers/phone_number/sv_SE/__init__.py
./.venv/Lib/site-packages/faker/providers/phone_number/ta_IN/__init__.py
./.venv/Lib/site-packages/faker/providers/phone_number/th_TH/__init__.py
./.venv/Lib/site-packages/faker/providers/phone_number/tl_PH/__init__.py
./.venv/Lib/site-packages/faker/providers/phone_number/tr_TR/__init__.py
./.venv/Lib/site-packages/faker/providers/phone_number/tw_GH/__init__.py
./.venv/Lib/site-packages/faker/providers/phone_number/uk_UA/__init__.py
./.venv/Lib/site-packages/faker/providers/phone_number/uz_UZ/__init__.py
./.venv/Lib/site-packages/faker/providers/phone_number/vi_VN/__init__.py
./.venv/Lib/site-packages/faker/providers/phone_number/zh_CN/__init__.py
./.venv/Lib/site-packages/faker/providers/phone_number/zh_TW/__init__.py
./.venv/Lib/site-packages/faker/providers/profile/__init__.py
./.venv/Lib/site-packages/faker/providers/profile/en_US/__init__.py
./.venv/Lib/site-packages/faker/providers/python/__init__.py
./.venv/Lib/site-packages/faker/providers/python/en_US/__init__.py
./.venv/Lib/site-packages/faker/providers/sbn/__init__.py
./.venv/Lib/site-packages/faker/providers/sbn/en_US/__init__.py
./.venv/Lib/site-packages/faker/providers/sbn/rules.py
./.venv/Lib/site-packages/faker/providers/sbn/sbn.py
./.venv/Lib/site-packages/faker/providers/ssn/__init__.py
./.venv/Lib/site-packages/faker/providers/ssn/ar_DZ/__init__.py
./.venv/Lib/site-packages/faker/providers/ssn/az_AZ/__init__.py
./.venv/Lib/site-packages/faker/providers/ssn/bg_BG/__init__.py
./.venv/Lib/site-packages/faker/providers/ssn/bn_BD/__init__.py
./.venv/Lib/site-packages/faker/providers/ssn/cs_CZ/__init__.py
./.venv/Lib/site-packages/faker/providers/ssn/de_AT/__init__.py
./.venv/Lib/site-packages/faker/providers/ssn/de_CH/__init__.py
./.venv/Lib/site-packages/faker/providers/ssn/de_DE/__init__.py
./.venv/Lib/site-packages/faker/providers/ssn/dk_DK/__init__.py
./.venv/Lib/site-packages/faker/providers/ssn/el_CY/__init__.py
./.venv/Lib/site-packages/faker/providers/ssn/el_GR/__init__.py
./.venv/Lib/site-packages/faker/providers/ssn/en_CA/__init__.py
./.venv/Lib/site-packages/faker/providers/ssn/en_GB/__init__.py
./.venv/Lib/site-packages/faker/providers/ssn/en_IE/__init__.py
./.venv/Lib/site-packages/faker/providers/ssn/en_IN/__init__.py
./.venv/Lib/site-packages/faker/providers/ssn/en_PH/__init__.py
./.venv/Lib/site-packages/faker/providers/ssn/en_US/__init__.py
./.venv/Lib/site-packages/faker/providers/ssn/es_CA/__init__.py
./.venv/Lib/site-packages/faker/providers/ssn/es_CL/__init__.py
./.venv/Lib/site-packages/faker/providers/ssn/es_CO/__init__.py
./.venv/Lib/site-packages/faker/providers/ssn/es_ES/__init__.py
./.venv/Lib/site-packages/faker/providers/ssn/es_MX/__init__.py
./.venv/Lib/site-packages/faker/providers/ssn/et_EE/__init__.py
./.venv/Lib/site-packages/faker/providers/ssn/fi_FI/__init__.py
./.venv/Lib/site-packages/faker/providers/ssn/fil_PH/__init__.py
./.venv/Lib/site-packages/faker/providers/ssn/fr_CH/__init__.py
./.venv/Lib/site-packages/faker/providers/ssn/fr_DZ/__init__.py
./.venv/Lib/site-packages/faker/providers/ssn/fr_FR/__init__.py
./.venv/Lib/site-packages/faker/providers/ssn/he_IL/__init__.py
./.venv/Lib/site-packages/faker/providers/ssn/hr_HR/__init__.py
./.venv/Lib/site-packages/faker/providers/ssn/hu_HU/__init__.py
./.venv/Lib/site-packages/faker/providers/ssn/it_IT/__init__.py
./.venv/Lib/site-packages/faker/providers/ssn/ko_KR/__init__.py
./.venv/Lib/site-packages/faker/providers/ssn/lb_LU/__init__.py
./.venv/Lib/site-packages/faker/providers/ssn/lt_LT/__init__.py
./.venv/Lib/site-packages/faker/providers/ssn/lv_LV/__init__.py
./.venv/Lib/site-packages/faker/providers/ssn/mt_MT/__init__.py
./.venv/Lib/site-packages/faker/providers/ssn/nl_BE/__init__.py
./.venv/Lib/site-packages/faker/providers/ssn/nl_NL/__init__.py
./.venv/Lib/site-packages/faker/providers/ssn/no_NO/__init__.py
./.venv/Lib/site-packages/faker/providers/ssn/pl_PL/__init__.py
./.venv/Lib/site-packages/faker/providers/ssn/pt_BR/__init__.py
./.venv/Lib/site-packages/faker/providers/ssn/pt_PT/__init__.py
./.venv/Lib/site-packages/faker/providers/ssn/ro_RO/__init__.py
./.venv/Lib/site-packages/faker/providers/ssn/ru_RU/__init__.py
./.venv/Lib/site-packages/faker/providers/ssn/sk_SK/__init__.py
./.venv/Lib/site-packages/faker/providers/ssn/sl_SI/__init__.py
./.venv/Lib/site-packages/faker/providers/ssn/sv_SE/__init__.py
./.venv/Lib/site-packages/faker/providers/ssn/th_TH/__init__.py
./.venv/Lib/site-packages/faker/providers/ssn/tl_PH/__init__.py
./.venv/Lib/site-packages/faker/providers/ssn/tr_TR/__init__.py
./.venv/Lib/site-packages/faker/providers/ssn/uk_UA/__init__.py
./.venv/Lib/site-packages/faker/providers/ssn/zh_CN/__init__.py
./.venv/Lib/site-packages/faker/providers/ssn/zh_TW/__init__.py
./.venv/Lib/site-packages/faker/providers/user_agent/__init__.py
./.venv/Lib/site-packages/faker/providers/user_agent/en_US/__init__.py
./.venv/Lib/site-packages/faker/proxy.py
./.venv/Lib/site-packages/faker/sphinx/__init__.py
./.venv/Lib/site-packages/faker/sphinx/autodoc.py
./.venv/Lib/site-packages/faker/sphinx/docstring.py
./.venv/Lib/site-packages/faker/sphinx/documentor.py
./.venv/Lib/site-packages/faker/sphinx/validator.py
./.venv/Lib/site-packages/faker/typing.py
./.venv/Lib/site-packages/faker/utils/__init__.py
./.venv/Lib/site-packages/faker/utils/checksums.py
./.venv/Lib/site-packages/faker/utils/datasets.py
./.venv/Lib/site-packages/faker/utils/decorators.py
./.venv/Lib/site-packages/faker/utils/distribution.py
./.venv/Lib/site-packages/faker/utils/loading.py
./.venv/Lib/site-packages/faker/utils/text.py
./.venv/Lib/site-packages/fastapi/__init__.py
./.venv/Lib/site-packages/fastapi/__main__.py
./.venv/Lib/site-packages/fastapi/_compat/__init__.py
./.venv/Lib/site-packages/fastapi/_compat/shared.py
./.venv/Lib/site-packages/fastapi/_compat/v2.py
./.venv/Lib/site-packages/fastapi/applications.py
./.venv/Lib/site-packages/fastapi/background.py
./.venv/Lib/site-packages/fastapi/cli.py
./.venv/Lib/site-packages/fastapi/concurrency.py
./.venv/Lib/site-packages/fastapi/datastructures.py
./.venv/Lib/site-packages/fastapi/dependencies/__init__.py
./.venv/Lib/site-packages/fastapi/dependencies/models.py
./.venv/Lib/site-packages/fastapi/dependencies/utils.py
./.venv/Lib/site-packages/fastapi/encoders.py
./.venv/Lib/site-packages/fastapi/exception_handlers.py
./.venv/Lib/site-packages/fastapi/exceptions.py
./.venv/Lib/site-packages/fastapi/logger.py
./.venv/Lib/site-packages/fastapi/middleware/__init__.py
./.venv/Lib/site-packages/fastapi/middleware/asyncexitstack.py
./.venv/Lib/site-packages/fastapi/middleware/cors.py
./.venv/Lib/site-packages/fastapi/middleware/gzip.py
./.venv/Lib/site-packages/fastapi/middleware/httpsredirect.py
./.venv/Lib/site-packages/fastapi/middleware/trustedhost.py
./.venv/Lib/site-packages/fastapi/middleware/wsgi.py
./.venv/Lib/site-packages/fastapi/openapi/__init__.py
./.venv/Lib/site-packages/fastapi/openapi/constants.py
./.venv/Lib/site-packages/fastapi/openapi/docs.py
./.venv/Lib/site-packages/fastapi/openapi/models.py
./.venv/Lib/site-packages/fastapi/openapi/utils.py
./.venv/Lib/site-packages/fastapi/param_functions.py
./.venv/Lib/site-packages/fastapi/params.py
./.venv/Lib/site-packages/fastapi/requests.py
./.venv/Lib/site-packages/fastapi/responses.py
./.venv/Lib/site-packages/fastapi/routing.py
./.venv/Lib/site-packages/fastapi/security/__init__.py
./.venv/Lib/site-packages/fastapi/security/api_key.py
./.venv/Lib/site-packages/fastapi/security/base.py
./.venv/Lib/site-packages/fastapi/security/http.py
./.venv/Lib/site-packages/fastapi/security/oauth2.py
./.venv/Lib/site-packages/fastapi/security/open_id_connect_url.py
./.venv/Lib/site-packages/fastapi/security/utils.py
./.venv/Lib/site-packages/fastapi/sse.py
./.venv/Lib/site-packages/fastapi/staticfiles.py
./.venv/Lib/site-packages/fastapi/templating.py
./.venv/Lib/site-packages/fastapi/testclient.py
./.venv/Lib/site-packages/fastapi/types.py
./.venv/Lib/site-packages/fastapi/utils.py
./.venv/Lib/site-packages/fastapi/websockets.py
./.venv/Lib/site-packages/fastuuid/__init__.py
./.venv/Lib/site-packages/filelock/__init__.py
./.venv/Lib/site-packages/filelock/_api.py
./.venv/Lib/site-packages/filelock/_async_read_write.py
./.venv/Lib/site-packages/filelock/_error.py
./.venv/Lib/site-packages/filelock/_read_write.py
./.venv/Lib/site-packages/filelock/_soft.py
./.venv/Lib/site-packages/filelock/_soft_rw/__init__.py
./.venv/Lib/site-packages/filelock/_soft_rw/_async.py
./.venv/Lib/site-packages/filelock/_soft_rw/_sync.py
./.venv/Lib/site-packages/filelock/_unix.py
./.venv/Lib/site-packages/filelock/_util.py
./.venv/Lib/site-packages/filelock/_windows.py
./.venv/Lib/site-packages/filelock/asyncio.py
./.venv/Lib/site-packages/filelock/version.py
./.venv/Lib/site-packages/frozenlist/__init__.py
./.venv/Lib/site-packages/fsspec/__init__.py
./.venv/Lib/site-packages/fsspec/_version.py
./.venv/Lib/site-packages/fsspec/archive.py
./.venv/Lib/site-packages/fsspec/asyn.py
./.venv/Lib/site-packages/fsspec/caching.py
./.venv/Lib/site-packages/fsspec/callbacks.py
./.venv/Lib/site-packages/fsspec/compression.py
./.venv/Lib/site-packages/fsspec/config.py
./.venv/Lib/site-packages/fsspec/conftest.py
./.venv/Lib/site-packages/fsspec/core.py
./.venv/Lib/site-packages/fsspec/dircache.py
./.venv/Lib/site-packages/fsspec/exceptions.py
./.venv/Lib/site-packages/fsspec/fuse.py
./.venv/Lib/site-packages/fsspec/generic.py
./.venv/Lib/site-packages/fsspec/gui.py
./.venv/Lib/site-packages/fsspec/implementations/__init__.py
./.venv/Lib/site-packages/fsspec/implementations/arrow.py
./.venv/Lib/site-packages/fsspec/implementations/asyn_wrapper.py
./.venv/Lib/site-packages/fsspec/implementations/cache_mapper.py
./.venv/Lib/site-packages/fsspec/implementations/cache_metadata.py
./.venv/Lib/site-packages/fsspec/implementations/cached.py
./.venv/Lib/site-packages/fsspec/implementations/chained.py
./.venv/Lib/site-packages/fsspec/implementations/dask.py
./.venv/Lib/site-packages/fsspec/implementations/data.py
./.venv/Lib/site-packages/fsspec/implementations/dbfs.py
./.venv/Lib/site-packages/fsspec/implementations/dirfs.py
./.venv/Lib/site-packages/fsspec/implementations/ftp.py
./.venv/Lib/site-packages/fsspec/implementations/gist.py
./.venv/Lib/site-packages/fsspec/implementations/git.py
./.venv/Lib/site-packages/fsspec/implementations/github.py
./.venv/Lib/site-packages/fsspec/implementations/http.py
./.venv/Lib/site-packages/fsspec/implementations/http_sync.py
./.venv/Lib/site-packages/fsspec/implementations/jupyter.py
./.venv/Lib/site-packages/fsspec/implementations/libarchive.py
./.venv/Lib/site-packages/fsspec/implementations/local.py
./.venv/Lib/site-packages/fsspec/implementations/memory.py
./.venv/Lib/site-packages/fsspec/implementations/reference.py
./.venv/Lib/site-packages/fsspec/implementations/sftp.py
./.venv/Lib/site-packages/fsspec/implementations/smb.py
./.venv/Lib/site-packages/fsspec/implementations/tar.py
./.venv/Lib/site-packages/fsspec/implementations/webhdfs.py
./.venv/Lib/site-packages/fsspec/implementations/zip.py
./.venv/Lib/site-packages/fsspec/json.py
./.venv/Lib/site-packages/fsspec/mapping.py
./.venv/Lib/site-packages/fsspec/parquet.py
./.venv/Lib/site-packages/fsspec/registry.py
./.venv/Lib/site-packages/fsspec/spec.py
./.venv/Lib/site-packages/fsspec/tests/abstract/__init__.py
./.venv/Lib/site-packages/fsspec/tests/abstract/common.py
./.venv/Lib/site-packages/fsspec/tests/abstract/copy.py
./.venv/Lib/site-packages/fsspec/tests/abstract/get.py
./.venv/Lib/site-packages/fsspec/tests/abstract/mv.py
./.venv/Lib/site-packages/fsspec/tests/abstract/open.py
./.venv/Lib/site-packages/fsspec/tests/abstract/pipe.py
./.venv/Lib/site-packages/fsspec/tests/abstract/put.py
./.venv/Lib/site-packages/fsspec/transaction.py
./.venv/Lib/site-packages/fsspec/utils.py
./.venv/Lib/site-packages/google/api/annotations_pb2.py
./.venv/Lib/site-packages/google/api/auth_pb2.py
./.venv/Lib/site-packages/google/api/backend_pb2.py
./.venv/Lib/site-packages/google/api/billing_pb2.py
./.venv/Lib/site-packages/google/api/client_pb2.py
./.venv/Lib/site-packages/google/api/config_change_pb2.py
./.venv/Lib/site-packages/google/api/consumer_pb2.py
./.venv/Lib/site-packages/google/api/context_pb2.py
./.venv/Lib/site-packages/google/api/control_pb2.py
./.venv/Lib/site-packages/google/api/distribution_pb2.py
./.venv/Lib/site-packages/google/api/documentation_pb2.py
./.venv/Lib/site-packages/google/api/endpoint_pb2.py
./.venv/Lib/site-packages/google/api/error_reason_pb2.py
./.venv/Lib/site-packages/google/api/field_behavior_pb2.py
./.venv/Lib/site-packages/google/api/field_info_pb2.py
./.venv/Lib/site-packages/google/api/http_pb2.py
./.venv/Lib/site-packages/google/api/httpbody_pb2.py
./.venv/Lib/site-packages/google/api/label_pb2.py
./.venv/Lib/site-packages/google/api/launch_stage_pb2.py
./.venv/Lib/site-packages/google/api/log_pb2.py
./.venv/Lib/site-packages/google/api/logging_pb2.py
./.venv/Lib/site-packages/google/api/metric_pb2.py
./.venv/Lib/site-packages/google/api/monitored_resource_pb2.py
./.venv/Lib/site-packages/google/api/monitoring_pb2.py
./.venv/Lib/site-packages/google/api/policy_pb2.py
./.venv/Lib/site-packages/google/api/quota_pb2.py
./.venv/Lib/site-packages/google/api/resource_pb2.py
./.venv/Lib/site-packages/google/api/routing_pb2.py
./.venv/Lib/site-packages/google/api/service_pb2.py
./.venv/Lib/site-packages/google/api/source_info_pb2.py
./.venv/Lib/site-packages/google/api/system_parameter_pb2.py
./.venv/Lib/site-packages/google/api/usage_pb2.py
./.venv/Lib/site-packages/google/api/visibility_pb2.py
./.venv/Lib/site-packages/google/cloud/common_resources_pb2.py
./.venv/Lib/site-packages/google/cloud/extended_operations_pb2.py
./.venv/Lib/site-packages/google/cloud/location/locations_pb2.py
./.venv/Lib/site-packages/google/gapic/metadata/gapic_metadata_pb2.py
./.venv/Lib/site-packages/google/logging/type/http_request_pb2.py
./.venv/Lib/site-packages/google/logging/type/log_severity_pb2.py
./.venv/Lib/site-packages/google/longrunning/operations_grpc.py
./.venv/Lib/site-packages/google/longrunning/operations_grpc_pb2.py
./.venv/Lib/site-packages/google/longrunning/operations_pb2.py
./.venv/Lib/site-packages/google/longrunning/operations_pb2_grpc.py
./.venv/Lib/site-packages/google/longrunning/operations_proto.py
./.venv/Lib/site-packages/google/longrunning/operations_proto_pb2.py
./.venv/Lib/site-packages/google/protobuf/__init__.py
./.venv/Lib/site-packages/google/protobuf/any.py
./.venv/Lib/site-packages/google/protobuf/any_pb2.py
./.venv/Lib/site-packages/google/protobuf/api_pb2.py
./.venv/Lib/site-packages/google/protobuf/compiler/__init__.py
./.venv/Lib/site-packages/google/protobuf/compiler/plugin_pb2.py
./.venv/Lib/site-packages/google/protobuf/descriptor.py
./.venv/Lib/site-packages/google/protobuf/descriptor_database.py
./.venv/Lib/site-packages/google/protobuf/descriptor_pb2.py
./.venv/Lib/site-packages/google/protobuf/descriptor_pool.py
./.venv/Lib/site-packages/google/protobuf/duration.py
./.venv/Lib/site-packages/google/protobuf/duration_pb2.py
./.venv/Lib/site-packages/google/protobuf/empty_pb2.py
./.venv/Lib/site-packages/google/protobuf/field_mask_pb2.py
./.venv/Lib/site-packages/google/protobuf/internal/__init__.py
./.venv/Lib/site-packages/google/protobuf/internal/api_implementation.py
./.venv/Lib/site-packages/google/protobuf/internal/builder.py
./.venv/Lib/site-packages/google/protobuf/internal/containers.py
./.venv/Lib/site-packages/google/protobuf/internal/decoder.py
./.venv/Lib/site-packages/google/protobuf/internal/encoder.py
./.venv/Lib/site-packages/google/protobuf/internal/enum_type_wrapper.py
./.venv/Lib/site-packages/google/protobuf/internal/extension_dict.py
./.venv/Lib/site-packages/google/protobuf/internal/field_mask.py
./.venv/Lib/site-packages/google/protobuf/internal/message_listener.py
./.venv/Lib/site-packages/google/protobuf/internal/python_edition_defaults.py
./.venv/Lib/site-packages/google/protobuf/internal/python_message.py
./.venv/Lib/site-packages/google/protobuf/internal/testing_refleaks.py
./.venv/Lib/site-packages/google/protobuf/internal/type_checkers.py
./.venv/Lib/site-packages/google/protobuf/internal/well_known_types.py
./.venv/Lib/site-packages/google/protobuf/internal/wire_format.py
./.venv/Lib/site-packages/google/protobuf/json_format.py
./.venv/Lib/site-packages/google/protobuf/message.py
./.venv/Lib/site-packages/google/protobuf/message_factory.py
./.venv/Lib/site-packages/google/protobuf/proto.py
./.venv/Lib/site-packages/google/protobuf/proto_builder.py
./.venv/Lib/site-packages/google/protobuf/proto_json.py
./.venv/Lib/site-packages/google/protobuf/proto_text.py
./.venv/Lib/site-packages/google/protobuf/pyext/__init__.py
./.venv/Lib/site-packages/google/protobuf/pyext/cpp_message.py
./.venv/Lib/site-packages/google/protobuf/reflection.py
./.venv/Lib/site-packages/google/protobuf/runtime_version.py
./.venv/Lib/site-packages/google/protobuf/service_reflection.py
./.venv/Lib/site-packages/google/protobuf/source_context_pb2.py
./.venv/Lib/site-packages/google/protobuf/struct_pb2.py
./.venv/Lib/site-packages/google/protobuf/symbol_database.py
./.venv/Lib/site-packages/google/protobuf/testdata/__init__.py
./.venv/Lib/site-packages/google/protobuf/text_encoding.py
./.venv/Lib/site-packages/google/protobuf/text_format.py
./.venv/Lib/site-packages/google/protobuf/timestamp.py
./.venv/Lib/site-packages/google/protobuf/timestamp_pb2.py
./.venv/Lib/site-packages/google/protobuf/type_pb2.py
./.venv/Lib/site-packages/google/protobuf/unknown_fields.py
./.venv/Lib/site-packages/google/protobuf/util/__init__.py
./.venv/Lib/site-packages/google/protobuf/wrappers_pb2.py
./.venv/Lib/site-packages/google/rpc/code_pb2.py
./.venv/Lib/site-packages/google/rpc/context/attribute_context_pb2.py
./.venv/Lib/site-packages/google/rpc/context/audit_context_pb2.py
./.venv/Lib/site-packages/google/rpc/error_details_pb2.py
./.venv/Lib/site-packages/google/rpc/http_pb2.py
./.venv/Lib/site-packages/google/rpc/status_pb2.py
./.venv/Lib/site-packages/google/type/calendar_period_pb2.py
./.venv/Lib/site-packages/google/type/color_pb2.py
./.venv/Lib/site-packages/google/type/date_pb2.py
./.venv/Lib/site-packages/google/type/datetime_pb2.py
./.venv/Lib/site-packages/google/type/dayofweek_pb2.py
./.venv/Lib/site-packages/google/type/decimal_pb2.py
./.venv/Lib/site-packages/google/type/expr_pb2.py
./.venv/Lib/site-packages/google/type/fraction_pb2.py
./.venv/Lib/site-packages/google/type/interval_pb2.py
./.venv/Lib/site-packages/google/type/latlng_pb2.py
./.venv/Lib/site-packages/google/type/localized_text_pb2.py
./.venv/Lib/site-packages/google/type/money_pb2.py
./.venv/Lib/site-packages/google/type/month_pb2.py
./.venv/Lib/site-packages/google/type/phone_number_pb2.py
./.venv/Lib/site-packages/google/type/postal_address_pb2.py
./.venv/Lib/site-packages/google/type/quaternion_pb2.py
./.venv/Lib/site-packages/google/type/timeofday_pb2.py
./.venv/Lib/site-packages/greenlet/__init__.py
./.venv/Lib/site-packages/greenlet/platform/__init__.py
./.venv/Lib/site-packages/greenlet/tests/__init__.py
./.venv/Lib/site-packages/greenlet/tests/fail_clearing_run_switches.py
./.venv/Lib/site-packages/greenlet/tests/fail_cpp_exception.py
./.venv/Lib/site-packages/greenlet/tests/fail_initialstub_already_started.py
./.venv/Lib/site-packages/greenlet/tests/fail_slp_switch.py
./.venv/Lib/site-packages/greenlet/tests/fail_switch_three_greenlets.py
./.venv/Lib/site-packages/greenlet/tests/fail_switch_three_greenlets2.py
./.venv/Lib/site-packages/greenlet/tests/fail_switch_two_greenlets.py
./.venv/Lib/site-packages/greenlet/tests/leakcheck.py
./.venv/Lib/site-packages/greenlet/tests/test_contextvars.py
./.venv/Lib/site-packages/greenlet/tests/test_cpp.py
./.venv/Lib/site-packages/greenlet/tests/test_extension_interface.py
./.venv/Lib/site-packages/greenlet/tests/test_gc.py
./.venv/Lib/site-packages/greenlet/tests/test_generator.py
./.venv/Lib/site-packages/greenlet/tests/test_generator_nested.py
./.venv/Lib/site-packages/greenlet/tests/test_greenlet.py
./.venv/Lib/site-packages/greenlet/tests/test_greenlet_trash.py
./.venv/Lib/site-packages/greenlet/tests/test_interpreter_shutdown.py
./.venv/Lib/site-packages/greenlet/tests/test_leaks.py
./.venv/Lib/site-packages/greenlet/tests/test_stack_saved.py
./.venv/Lib/site-packages/greenlet/tests/test_throw.py
./.venv/Lib/site-packages/greenlet/tests/test_tracing.py
./.venv/Lib/site-packages/greenlet/tests/test_version.py
./.venv/Lib/site-packages/greenlet/tests/test_weakref.py
./.venv/Lib/site-packages/grpc/__init__.py
./.venv/Lib/site-packages/grpc/_auth.py
./.venv/Lib/site-packages/grpc/_channel.py
./.venv/Lib/site-packages/grpc/_common.py
./.venv/Lib/site-packages/grpc/_compression.py
./.venv/Lib/site-packages/grpc/_cython/__init__.py
./.venv/Lib/site-packages/grpc/_cython/_cygrpc/__init__.py
./.venv/Lib/site-packages/grpc/_grpcio_metadata.py
./.venv/Lib/site-packages/grpc/_interceptor.py
./.venv/Lib/site-packages/grpc/_observability.py
./.venv/Lib/site-packages/grpc/_plugin_wrapping.py
./.venv/Lib/site-packages/grpc/_runtime_protos.py
./.venv/Lib/site-packages/grpc/_server.py
./.venv/Lib/site-packages/grpc/_simple_stubs.py
./.venv/Lib/site-packages/grpc/_typing.py
./.venv/Lib/site-packages/grpc/_utilities.py
./.venv/Lib/site-packages/grpc/aio/__init__.py
./.venv/Lib/site-packages/grpc/aio/_base_call.py
./.venv/Lib/site-packages/grpc/aio/_base_channel.py
./.venv/Lib/site-packages/grpc/aio/_base_server.py
./.venv/Lib/site-packages/grpc/aio/_call.py
./.venv/Lib/site-packages/grpc/aio/_channel.py
./.venv/Lib/site-packages/grpc/aio/_interceptor.py
./.venv/Lib/site-packages/grpc/aio/_metadata.py
./.venv/Lib/site-packages/grpc/aio/_server.py
./.venv/Lib/site-packages/grpc/aio/_typing.py
./.venv/Lib/site-packages/grpc/aio/_utils.py
./.venv/Lib/site-packages/grpc/beta/__init__.py
./.venv/Lib/site-packages/grpc/beta/_client_adaptations.py
./.venv/Lib/site-packages/grpc/beta/_metadata.py
./.venv/Lib/site-packages/grpc/beta/_server_adaptations.py
./.venv/Lib/site-packages/grpc/beta/implementations.py
./.venv/Lib/site-packages/grpc/beta/interfaces.py
./.venv/Lib/site-packages/grpc/beta/utilities.py
./.venv/Lib/site-packages/grpc/experimental/__init__.py
./.venv/Lib/site-packages/grpc/experimental/aio/__init__.py
./.venv/Lib/site-packages/grpc/experimental/gevent.py
./.venv/Lib/site-packages/grpc/experimental/session_cache.py
./.venv/Lib/site-packages/grpc/framework/__init__.py
./.venv/Lib/site-packages/grpc/framework/common/__init__.py
./.venv/Lib/site-packages/grpc/framework/common/cardinality.py
./.venv/Lib/site-packages/grpc/framework/common/style.py
./.venv/Lib/site-packages/grpc/framework/foundation/__init__.py
./.venv/Lib/site-packages/grpc/framework/foundation/abandonment.py
./.venv/Lib/site-packages/grpc/framework/foundation/callable_util.py
./.venv/Lib/site-packages/grpc/framework/foundation/future.py
./.venv/Lib/site-packages/grpc/framework/foundation/logging_pool.py
./.venv/Lib/site-packages/grpc/framework/foundation/stream.py
./.venv/Lib/site-packages/grpc/framework/foundation/stream_util.py
./.venv/Lib/site-packages/grpc/framework/interfaces/__init__.py
./.venv/Lib/site-packages/grpc/framework/interfaces/base/__init__.py
./.venv/Lib/site-packages/grpc/framework/interfaces/base/base.py
./.venv/Lib/site-packages/grpc/framework/interfaces/base/utilities.py
./.venv/Lib/site-packages/grpc/framework/interfaces/face/__init__.py
./.venv/Lib/site-packages/grpc/framework/interfaces/face/face.py
./.venv/Lib/site-packages/grpc/framework/interfaces/face/utilities.py
./.venv/Lib/site-packages/h11/__init__.py
./.venv/Lib/site-packages/h11/_abnf.py
./.venv/Lib/site-packages/h11/_connection.py
./.venv/Lib/site-packages/h11/_events.py
./.venv/Lib/site-packages/h11/_headers.py
./.venv/Lib/site-packages/h11/_readers.py
./.venv/Lib/site-packages/h11/_receivebuffer.py
./.venv/Lib/site-packages/h11/_state.py
./.venv/Lib/site-packages/h11/_util.py
./.venv/Lib/site-packages/h11/_version.py
./.venv/Lib/site-packages/h11/_writers.py
./.venv/Lib/site-packages/h2/__init__.py
./.venv/Lib/site-packages/h2/config.py
./.venv/Lib/site-packages/h2/connection.py
./.venv/Lib/site-packages/h2/errors.py
./.venv/Lib/site-packages/h2/events.py
./.venv/Lib/site-packages/h2/exceptions.py
./.venv/Lib/site-packages/h2/frame_buffer.py
./.venv/Lib/site-packages/h2/settings.py
./.venv/Lib/site-packages/h2/stream.py
./.venv/Lib/site-packages/h2/utilities.py
./.venv/Lib/site-packages/h2/windows.py
./.venv/Lib/site-packages/hf_xet/__init__.py
./.venv/Lib/site-packages/hpack/__init__.py
./.venv/Lib/site-packages/hpack/exceptions.py
./.venv/Lib/site-packages/hpack/hpack.py
./.venv/Lib/site-packages/hpack/huffman.py
./.venv/Lib/site-packages/hpack/huffman_constants.py
./.venv/Lib/site-packages/hpack/huffman_table.py
./.venv/Lib/site-packages/hpack/struct.py
./.venv/Lib/site-packages/hpack/table.py
./.venv/Lib/site-packages/httpcore/__init__.py
./.venv/Lib/site-packages/httpcore/_api.py
./.venv/Lib/site-packages/httpcore/_async/__init__.py
./.venv/Lib/site-packages/httpcore/_async/connection.py
./.venv/Lib/site-packages/httpcore/_async/connection_pool.py
./.venv/Lib/site-packages/httpcore/_async/http11.py
./.venv/Lib/site-packages/httpcore/_async/http2.py
./.venv/Lib/site-packages/httpcore/_async/http_proxy.py
./.venv/Lib/site-packages/httpcore/_async/interfaces.py
./.venv/Lib/site-packages/httpcore/_async/socks_proxy.py
./.venv/Lib/site-packages/httpcore/_backends/__init__.py
./.venv/Lib/site-packages/httpcore/_backends/anyio.py
./.venv/Lib/site-packages/httpcore/_backends/auto.py
./.venv/Lib/site-packages/httpcore/_backends/base.py
./.venv/Lib/site-packages/httpcore/_backends/mock.py
./.venv/Lib/site-packages/httpcore/_backends/sync.py
./.venv/Lib/site-packages/httpcore/_backends/trio.py
./.venv/Lib/site-packages/httpcore/_exceptions.py
./.venv/Lib/site-packages/httpcore/_models.py
./.venv/Lib/site-packages/httpcore/_ssl.py
./.venv/Lib/site-packages/httpcore/_sync/__init__.py
./.venv/Lib/site-packages/httpcore/_sync/connection.py
./.venv/Lib/site-packages/httpcore/_sync/connection_pool.py
./.venv/Lib/site-packages/httpcore/_sync/http11.py
./.venv/Lib/site-packages/httpcore/_sync/http2.py
./.venv/Lib/site-packages/httpcore/_sync/http_proxy.py
./.venv/Lib/site-packages/httpcore/_sync/interfaces.py
./.venv/Lib/site-packages/httpcore/_sync/socks_proxy.py
./.venv/Lib/site-packages/httpcore/_synchronization.py
./.venv/Lib/site-packages/httpcore/_trace.py
./.venv/Lib/site-packages/httpcore/_utils.py
./.venv/Lib/site-packages/httpx/__init__.py
./.venv/Lib/site-packages/httpx/__version__.py
./.venv/Lib/site-packages/httpx/_api.py
./.venv/Lib/site-packages/httpx/_auth.py
./.venv/Lib/site-packages/httpx/_client.py
./.venv/Lib/site-packages/httpx/_config.py
./.venv/Lib/site-packages/httpx/_content.py
./.venv/Lib/site-packages/httpx/_decoders.py
./.venv/Lib/site-packages/httpx/_exceptions.py
./.venv/Lib/site-packages/httpx/_main.py
./.venv/Lib/site-packages/httpx/_models.py
./.venv/Lib/site-packages/httpx/_multipart.py
./.venv/Lib/site-packages/httpx/_status_codes.py
./.venv/Lib/site-packages/httpx/_transports/__init__.py
./.venv/Lib/site-packages/httpx/_transports/asgi.py
./.venv/Lib/site-packages/httpx/_transports/base.py
./.venv/Lib/site-packages/httpx/_transports/default.py
./.venv/Lib/site-packages/httpx/_transports/mock.py
./.venv/Lib/site-packages/httpx/_transports/wsgi.py
./.venv/Lib/site-packages/httpx/_types.py
./.venv/Lib/site-packages/httpx/_urlparse.py
./.venv/Lib/site-packages/httpx/_urls.py
./.venv/Lib/site-packages/httpx/_utils.py
./.venv/Lib/site-packages/httpx_sse/__init__.py
./.venv/Lib/site-packages/httpx_sse/_api.py
./.venv/Lib/site-packages/httpx_sse/_decoders.py
./.venv/Lib/site-packages/httpx_sse/_exceptions.py
./.venv/Lib/site-packages/httpx_sse/_models.py
./.venv/Lib/site-packages/huggingface_hub/__init__.py
./.venv/Lib/site-packages/huggingface_hub/_buckets.py
./.venv/Lib/site-packages/huggingface_hub/_commit_api.py
./.venv/Lib/site-packages/huggingface_hub/_commit_scheduler.py
./.venv/Lib/site-packages/huggingface_hub/_dataset_viewer.py
./.venv/Lib/site-packages/huggingface_hub/_eval_results.py
./.venv/Lib/site-packages/huggingface_hub/_hot_reload/__init__.py
./.venv/Lib/site-packages/huggingface_hub/_hot_reload/client.py
./.venv/Lib/site-packages/huggingface_hub/_hot_reload/sse_client.py
./.venv/Lib/site-packages/huggingface_hub/_hot_reload/types.py
./.venv/Lib/site-packages/huggingface_hub/_inference_endpoints.py
./.venv/Lib/site-packages/huggingface_hub/_jobs_api.py
./.venv/Lib/site-packages/huggingface_hub/_local_folder.py
./.venv/Lib/site-packages/huggingface_hub/_login.py
./.venv/Lib/site-packages/huggingface_hub/_oauth.py
./.venv/Lib/site-packages/huggingface_hub/_snapshot_download.py
./.venv/Lib/site-packages/huggingface_hub/_space_api.py
./.venv/Lib/site-packages/huggingface_hub/_tensorboard_logger.py
./.venv/Lib/site-packages/huggingface_hub/_upload_large_folder.py
./.venv/Lib/site-packages/huggingface_hub/_webhooks_payload.py
./.venv/Lib/site-packages/huggingface_hub/_webhooks_server.py
./.venv/Lib/site-packages/huggingface_hub/cli/__init__.py
./.venv/Lib/site-packages/huggingface_hub/cli/_cli_utils.py
./.venv/Lib/site-packages/huggingface_hub/cli/_errors.py
./.venv/Lib/site-packages/huggingface_hub/cli/_file_listing.py
./.venv/Lib/site-packages/huggingface_hub/cli/_output.py
./.venv/Lib/site-packages/huggingface_hub/cli/_skills.py
./.venv/Lib/site-packages/huggingface_hub/cli/auth.py
./.venv/Lib/site-packages/huggingface_hub/cli/buckets.py
./.venv/Lib/site-packages/huggingface_hub/cli/cache.py
./.venv/Lib/site-packages/huggingface_hub/cli/collections.py
./.venv/Lib/site-packages/huggingface_hub/cli/datasets.py
./.venv/Lib/site-packages/huggingface_hub/cli/deprecated_cli.py
./.venv/Lib/site-packages/huggingface_hub/cli/discussions.py
./.venv/Lib/site-packages/huggingface_hub/cli/download.py
./.venv/Lib/site-packages/huggingface_hub/cli/extensions.py
./.venv/Lib/site-packages/huggingface_hub/cli/hf.py
./.venv/Lib/site-packages/huggingface_hub/cli/inference_endpoints.py
./.venv/Lib/site-packages/huggingface_hub/cli/jobs.py
./.venv/Lib/site-packages/huggingface_hub/cli/lfs.py
./.venv/Lib/site-packages/huggingface_hub/cli/models.py
./.venv/Lib/site-packages/huggingface_hub/cli/papers.py
./.venv/Lib/site-packages/huggingface_hub/cli/repo_files.py
./.venv/Lib/site-packages/huggingface_hub/cli/repos.py
./.venv/Lib/site-packages/huggingface_hub/cli/skills.py
./.venv/Lib/site-packages/huggingface_hub/cli/spaces.py
./.venv/Lib/site-packages/huggingface_hub/cli/system.py
./.venv/Lib/site-packages/huggingface_hub/cli/upload.py
./.venv/Lib/site-packages/huggingface_hub/cli/upload_large_folder.py
./.venv/Lib/site-packages/huggingface_hub/cli/webhooks.py
./.venv/Lib/site-packages/huggingface_hub/community.py
./.venv/Lib/site-packages/huggingface_hub/constants.py
./.venv/Lib/site-packages/huggingface_hub/dataclasses.py
./.venv/Lib/site-packages/huggingface_hub/errors.py
./.venv/Lib/site-packages/huggingface_hub/fastai_utils.py
./.venv/Lib/site-packages/huggingface_hub/file_download.py
./.venv/Lib/site-packages/huggingface_hub/hf_api.py
./.venv/Lib/site-packages/huggingface_hub/hf_file_system.py
./.venv/Lib/site-packages/huggingface_hub/hub_mixin.py
./.venv/Lib/site-packages/huggingface_hub/inference/__init__.py
./.venv/Lib/site-packages/huggingface_hub/inference/_client.py
./.venv/Lib/site-packages/huggingface_hub/inference/_common.py
./.venv/Lib/site-packages/huggingface_hub/inference/_generated/__init__.py
./.venv/Lib/site-packages/huggingface_hub/inference/_generated/_async_client.py
./.venv/Lib/site-packages/huggingface_hub/inference/_generated/types/__init__.py
./.venv/Lib/site-packages/huggingface_hub/inference/_generated/types/audio_classification.py
./.venv/Lib/site-packages/huggingface_hub/inference/_generated/types/audio_to_audio.py
./.venv/Lib/site-packages/huggingface_hub/inference/_generated/types/automatic_speech_recognition.py
./.venv/Lib/site-packages/huggingface_hub/inference/_generated/types/base.py
./.venv/Lib/site-packages/huggingface_hub/inference/_generated/types/chat_completion.py
./.venv/Lib/site-packages/huggingface_hub/inference/_generated/types/depth_estimation.py
./.venv/Lib/site-packages/huggingface_hub/inference/_generated/types/document_question_answering.py
./.venv/Lib/site-packages/huggingface_hub/inference/_generated/types/feature_extraction.py
./.venv/Lib/site-packages/huggingface_hub/inference/_generated/types/fill_mask.py
./.venv/Lib/site-packages/huggingface_hub/inference/_generated/types/image_classification.py
./.venv/Lib/site-packages/huggingface_hub/inference/_generated/types/image_segmentation.py
./.venv/Lib/site-packages/huggingface_hub/inference/_generated/types/image_text_to_image.py
./.venv/Lib/site-packages/huggingface_hub/inference/_generated/types/image_text_to_video.py
./.venv/Lib/site-packages/huggingface_hub/inference/_generated/types/image_to_image.py
./.venv/Lib/site-packages/huggingface_hub/inference/_generated/types/image_to_text.py
./.venv/Lib/site-packages/huggingface_hub/inference/_generated/types/image_to_video.py
./.venv/Lib/site-packages/huggingface_hub/inference/_generated/types/object_detection.py
./.venv/Lib/site-packages/huggingface_hub/inference/_generated/types/question_answering.py
./.venv/Lib/site-packages/huggingface_hub/inference/_generated/types/sentence_similarity.py
./.venv/Lib/site-packages/huggingface_hub/inference/_generated/types/summarization.py
./.venv/Lib/site-packages/huggingface_hub/inference/_generated/types/table_question_answering.py
./.venv/Lib/site-packages/huggingface_hub/inference/_generated/types/text2text_generation.py
./.venv/Lib/site-packages/huggingface_hub/inference/_generated/types/text_classification.py
./.venv/Lib/site-packages/huggingface_hub/inference/_generated/types/text_generation.py
./.venv/Lib/site-packages/huggingface_hub/inference/_generated/types/text_to_audio.py
./.venv/Lib/site-packages/huggingface_hub/inference/_generated/types/text_to_image.py
./.venv/Lib/site-packages/huggingface_hub/inference/_generated/types/text_to_speech.py
./.venv/Lib/site-packages/huggingface_hub/inference/_generated/types/text_to_video.py
./.venv/Lib/site-packages/huggingface_hub/inference/_generated/types/token_classification.py
./.venv/Lib/site-packages/huggingface_hub/inference/_generated/types/translation.py
./.venv/Lib/site-packages/huggingface_hub/inference/_generated/types/video_classification.py
./.venv/Lib/site-packages/huggingface_hub/inference/_generated/types/visual_question_answering.py
./.venv/Lib/site-packages/huggingface_hub/inference/_generated/types/zero_shot_classification.py
./.venv/Lib/site-packages/huggingface_hub/inference/_generated/types/zero_shot_image_classification.py
./.venv/Lib/site-packages/huggingface_hub/inference/_generated/types/zero_shot_object_detection.py
./.venv/Lib/site-packages/huggingface_hub/inference/_mcp/__init__.py
./.venv/Lib/site-packages/huggingface_hub/inference/_mcp/_cli_hacks.py
./.venv/Lib/site-packages/huggingface_hub/inference/_mcp/agent.py
./.venv/Lib/site-packages/huggingface_hub/inference/_mcp/cli.py
./.venv/Lib/site-packages/huggingface_hub/inference/_mcp/constants.py
./.venv/Lib/site-packages/huggingface_hub/inference/_mcp/mcp_client.py
./.venv/Lib/site-packages/huggingface_hub/inference/_mcp/types.py
./.venv/Lib/site-packages/huggingface_hub/inference/_mcp/utils.py
./.venv/Lib/site-packages/huggingface_hub/inference/_providers/__init__.py
./.venv/Lib/site-packages/huggingface_hub/inference/_providers/_common.py
./.venv/Lib/site-packages/huggingface_hub/inference/_providers/black_forest_labs.py
./.venv/Lib/site-packages/huggingface_hub/inference/_providers/cerebras.py
./.venv/Lib/site-packages/huggingface_hub/inference/_providers/clarifai.py
./.venv/Lib/site-packages/huggingface_hub/inference/_providers/cohere.py
./.venv/Lib/site-packages/huggingface_hub/inference/_providers/deepinfra.py
./.venv/Lib/site-packages/huggingface_hub/inference/_providers/fal_ai.py
./.venv/Lib/site-packages/huggingface_hub/inference/_providers/featherless_ai.py
./.venv/Lib/site-packages/huggingface_hub/inference/_providers/fireworks_ai.py
./.venv/Lib/site-packages/huggingface_hub/inference/_providers/groq.py
./.venv/Lib/site-packages/huggingface_hub/inference/_providers/hf_inference.py
./.venv/Lib/site-packages/huggingface_hub/inference/_providers/hyperbolic.py
./.venv/Lib/site-packages/huggingface_hub/inference/_providers/nebius.py
./.venv/Lib/site-packages/huggingface_hub/inference/_providers/novita.py
./.venv/Lib/site-packages/huggingface_hub/inference/_providers/nscale.py
./.venv/Lib/site-packages/huggingface_hub/inference/_providers/nvidia.py
./.venv/Lib/site-packages/huggingface_hub/inference/_providers/openai.py
./.venv/Lib/site-packages/huggingface_hub/inference/_providers/ovhcloud.py
./.venv/Lib/site-packages/huggingface_hub/inference/_providers/publicai.py
./.venv/Lib/site-packages/huggingface_hub/inference/_providers/replicate.py
./.venv/Lib/site-packages/huggingface_hub/inference/_providers/sambanova.py
./.venv/Lib/site-packages/huggingface_hub/inference/_providers/scaleway.py
./.venv/Lib/site-packages/huggingface_hub/inference/_providers/together.py
./.venv/Lib/site-packages/huggingface_hub/inference/_providers/wavespeed.py
./.venv/Lib/site-packages/huggingface_hub/inference/_providers/zai_org.py
./.venv/Lib/site-packages/huggingface_hub/lfs.py
./.venv/Lib/site-packages/huggingface_hub/repocard.py
./.venv/Lib/site-packages/huggingface_hub/repocard_data.py
./.venv/Lib/site-packages/huggingface_hub/serialization/__init__.py
./.venv/Lib/site-packages/huggingface_hub/serialization/_base.py
./.venv/Lib/site-packages/huggingface_hub/serialization/_dduf.py
./.venv/Lib/site-packages/huggingface_hub/serialization/_torch.py
./.venv/Lib/site-packages/huggingface_hub/utils/__init__.py
./.venv/Lib/site-packages/huggingface_hub/utils/_auth.py
./.venv/Lib/site-packages/huggingface_hub/utils/_cache_assets.py
./.venv/Lib/site-packages/huggingface_hub/utils/_cache_manager.py
./.venv/Lib/site-packages/huggingface_hub/utils/_chunk_utils.py
./.venv/Lib/site-packages/huggingface_hub/utils/_datetime.py
./.venv/Lib/site-packages/huggingface_hub/utils/_deprecation.py
./.venv/Lib/site-packages/huggingface_hub/utils/_detect_agent.py
./.venv/Lib/site-packages/huggingface_hub/utils/_dotenv.py
./.venv/Lib/site-packages/huggingface_hub/utils/_experimental.py
./.venv/Lib/site-packages/huggingface_hub/utils/_fixes.py
./.venv/Lib/site-packages/huggingface_hub/utils/_git_credential.py
./.venv/Lib/site-packages/huggingface_hub/utils/_headers.py
./.venv/Lib/site-packages/huggingface_hub/utils/_hf_uris.py
./.venv/Lib/site-packages/huggingface_hub/utils/_http.py
./.venv/Lib/site-packages/huggingface_hub/utils/_lfs.py
./.venv/Lib/site-packages/huggingface_hub/utils/_pagination.py
./.venv/Lib/site-packages/huggingface_hub/utils/_parsing.py
./.venv/Lib/site-packages/huggingface_hub/utils/_paths.py
./.venv/Lib/site-packages/huggingface_hub/utils/_runtime.py
./.venv/Lib/site-packages/huggingface_hub/utils/_safetensors.py
./.venv/Lib/site-packages/huggingface_hub/utils/_subprocess.py
./.venv/Lib/site-packages/huggingface_hub/utils/_telemetry.py
./.venv/Lib/site-packages/huggingface_hub/utils/_terminal.py
./.venv/Lib/site-packages/huggingface_hub/utils/_typing.py
./.venv/Lib/site-packages/huggingface_hub/utils/_validators.py
./.venv/Lib/site-packages/huggingface_hub/utils/_verification.py
./.venv/Lib/site-packages/huggingface_hub/utils/_xet.py
./.venv/Lib/site-packages/huggingface_hub/utils/_xet_progress_reporting.py
./.venv/Lib/site-packages/huggingface_hub/utils/endpoint_helpers.py
./.venv/Lib/site-packages/huggingface_hub/utils/insecure_hashlib.py
./.venv/Lib/site-packages/huggingface_hub/utils/logging.py
./.venv/Lib/site-packages/huggingface_hub/utils/sha.py
./.venv/Lib/site-packages/huggingface_hub/utils/tqdm.py
./.venv/Lib/site-packages/hyperframe/__init__.py
./.venv/Lib/site-packages/hyperframe/exceptions.py
./.venv/Lib/site-packages/hyperframe/flags.py
./.venv/Lib/site-packages/hyperframe/frame.py
./.venv/Lib/site-packages/hypothesis/__init__.py
./.venv/Lib/site-packages/hypothesis/_settings.py
./.venv/Lib/site-packages/hypothesis/configuration.py
./.venv/Lib/site-packages/hypothesis/control.py
./.venv/Lib/site-packages/hypothesis/core.py
./.venv/Lib/site-packages/hypothesis/database.py
./.venv/Lib/site-packages/hypothesis/entry_points.py
./.venv/Lib/site-packages/hypothesis/errors.py
./.venv/Lib/site-packages/hypothesis/extra/__init__.py
./.venv/Lib/site-packages/hypothesis/extra/_array_helpers.py
./.venv/Lib/site-packages/hypothesis/extra/_patching.py
./.venv/Lib/site-packages/hypothesis/extra/array_api.py
./.venv/Lib/site-packages/hypothesis/extra/cli.py
./.venv/Lib/site-packages/hypothesis/extra/codemods.py
./.venv/Lib/site-packages/hypothesis/extra/dateutil.py
./.venv/Lib/site-packages/hypothesis/extra/django/__init__.py
./.venv/Lib/site-packages/hypothesis/extra/django/_fields.py
./.venv/Lib/site-packages/hypothesis/extra/django/_impl.py
./.venv/Lib/site-packages/hypothesis/extra/dpcontracts.py
./.venv/Lib/site-packages/hypothesis/extra/ghostwriter.py
./.venv/Lib/site-packages/hypothesis/extra/lark.py
./.venv/Lib/site-packages/hypothesis/extra/numpy.py
./.venv/Lib/site-packages/hypothesis/extra/pandas/__init__.py
./.venv/Lib/site-packages/hypothesis/extra/pandas/impl.py
./.venv/Lib/site-packages/hypothesis/extra/pytestplugin.py
./.venv/Lib/site-packages/hypothesis/extra/pytz.py
./.venv/Lib/site-packages/hypothesis/extra/redis.py
./.venv/Lib/site-packages/hypothesis/internal/__init__.py
./.venv/Lib/site-packages/hypothesis/internal/cache.py
./.venv/Lib/site-packages/hypothesis/internal/cathetus.py
./.venv/Lib/site-packages/hypothesis/internal/charmap.py
./.venv/Lib/site-packages/hypothesis/internal/compat.py
./.venv/Lib/site-packages/hypothesis/internal/conjecture/__init__.py
./.venv/Lib/site-packages/hypothesis/internal/conjecture/choice.py
./.venv/Lib/site-packages/hypothesis/internal/conjecture/data.py
./.venv/Lib/site-packages/hypothesis/internal/conjecture/datatree.py
./.venv/Lib/site-packages/hypothesis/internal/conjecture/engine.py
./.venv/Lib/site-packages/hypothesis/internal/conjecture/floats.py
./.venv/Lib/site-packages/hypothesis/internal/conjecture/junkdrawer.py
./.venv/Lib/site-packages/hypothesis/internal/conjecture/optimiser.py
./.venv/Lib/site-packages/hypothesis/internal/conjecture/pareto.py
./.venv/Lib/site-packages/hypothesis/internal/conjecture/provider_conformance.py
./.venv/Lib/site-packages/hypothesis/internal/conjecture/providers.py
./.venv/Lib/site-packages/hypothesis/internal/conjecture/shrinker.py
./.venv/Lib/site-packages/hypothesis/internal/conjecture/shrinking/__init__.py
./.venv/Lib/site-packages/hypothesis/internal/conjecture/shrinking/bytes.py
./.venv/Lib/site-packages/hypothesis/internal/conjecture/shrinking/choicetree.py
./.venv/Lib/site-packages/hypothesis/internal/conjecture/shrinking/collection.py
./.venv/Lib/site-packages/hypothesis/internal/conjecture/shrinking/common.py
./.venv/Lib/site-packages/hypothesis/internal/conjecture/shrinking/floats.py
./.venv/Lib/site-packages/hypothesis/internal/conjecture/shrinking/integer.py
./.venv/Lib/site-packages/hypothesis/internal/conjecture/shrinking/ordering.py
./.venv/Lib/site-packages/hypothesis/internal/conjecture/shrinking/string.py
./.venv/Lib/site-packages/hypothesis/internal/conjecture/utils.py
./.venv/Lib/site-packages/hypothesis/internal/constants_ast.py
./.venv/Lib/site-packages/hypothesis/internal/coverage.py
./.venv/Lib/site-packages/hypothesis/internal/detection.py
./.venv/Lib/site-packages/hypothesis/internal/entropy.py
./.venv/Lib/site-packages/hypothesis/internal/escalation.py
./.venv/Lib/site-packages/hypothesis/internal/filtering.py
./.venv/Lib/site-packages/hypothesis/internal/floats.py
./.venv/Lib/site-packages/hypothesis/internal/healthcheck.py
./.venv/Lib/site-packages/hypothesis/internal/intervalsets.py
./.venv/Lib/site-packages/hypothesis/internal/lambda_sources.py
./.venv/Lib/site-packages/hypothesis/internal/observability.py
./.venv/Lib/site-packages/hypothesis/internal/reflection.py
./.venv/Lib/site-packages/hypothesis/internal/scrutineer.py
./.venv/Lib/site-packages/hypothesis/internal/validation.py
./.venv/Lib/site-packages/hypothesis/provisional.py
./.venv/Lib/site-packages/hypothesis/reporting.py
./.venv/Lib/site-packages/hypothesis/stateful.py
./.venv/Lib/site-packages/hypothesis/statistics.py
./.venv/Lib/site-packages/hypothesis/strategies/__init__.py
./.venv/Lib/site-packages/hypothesis/strategies/_internal/__init__.py
./.venv/Lib/site-packages/hypothesis/strategies/_internal/attrs.py
./.venv/Lib/site-packages/hypothesis/strategies/_internal/collections.py
./.venv/Lib/site-packages/hypothesis/strategies/_internal/core.py
./.venv/Lib/site-packages/hypothesis/strategies/_internal/datetime.py
./.venv/Lib/site-packages/hypothesis/strategies/_internal/deferred.py
./.venv/Lib/site-packages/hypothesis/strategies/_internal/featureflags.py
./.venv/Lib/site-packages/hypothesis/strategies/_internal/flatmapped.py
./.venv/Lib/site-packages/hypothesis/strategies/_internal/functions.py
./.venv/Lib/site-packages/hypothesis/strategies/_internal/ipaddress.py
./.venv/Lib/site-packages/hypothesis/strategies/_internal/lazy.py
./.venv/Lib/site-packages/hypothesis/strategies/_internal/misc.py
./.venv/Lib/site-packages/hypothesis/strategies/_internal/numbers.py
./.venv/Lib/site-packages/hypothesis/strategies/_internal/random.py
./.venv/Lib/site-packages/hypothesis/strategies/_internal/recursive.py
./.venv/Lib/site-packages/hypothesis/strategies/_internal/regex.py
./.venv/Lib/site-packages/hypothesis/strategies/_internal/shared.py
./.venv/Lib/site-packages/hypothesis/strategies/_internal/strategies.py
./.venv/Lib/site-packages/hypothesis/strategies/_internal/strings.py
./.venv/Lib/site-packages/hypothesis/strategies/_internal/types.py
./.venv/Lib/site-packages/hypothesis/strategies/_internal/utils.py
./.venv/Lib/site-packages/hypothesis/utils/__init__.py
./.venv/Lib/site-packages/hypothesis/utils/conventions.py
./.venv/Lib/site-packages/hypothesis/utils/deprecation.py
./.venv/Lib/site-packages/hypothesis/utils/dynamicvariables.py
./.venv/Lib/site-packages/hypothesis/utils/terminal.py
./.venv/Lib/site-packages/hypothesis/utils/threading.py
./.venv/Lib/site-packages/hypothesis/vendor/__init__.py
./.venv/Lib/site-packages/hypothesis/vendor/pretty.py
./.venv/Lib/site-packages/hypothesis/version.py
./.venv/Lib/site-packages/idna/__init__.py
./.venv/Lib/site-packages/idna/codec.py
./.venv/Lib/site-packages/idna/compat.py
./.venv/Lib/site-packages/idna/core.py
./.venv/Lib/site-packages/idna/idnadata.py
./.venv/Lib/site-packages/idna/intranges.py
./.venv/Lib/site-packages/idna/package_data.py
./.venv/Lib/site-packages/idna/uts46data.py
./.venv/Lib/site-packages/importlib_metadata/__init__.py
./.venv/Lib/site-packages/importlib_metadata/_adapters.py
./.venv/Lib/site-packages/importlib_metadata/_collections.py
./.venv/Lib/site-packages/importlib_metadata/_compat.py
./.venv/Lib/site-packages/importlib_metadata/_functools.py
./.venv/Lib/site-packages/importlib_metadata/_itertools.py
./.venv/Lib/site-packages/importlib_metadata/_meta.py
./.venv/Lib/site-packages/importlib_metadata/_text.py
./.venv/Lib/site-packages/importlib_metadata/_typing.py
./.venv/Lib/site-packages/importlib_metadata/compat/__init__.py
./.venv/Lib/site-packages/importlib_metadata/compat/py311.py
./.venv/Lib/site-packages/importlib_metadata/compat/py39.py
./.venv/Lib/site-packages/importlib_metadata/diagnose.py
./.venv/Lib/site-packages/iniconfig/__init__.py
./.venv/Lib/site-packages/iniconfig/_parse.py
./.venv/Lib/site-packages/iniconfig/_version.py
./.venv/Lib/site-packages/iniconfig/exceptions.py
./.venv/Lib/site-packages/isapi/__init__.py
./.venv/Lib/site-packages/isapi/install.py
./.venv/Lib/site-packages/isapi/isapicon.py
./.venv/Lib/site-packages/isapi/samples/advanced.py
./.venv/Lib/site-packages/isapi/samples/redirector.py
./.venv/Lib/site-packages/isapi/samples/redirector_asynch.py
./.venv/Lib/site-packages/isapi/samples/redirector_with_filter.py
./.venv/Lib/site-packages/isapi/samples/test.py
./.venv/Lib/site-packages/isapi/simple.py
./.venv/Lib/site-packages/isapi/test/extension_simple.py
./.venv/Lib/site-packages/isapi/threaded_extension.py
./.venv/Lib/site-packages/jinja2/__init__.py
./.venv/Lib/site-packages/jinja2/_identifier.py
./.venv/Lib/site-packages/jinja2/async_utils.py
./.venv/Lib/site-packages/jinja2/bccache.py
./.venv/Lib/site-packages/jinja2/compiler.py
./.venv/Lib/site-packages/jinja2/constants.py
./.venv/Lib/site-packages/jinja2/debug.py
./.venv/Lib/site-packages/jinja2/defaults.py
./.venv/Lib/site-packages/jinja2/environment.py
./.venv/Lib/site-packages/jinja2/exceptions.py
./.venv/Lib/site-packages/jinja2/ext.py
./.venv/Lib/site-packages/jinja2/filters.py
./.venv/Lib/site-packages/jinja2/idtracking.py
./.venv/Lib/site-packages/jinja2/lexer.py
./.venv/Lib/site-packages/jinja2/loaders.py
./.venv/Lib/site-packages/jinja2/meta.py
./.venv/Lib/site-packages/jinja2/nativetypes.py
./.venv/Lib/site-packages/jinja2/nodes.py
./.venv/Lib/site-packages/jinja2/optimizer.py
./.venv/Lib/site-packages/jinja2/parser.py
./.venv/Lib/site-packages/jinja2/runtime.py
./.venv/Lib/site-packages/jinja2/sandbox.py
./.venv/Lib/site-packages/jinja2/tests.py
./.venv/Lib/site-packages/jinja2/utils.py
./.venv/Lib/site-packages/jinja2/visitor.py
./.venv/Lib/site-packages/jiter/__init__.py
./.venv/Lib/site-packages/jsonschema/__init__.py
./.venv/Lib/site-packages/jsonschema/__main__.py
./.venv/Lib/site-packages/jsonschema/_format.py
./.venv/Lib/site-packages/jsonschema/_keywords.py
./.venv/Lib/site-packages/jsonschema/_legacy_keywords.py
./.venv/Lib/site-packages/jsonschema/_types.py
./.venv/Lib/site-packages/jsonschema/_typing.py
./.venv/Lib/site-packages/jsonschema/_utils.py
./.venv/Lib/site-packages/jsonschema/benchmarks/__init__.py
./.venv/Lib/site-packages/jsonschema/benchmarks/const_vs_enum.py
./.venv/Lib/site-packages/jsonschema/benchmarks/contains.py
./.venv/Lib/site-packages/jsonschema/benchmarks/import_benchmark.py
./.venv/Lib/site-packages/jsonschema/benchmarks/issue232.py
./.venv/Lib/site-packages/jsonschema/benchmarks/json_schema_test_suite.py
./.venv/Lib/site-packages/jsonschema/benchmarks/nested_schemas.py
./.venv/Lib/site-packages/jsonschema/benchmarks/subcomponents.py
./.venv/Lib/site-packages/jsonschema/benchmarks/unused_registry.py
./.venv/Lib/site-packages/jsonschema/benchmarks/useless_applicator_schemas.py
./.venv/Lib/site-packages/jsonschema/benchmarks/useless_keywords.py
./.venv/Lib/site-packages/jsonschema/benchmarks/validator_creation.py
./.venv/Lib/site-packages/jsonschema/cli.py
./.venv/Lib/site-packages/jsonschema/exceptions.py
./.venv/Lib/site-packages/jsonschema/protocols.py
./.venv/Lib/site-packages/jsonschema/tests/__init__.py
./.venv/Lib/site-packages/jsonschema/tests/_suite.py
./.venv/Lib/site-packages/jsonschema/tests/fuzz_validate.py
./.venv/Lib/site-packages/jsonschema/tests/test_cli.py
./.venv/Lib/site-packages/jsonschema/tests/test_deprecations.py
./.venv/Lib/site-packages/jsonschema/tests/test_exceptions.py
./.venv/Lib/site-packages/jsonschema/tests/test_format.py
./.venv/Lib/site-packages/jsonschema/tests/test_jsonschema_test_suite.py
./.venv/Lib/site-packages/jsonschema/tests/test_types.py
./.venv/Lib/site-packages/jsonschema/tests/test_utils.py
./.venv/Lib/site-packages/jsonschema/tests/test_validators.py
./.venv/Lib/site-packages/jsonschema/tests/typing/__init__.py
./.venv/Lib/site-packages/jsonschema/tests/typing/test_all_concrete_validators_match_protocol.py
./.venv/Lib/site-packages/jsonschema/validators.py
./.venv/Lib/site-packages/jsonschema_specifications/__init__.py
./.venv/Lib/site-packages/jsonschema_specifications/_core.py
./.venv/Lib/site-packages/jsonschema_specifications/tests/__init__.py
./.venv/Lib/site-packages/jsonschema_specifications/tests/test_jsonschema_specifications.py
./.venv/Lib/site-packages/jwt/__init__.py
./.venv/Lib/site-packages/jwt/algorithms.py
./.venv/Lib/site-packages/jwt/api_jwk.py
./.venv/Lib/site-packages/jwt/api_jws.py
./.venv/Lib/site-packages/jwt/api_jwt.py
./.venv/Lib/site-packages/jwt/exceptions.py
./.venv/Lib/site-packages/jwt/help.py
./.venv/Lib/site-packages/jwt/jwk_set_cache.py
./.venv/Lib/site-packages/jwt/jwks_client.py
./.venv/Lib/site-packages/jwt/types.py
./.venv/Lib/site-packages/jwt/utils.py
./.venv/Lib/site-packages/jwt/warnings.py
./.venv/Lib/site-packages/litellm/__init__.py
./.venv/Lib/site-packages/litellm/_logging.py
./.venv/Lib/site-packages/litellm/_redis.py
./.venv/Lib/site-packages/litellm/_service_logger.py
./.venv/Lib/site-packages/litellm/_version.py
./.venv/Lib/site-packages/litellm/anthropic_interface/__init__.py
./.venv/Lib/site-packages/litellm/anthropic_interface/messages/__init__.py
./.venv/Lib/site-packages/litellm/assistants/main.py
./.venv/Lib/site-packages/litellm/assistants/utils.py
./.venv/Lib/site-packages/litellm/batch_completion/main.py
./.venv/Lib/site-packages/litellm/batches/batch_utils.py
./.venv/Lib/site-packages/litellm/batches/main.py
./.venv/Lib/site-packages/litellm/budget_manager.py
./.venv/Lib/site-packages/litellm/caching/__init__.py
./.venv/Lib/site-packages/litellm/caching/_internal_lru_cache.py
./.venv/Lib/site-packages/litellm/caching/azure_blob_cache.py
./.venv/Lib/site-packages/litellm/caching/base_cache.py
./.venv/Lib/site-packages/litellm/caching/caching.py
./.venv/Lib/site-packages/litellm/caching/caching_handler.py
./.venv/Lib/site-packages/litellm/caching/disk_cache.py
./.venv/Lib/site-packages/litellm/caching/dual_cache.py
./.venv/Lib/site-packages/litellm/caching/gcs_cache.py
./.venv/Lib/site-packages/litellm/caching/in_memory_cache.py
./.venv/Lib/site-packages/litellm/caching/llm_caching_handler.py
./.venv/Lib/site-packages/litellm/caching/qdrant_semantic_cache.py
./.venv/Lib/site-packages/litellm/caching/redis_cache.py
./.venv/Lib/site-packages/litellm/caching/redis_cluster_cache.py
./.venv/Lib/site-packages/litellm/caching/redis_semantic_cache.py
./.venv/Lib/site-packages/litellm/caching/s3_cache.py
./.venv/Lib/site-packages/litellm/completion_extras/__init__.py
./.venv/Lib/site-packages/litellm/completion_extras/litellm_responses_transformation/__init__.py
./.venv/Lib/site-packages/litellm/completion_extras/litellm_responses_transformation/handler.py
./.venv/Lib/site-packages/litellm/completion_extras/litellm_responses_transformation/transformation.py
./.venv/Lib/site-packages/litellm/constants.py
./.venv/Lib/site-packages/litellm/cost_calculator.py
./.venv/Lib/site-packages/litellm/endpoints/speech/speech_to_completion_bridge/handler.py
./.venv/Lib/site-packages/litellm/endpoints/speech/speech_to_completion_bridge/transformation.py
./.venv/Lib/site-packages/litellm/exceptions.py
./.venv/Lib/site-packages/litellm/experimental_mcp_client/__init__.py
./.venv/Lib/site-packages/litellm/experimental_mcp_client/client.py
./.venv/Lib/site-packages/litellm/experimental_mcp_client/tools.py
./.venv/Lib/site-packages/litellm/files/main.py
./.venv/Lib/site-packages/litellm/fine_tuning/main.py
./.venv/Lib/site-packages/litellm/google_genai/__init__.py
./.venv/Lib/site-packages/litellm/google_genai/adapters/__init__.py
./.venv/Lib/site-packages/litellm/google_genai/adapters/handler.py
./.venv/Lib/site-packages/litellm/google_genai/adapters/transformation.py
./.venv/Lib/site-packages/litellm/google_genai/main.py
./.venv/Lib/site-packages/litellm/google_genai/streaming_iterator.py
./.venv/Lib/site-packages/litellm/images/__init__.py
./.venv/Lib/site-packages/litellm/images/main.py
./.venv/Lib/site-packages/litellm/images/utils.py
./.venv/Lib/site-packages/litellm/integrations/SlackAlerting/batching_handler.py
./.venv/Lib/site-packages/litellm/integrations/SlackAlerting/budget_alert_types.py
./.venv/Lib/site-packages/litellm/integrations/SlackAlerting/hanging_request_check.py
./.venv/Lib/site-packages/litellm/integrations/SlackAlerting/slack_alerting.py
./.venv/Lib/site-packages/litellm/integrations/SlackAlerting/utils.py
./.venv/Lib/site-packages/litellm/integrations/__init__.py
./.venv/Lib/site-packages/litellm/integrations/_types/open_inference.py
./.venv/Lib/site-packages/litellm/integrations/additional_logging_utils.py
./.venv/Lib/site-packages/litellm/integrations/agentops/__init__.py
./.venv/Lib/site-packages/litellm/integrations/agentops/agentops.py
./.venv/Lib/site-packages/litellm/integrations/anthropic_cache_control_hook.py
./.venv/Lib/site-packages/litellm/integrations/argilla.py
./.venv/Lib/site-packages/litellm/integrations/arize/_utils.py
./.venv/Lib/site-packages/litellm/integrations/arize/arize.py
./.venv/Lib/site-packages/litellm/integrations/arize/arize_phoenix.py
./.venv/Lib/site-packages/litellm/integrations/athina.py
./.venv/Lib/site-packages/litellm/integrations/azure_storage/azure_storage.py
./.venv/Lib/site-packages/litellm/integrations/braintrust_logging.py
./.venv/Lib/site-packages/litellm/integrations/cloudzero/cloudzero.py
./.venv/Lib/site-packages/litellm/integrations/cloudzero/cz_resource_names.py
./.venv/Lib/site-packages/litellm/integrations/cloudzero/cz_stream_api.py
./.venv/Lib/site-packages/litellm/integrations/cloudzero/database.py
./.venv/Lib/site-packages/litellm/integrations/cloudzero/transform.py
./.venv/Lib/site-packages/litellm/integrations/custom_batch_logger.py
./.venv/Lib/site-packages/litellm/integrations/custom_guardrail.py
./.venv/Lib/site-packages/litellm/integrations/custom_logger.py
./.venv/Lib/site-packages/litellm/integrations/custom_prompt_management.py
./.venv/Lib/site-packages/litellm/integrations/custom_sso_handler.py
./.venv/Lib/site-packages/litellm/integrations/datadog/datadog.py
./.venv/Lib/site-packages/litellm/integrations/datadog/datadog_llm_obs.py
./.venv/Lib/site-packages/litellm/integrations/deepeval/__init__.py
./.venv/Lib/site-packages/litellm/integrations/deepeval/api.py
./.venv/Lib/site-packages/litellm/integrations/deepeval/deepeval.py
./.venv/Lib/site-packages/litellm/integrations/deepeval/types.py
./.venv/Lib/site-packages/litellm/integrations/deepeval/utils.py
./.venv/Lib/site-packages/litellm/integrations/dotprompt/__init__.py
./.venv/Lib/site-packages/litellm/integrations/dotprompt/dotprompt_manager.py
./.venv/Lib/site-packages/litellm/integrations/dotprompt/prompt_manager.py
./.venv/Lib/site-packages/litellm/integrations/dynamodb.py
./.venv/Lib/site-packages/litellm/integrations/email_alerting.py
./.venv/Lib/site-packages/litellm/integrations/email_templates/email_footer.py
./.venv/Lib/site-packages/litellm/integrations/email_templates/key_created_email.py
./.venv/Lib/site-packages/litellm/integrations/email_templates/templates.py
./.venv/Lib/site-packages/litellm/integrations/email_templates/user_invitation_email.py
./.venv/Lib/site-packages/litellm/integrations/galileo.py
./.venv/Lib/site-packages/litellm/integrations/gcs_bucket/gcs_bucket.py
./.venv/Lib/site-packages/litellm/integrations/gcs_bucket/gcs_bucket_base.py
./.venv/Lib/site-packages/litellm/integrations/gcs_pubsub/pub_sub.py
./.venv/Lib/site-packages/litellm/integrations/greenscale.py
./.venv/Lib/site-packages/litellm/integrations/helicone.py
./.venv/Lib/site-packages/litellm/integrations/humanloop.py
./.venv/Lib/site-packages/litellm/integrations/lago.py
./.venv/Lib/site-packages/litellm/integrations/langfuse/langfuse.py
./.venv/Lib/site-packages/litellm/integrations/langfuse/langfuse_handler.py
./.venv/Lib/site-packages/litellm/integrations/langfuse/langfuse_otel.py
./.venv/Lib/site-packages/litellm/integrations/langfuse/langfuse_prompt_management.py
./.venv/Lib/site-packages/litellm/integrations/langsmith.py
./.venv/Lib/site-packages/litellm/integrations/langtrace.py
./.venv/Lib/site-packages/litellm/integrations/literal_ai.py
./.venv/Lib/site-packages/litellm/integrations/logfire_logger.py
./.venv/Lib/site-packages/litellm/integrations/lunary.py
./.venv/Lib/site-packages/litellm/integrations/mlflow.py
./.venv/Lib/site-packages/litellm/integrations/openmeter.py
./.venv/Lib/site-packages/litellm/integrations/opentelemetry.py
./.venv/Lib/site-packages/litellm/integrations/opik/opik.py
./.venv/Lib/site-packages/litellm/integrations/opik/utils.py
./.venv/Lib/site-packages/litellm/integrations/prometheus_helpers/prometheus_api.py
./.venv/Lib/site-packages/litellm/integrations/prometheus_services.py
./.venv/Lib/site-packages/litellm/integrations/prompt_layer.py
./.venv/Lib/site-packages/litellm/integrations/prompt_management_base.py
./.venv/Lib/site-packages/litellm/integrations/s3.py
./.venv/Lib/site-packages/litellm/integrations/s3_v2.py
./.venv/Lib/site-packages/litellm/integrations/sqs.py
./.venv/Lib/site-packages/litellm/integrations/supabase.py
./.venv/Lib/site-packages/litellm/integrations/test_httpx.py
./.venv/Lib/site-packages/litellm/integrations/traceloop.py
./.venv/Lib/site-packages/litellm/integrations/vector_store_integrations/base_vector_store.py
./.venv/Lib/site-packages/litellm/integrations/vector_store_integrations/vector_store_pre_call_hook.py
./.venv/Lib/site-packages/litellm/integrations/weights_biases.py
./.venv/Lib/site-packages/litellm/litellm_core_utils/asyncify.py
./.venv/Lib/site-packages/litellm/litellm_core_utils/audio_utils/utils.py
./.venv/Lib/site-packages/litellm/litellm_core_utils/core_helpers.py
./.venv/Lib/site-packages/litellm/litellm_core_utils/credential_accessor.py
./.venv/Lib/site-packages/litellm/litellm_core_utils/custom_logger_registry.py
./.venv/Lib/site-packages/litellm/litellm_core_utils/dd_tracing.py
./.venv/Lib/site-packages/litellm/litellm_core_utils/default_encoding.py
./.venv/Lib/site-packages/litellm/litellm_core_utils/dot_notation_indexing.py
./.venv/Lib/site-packages/litellm/litellm_core_utils/duration_parser.py
./.venv/Lib/site-packages/litellm/litellm_core_utils/exception_mapping_utils.py
./.venv/Lib/site-packages/litellm/litellm_core_utils/fallback_utils.py
./.venv/Lib/site-packages/litellm/litellm_core_utils/get_litellm_params.py
./.venv/Lib/site-packages/litellm/litellm_core_utils/get_llm_provider_logic.py
./.venv/Lib/site-packages/litellm/litellm_core_utils/get_model_cost_map.py
./.venv/Lib/site-packages/litellm/litellm_core_utils/get_provider_specific_headers.py
./.venv/Lib/site-packages/litellm/litellm_core_utils/get_supported_openai_params.py
./.venv/Lib/site-packages/litellm/litellm_core_utils/health_check_helpers.py
./.venv/Lib/site-packages/litellm/litellm_core_utils/health_check_utils.py
./.venv/Lib/site-packages/litellm/litellm_core_utils/initialize_dynamic_callback_params.py
./.venv/Lib/site-packages/litellm/litellm_core_utils/json_validation_rule.py
./.venv/Lib/site-packages/litellm/litellm_core_utils/litellm_logging.py
./.venv/Lib/site-packages/litellm/litellm_core_utils/llm_cost_calc/tool_call_cost_tracking.py
./.venv/Lib/site-packages/litellm/litellm_core_utils/llm_cost_calc/utils.py
./.venv/Lib/site-packages/litellm/litellm_core_utils/llm_request_utils.py
./.venv/Lib/site-packages/litellm/litellm_core_utils/llm_response_utils/convert_dict_to_response.py
./.venv/Lib/site-packages/litellm/litellm_core_utils/llm_response_utils/get_api_base.py
./.venv/Lib/site-packages/litellm/litellm_core_utils/llm_response_utils/get_formatted_prompt.py
./.venv/Lib/site-packages/litellm/litellm_core_utils/llm_response_utils/get_headers.py
./.venv/Lib/site-packages/litellm/litellm_core_utils/llm_response_utils/response_metadata.py
./.venv/Lib/site-packages/litellm/litellm_core_utils/logging_callback_manager.py
./.venv/Lib/site-packages/litellm/litellm_core_utils/logging_utils.py
./.venv/Lib/site-packages/litellm/litellm_core_utils/logging_worker.py
./.venv/Lib/site-packages/litellm/litellm_core_utils/mock_functions.py
./.venv/Lib/site-packages/litellm/litellm_core_utils/model_param_helper.py
./.venv/Lib/site-packages/litellm/litellm_core_utils/model_response_utils.py
./.venv/Lib/site-packages/litellm/litellm_core_utils/prompt_templates/common_utils.py
./.venv/Lib/site-packages/litellm/litellm_core_utils/prompt_templates/factory.py
./.venv/Lib/site-packages/litellm/litellm_core_utils/prompt_templates/image_handling.py
./.venv/Lib/site-packages/litellm/litellm_core_utils/realtime_streaming.py
./.venv/Lib/site-packages/litellm/litellm_core_utils/redact_messages.py
./.venv/Lib/site-packages/litellm/litellm_core_utils/response_header_helpers.py
./.venv/Lib/site-packages/litellm/litellm_core_utils/rules.py
./.venv/Lib/site-packages/litellm/litellm_core_utils/safe_json_dumps.py
./.venv/Lib/site-packages/litellm/litellm_core_utils/safe_json_loads.py
./.venv/Lib/site-packages/litellm/litellm_core_utils/sensitive_data_masker.py
./.venv/Lib/site-packages/litellm/litellm_core_utils/specialty_caches/dynamic_logging_cache.py
./.venv/Lib/site-packages/litellm/litellm_core_utils/streaming_chunk_builder_utils.py
./.venv/Lib/site-packages/litellm/litellm_core_utils/streaming_handler.py
./.venv/Lib/site-packages/litellm/litellm_core_utils/thread_pool_executor.py
./.venv/Lib/site-packages/litellm/litellm_core_utils/token_counter.py
./.venv/Lib/site-packages/litellm/litellm_core_utils/tokenizers/__init__.py
./.venv/Lib/site-packages/litellm/llms/__init__.py
./.venv/Lib/site-packages/litellm/llms/ai21/chat/transformation.py
./.venv/Lib/site-packages/litellm/llms/aiml/__init__.py
./.venv/Lib/site-packages/litellm/llms/aiml/chat/transformation.py
./.venv/Lib/site-packages/litellm/llms/aiml/image_generation/__init__.py
./.venv/Lib/site-packages/litellm/llms/aiml/image_generation/cost_calculator.py
./.venv/Lib/site-packages/litellm/llms/aiml/image_generation/transformation.py
./.venv/Lib/site-packages/litellm/llms/aiohttp_openai/chat/transformation.py
./.venv/Lib/site-packages/litellm/llms/anthropic/__init__.py
./.venv/Lib/site-packages/litellm/llms/anthropic/batches/transformation.py
./.venv/Lib/site-packages/litellm/llms/anthropic/chat/__init__.py
./.venv/Lib/site-packages/litellm/llms/anthropic/chat/handler.py
./.venv/Lib/site-packages/litellm/llms/anthropic/chat/transformation.py
./.venv/Lib/site-packages/litellm/llms/anthropic/common_utils.py
./.venv/Lib/site-packages/litellm/llms/anthropic/completion/handler.py
./.venv/Lib/site-packages/litellm/llms/anthropic/completion/transformation.py
./.venv/Lib/site-packages/litellm/llms/anthropic/cost_calculation.py
./.venv/Lib/site-packages/litellm/llms/anthropic/experimental_pass_through/adapters/__init__.py
./.venv/Lib/site-packages/litellm/llms/anthropic/experimental_pass_through/adapters/handler.py
./.venv/Lib/site-packages/litellm/llms/anthropic/experimental_pass_through/adapters/streaming_iterator.py
./.venv/Lib/site-packages/litellm/llms/anthropic/experimental_pass_through/adapters/transformation.py
./.venv/Lib/site-packages/litellm/llms/anthropic/experimental_pass_through/messages/handler.py
./.venv/Lib/site-packages/litellm/llms/anthropic/experimental_pass_through/messages/streaming_iterator.py
./.venv/Lib/site-packages/litellm/llms/anthropic/experimental_pass_through/messages/transformation.py
./.venv/Lib/site-packages/litellm/llms/anthropic/experimental_pass_through/messages/utils.py
./.venv/Lib/site-packages/litellm/llms/azure/assistants.py
./.venv/Lib/site-packages/litellm/llms/azure/audio_transcriptions.py
./.venv/Lib/site-packages/litellm/llms/azure/azure.py
./.venv/Lib/site-packages/litellm/llms/azure/batches/handler.py
./.venv/Lib/site-packages/litellm/llms/azure/chat/gpt_5_transformation.py
./.venv/Lib/site-packages/litellm/llms/azure/chat/gpt_transformation.py
./.venv/Lib/site-packages/litellm/llms/azure/chat/o_series_handler.py
./.venv/Lib/site-packages/litellm/llms/azure/chat/o_series_transformation.py
./.venv/Lib/site-packages/litellm/llms/azure/common_utils.py
./.venv/Lib/site-packages/litellm/llms/azure/completion/handler.py
./.venv/Lib/site-packages/litellm/llms/azure/completion/transformation.py
./.venv/Lib/site-packages/litellm/llms/azure/cost_calculation.py
./.venv/Lib/site-packages/litellm/llms/azure/files/handler.py
./.venv/Lib/site-packages/litellm/llms/azure/fine_tuning/handler.py
./.venv/Lib/site-packages/litellm/llms/azure/image_edit/transformation.py
./.venv/Lib/site-packages/litellm/llms/azure/image_generation/__init__.py
./.venv/Lib/site-packages/litellm/llms/azure/image_generation/dall_e_2_transformation.py
./.venv/Lib/site-packages/litellm/llms/azure/image_generation/dall_e_3_transformation.py
./.venv/Lib/site-packages/litellm/llms/azure/image_generation/gpt_transformation.py
./.venv/Lib/site-packages/litellm/llms/azure/realtime/handler.py
./.venv/Lib/site-packages/litellm/llms/azure/responses/o_series_transformation.py
./.venv/Lib/site-packages/litellm/llms/azure/responses/transformation.py
./.venv/Lib/site-packages/litellm/llms/azure/vector_stores/transformation.py
./.venv/Lib/site-packages/litellm/llms/azure_ai/chat/handler.py
./.venv/Lib/site-packages/litellm/llms/azure_ai/chat/transformation.py
./.venv/Lib/site-packages/litellm/llms/azure_ai/common_utils.py
./.venv/Lib/site-packages/litellm/llms/azure_ai/embed/__init__.py
./.venv/Lib/site-packages/litellm/llms/azure_ai/embed/cohere_transformation.py
./.venv/Lib/site-packages/litellm/llms/azure_ai/embed/handler.py
./.venv/Lib/site-packages/litellm/llms/azure_ai/image_generation/__init__.py
./.venv/Lib/site-packages/litellm/llms/azure_ai/image_generation/cost_calculator.py
./.venv/Lib/site-packages/litellm/llms/azure_ai/image_generation/dall_e_2_transformation.py
./.venv/Lib/site-packages/litellm/llms/azure_ai/image_generation/dall_e_3_transformation.py
./.venv/Lib/site-packages/litellm/llms/azure_ai/image_generation/flux_transformation.py
./.venv/Lib/site-packages/litellm/llms/azure_ai/image_generation/gpt_transformation.py
./.venv/Lib/site-packages/litellm/llms/azure_ai/rerank/handler.py
./.venv/Lib/site-packages/litellm/llms/azure_ai/rerank/transformation.py
./.venv/Lib/site-packages/litellm/llms/base.py
./.venv/Lib/site-packages/litellm/llms/base_llm/__init__.py
./.venv/Lib/site-packages/litellm/llms/base_llm/anthropic_messages/transformation.py
./.venv/Lib/site-packages/litellm/llms/base_llm/audio_transcription/transformation.py
./.venv/Lib/site-packages/litellm/llms/base_llm/base_model_iterator.py
./.venv/Lib/site-packages/litellm/llms/base_llm/base_utils.py
./.venv/Lib/site-packages/litellm/llms/base_llm/bridges/completion_transformation.py
./.venv/Lib/site-packages/litellm/llms/base_llm/chat/transformation.py
./.venv/Lib/site-packages/litellm/llms/base_llm/completion/transformation.py
./.venv/Lib/site-packages/litellm/llms/base_llm/embedding/transformation.py
./.venv/Lib/site-packages/litellm/llms/base_llm/files/transformation.py
./.venv/Lib/site-packages/litellm/llms/base_llm/google_genai/transformation.py
./.venv/Lib/site-packages/litellm/llms/base_llm/image_edit/transformation.py
./.venv/Lib/site-packages/litellm/llms/base_llm/image_generation/transformation.py
./.venv/Lib/site-packages/litellm/llms/base_llm/image_variations/transformation.py
./.venv/Lib/site-packages/litellm/llms/base_llm/passthrough/transformation.py
./.venv/Lib/site-packages/litellm/llms/base_llm/realtime/transformation.py
./.venv/Lib/site-packages/litellm/llms/base_llm/rerank/transformation.py
./.venv/Lib/site-packages/litellm/llms/base_llm/responses/transformation.py
./.venv/Lib/site-packages/litellm/llms/base_llm/vector_store/transformation.py
./.venv/Lib/site-packages/litellm/llms/baseten/chat.py
./.venv/Lib/site-packages/litellm/llms/bedrock/base_aws_llm.py
./.venv/Lib/site-packages/litellm/llms/bedrock/chat/__init__.py
./.venv/Lib/site-packages/litellm/llms/bedrock/chat/converse_handler.py
./.venv/Lib/site-packages/litellm/llms/bedrock/chat/converse_like/handler.py
./.venv/Lib/site-packages/litellm/llms/bedrock/chat/converse_like/transformation.py
./.venv/Lib/site-packages/litellm/llms/bedrock/chat/converse_transformation.py
./.venv/Lib/site-packages/litellm/llms/bedrock/chat/invoke_agent/transformation.py
./.venv/Lib/site-packages/litellm/llms/bedrock/chat/invoke_handler.py
./.venv/Lib/site-packages/litellm/llms/bedrock/chat/invoke_transformations/amazon_ai21_transformation.py
./.venv/Lib/site-packages/litellm/llms/bedrock/chat/invoke_transformations/amazon_cohere_transformation.py
./.venv/Lib/site-packages/litellm/llms/bedrock/chat/invoke_transformations/amazon_deepseek_transformation.py
./.venv/Lib/site-packages/litellm/llms/bedrock/chat/invoke_transformations/amazon_llama_transformation.py
./.venv/Lib/site-packages/litellm/llms/bedrock/chat/invoke_transformations/amazon_mistral_transformation.py
./.venv/Lib/site-packages/litellm/llms/bedrock/chat/invoke_transformations/amazon_nova_transformation.py
./.venv/Lib/site-packages/litellm/llms/bedrock/chat/invoke_transformations/amazon_titan_transformation.py
./.venv/Lib/site-packages/litellm/llms/bedrock/chat/invoke_transformations/anthropic_claude2_transformation.py
./.venv/Lib/site-packages/litellm/llms/bedrock/chat/invoke_transformations/anthropic_claude3_transformation.py
./.venv/Lib/site-packages/litellm/llms/bedrock/chat/invoke_transformations/base_invoke_transformation.py
./.venv/Lib/site-packages/litellm/llms/bedrock/common_utils.py
./.venv/Lib/site-packages/litellm/llms/bedrock/cost_calculation.py
./.venv/Lib/site-packages/litellm/llms/bedrock/embed/amazon_titan_g1_transformation.py
./.venv/Lib/site-packages/litellm/llms/bedrock/embed/amazon_titan_multimodal_transformation.py
./.venv/Lib/site-packages/litellm/llms/bedrock/embed/amazon_titan_v2_transformation.py
./.venv/Lib/site-packages/litellm/llms/bedrock/embed/cohere_transformation.py
./.venv/Lib/site-packages/litellm/llms/bedrock/embed/embedding.py
./.venv/Lib/site-packages/litellm/llms/bedrock/image/amazon_nova_canvas_transformation.py
./.venv/Lib/site-packages/litellm/llms/bedrock/image/amazon_stability1_transformation.py
./.venv/Lib/site-packages/litellm/llms/bedrock/image/amazon_stability3_transformation.py
./.venv/Lib/site-packages/litellm/llms/bedrock/image/cost_calculator.py
./.venv/Lib/site-packages/litellm/llms/bedrock/image/image_handler.py
./.venv/Lib/site-packages/litellm/llms/bedrock/messages/invoke_transformations/anthropic_claude3_transformation.py
./.venv/Lib/site-packages/litellm/llms/bedrock/passthrough/transformation.py
./.venv/Lib/site-packages/litellm/llms/bedrock/rerank/handler.py
./.venv/Lib/site-packages/litellm/llms/bedrock/rerank/transformation.py
./.venv/Lib/site-packages/litellm/llms/bedrock/vector_stores/transformation.py
./.venv/Lib/site-packages/litellm/llms/bytez/chat/transformation.py
./.venv/Lib/site-packages/litellm/llms/bytez/common_utils.py
./.venv/Lib/site-packages/litellm/llms/cerebras/chat.py
./.venv/Lib/site-packages/litellm/llms/clarifai/chat/transformation.py
./.venv/Lib/site-packages/litellm/llms/clarifai/common_utils.py
./.venv/Lib/site-packages/litellm/llms/cloudflare/chat/handler.py
./.venv/Lib/site-packages/litellm/llms/cloudflare/chat/transformation.py
./.venv/Lib/site-packages/litellm/llms/codestral/completion/handler.py
./.venv/Lib/site-packages/litellm/llms/codestral/completion/transformation.py
./.venv/Lib/site-packages/litellm/llms/cohere/chat/transformation.py
./.venv/Lib/site-packages/litellm/llms/cohere/chat/v2_transformation.py
./.venv/Lib/site-packages/litellm/llms/cohere/common_utils.py
./.venv/Lib/site-packages/litellm/llms/cohere/completion/handler.py
./.venv/Lib/site-packages/litellm/llms/cohere/completion/transformation.py
./.venv/Lib/site-packages/litellm/llms/cohere/embed/handler.py
./.venv/Lib/site-packages/litellm/llms/cohere/embed/transformation.py
./.venv/Lib/site-packages/litellm/llms/cohere/embed/v1_transformation.py
./.venv/Lib/site-packages/litellm/llms/cohere/rerank/handler.py
./.venv/Lib/site-packages/litellm/llms/cohere/rerank/transformation.py
./.venv/Lib/site-packages/litellm/llms/cohere/rerank_v2/transformation.py
./.venv/Lib/site-packages/litellm/llms/cometapi/chat/transformation.py
./.venv/Lib/site-packages/litellm/llms/cometapi/common_utils.py
./.venv/Lib/site-packages/litellm/llms/custom_httpx/aiohttp_handler.py
./.venv/Lib/site-packages/litellm/llms/custom_httpx/aiohttp_transport.py
./.venv/Lib/site-packages/litellm/llms/custom_httpx/async_client_cleanup.py
./.venv/Lib/site-packages/litellm/llms/custom_httpx/http_handler.py
./.venv/Lib/site-packages/litellm/llms/custom_httpx/httpx_handler.py
./.venv/Lib/site-packages/litellm/llms/custom_httpx/llm_http_handler.py
./.venv/Lib/site-packages/litellm/llms/custom_llm.py
./.venv/Lib/site-packages/litellm/llms/dashscope/chat/transformation.py
./.venv/Lib/site-packages/litellm/llms/dashscope/cost_calculator.py
./.venv/Lib/site-packages/litellm/llms/databricks/chat/transformation.py
./.venv/Lib/site-packages/litellm/llms/databricks/common_utils.py
./.venv/Lib/site-packages/litellm/llms/databricks/cost_calculator.py
./.venv/Lib/site-packages/litellm/llms/databricks/embed/handler.py
./.venv/Lib/site-packages/litellm/llms/databricks/embed/transformation.py
./.venv/Lib/site-packages/litellm/llms/databricks/streaming_utils.py
./.venv/Lib/site-packages/litellm/llms/datarobot/chat/transformation.py
./.venv/Lib/site-packages/litellm/llms/deepgram/audio_transcription/transformation.py
./.venv/Lib/site-packages/litellm/llms/deepgram/common_utils.py
./.venv/Lib/site-packages/litellm/llms/deepinfra/chat/transformation.py
./.venv/Lib/site-packages/litellm/llms/deepinfra/rerank/transformation.py
./.venv/Lib/site-packages/litellm/llms/deepseek/chat/transformation.py
./.venv/Lib/site-packages/litellm/llms/deepseek/cost_calculator.py
./.venv/Lib/site-packages/litellm/llms/deprecated_providers/aleph_alpha.py
./.venv/Lib/site-packages/litellm/llms/deprecated_providers/palm.py
./.venv/Lib/site-packages/litellm/llms/elevenlabs/audio_transcription/transformation.py
./.venv/Lib/site-packages/litellm/llms/elevenlabs/common_utils.py
./.venv/Lib/site-packages/litellm/llms/empower/chat/transformation.py
./.venv/Lib/site-packages/litellm/llms/featherless_ai/chat/transformation.py
./.venv/Lib/site-packages/litellm/llms/fireworks_ai/audio_transcription/transformation.py
./.venv/Lib/site-packages/litellm/llms/fireworks_ai/chat/transformation.py
./.venv/Lib/site-packages/litellm/llms/fireworks_ai/common_utils.py
./.venv/Lib/site-packages/litellm/llms/fireworks_ai/completion/transformation.py
./.venv/Lib/site-packages/litellm/llms/fireworks_ai/cost_calculator.py
./.venv/Lib/site-packages/litellm/llms/fireworks_ai/embed/fireworks_ai_transformation.py
./.venv/Lib/site-packages/litellm/llms/friendliai/chat/transformation.py
./.venv/Lib/site-packages/litellm/llms/galadriel/chat/transformation.py
./.venv/Lib/site-packages/litellm/llms/gemini/chat/transformation.py
./.venv/Lib/site-packages/litellm/llms/gemini/common_utils.py
./.venv/Lib/site-packages/litellm/llms/gemini/cost_calculator.py
./.venv/Lib/site-packages/litellm/llms/gemini/count_tokens/handler.py
./.venv/Lib/site-packages/litellm/llms/gemini/files/transformation.py
./.venv/Lib/site-packages/litellm/llms/gemini/google_genai/transformation.py
./.venv/Lib/site-packages/litellm/llms/gemini/image_generation/__init__.py
./.venv/Lib/site-packages/litellm/llms/gemini/image_generation/cost_calculator.py
./.venv/Lib/site-packages/litellm/llms/gemini/image_generation/transformation.py
./.venv/Lib/site-packages/litellm/llms/gemini/realtime/transformation.py
./.venv/Lib/site-packages/litellm/llms/github/chat/transformation.py
./.venv/Lib/site-packages/litellm/llms/github_copilot/authenticator.py
./.venv/Lib/site-packages/litellm/llms/github_copilot/chat/transformation.py
./.venv/Lib/site-packages/litellm/llms/github_copilot/common_utils.py
./.venv/Lib/site-packages/litellm/llms/gradient_ai/chat/transformation.py
./.venv/Lib/site-packages/litellm/llms/groq/chat/handler.py
./.venv/Lib/site-packages/litellm/llms/groq/chat/transformation.py
./.venv/Lib/site-packages/litellm/llms/groq/stt/transformation.py
./.venv/Lib/site-packages/litellm/llms/hosted_vllm/chat/transformation.py
./.venv/Lib/site-packages/litellm/llms/hosted_vllm/rerank/transformation.py
./.venv/Lib/site-packages/litellm/llms/huggingface/chat/transformation.py
./.venv/Lib/site-packages/litellm/llms/huggingface/common_utils.py
./.venv/Lib/site-packages/litellm/llms/huggingface/embedding/handler.py
./.venv/Lib/site-packages/litellm/llms/huggingface/embedding/transformation.py
./.venv/Lib/site-packages/litellm/llms/huggingface/rerank/handler.py
./.venv/Lib/site-packages/litellm/llms/huggingface/rerank/transformation.py
./.venv/Lib/site-packages/litellm/llms/hyperbolic/__init__.py
./.venv/Lib/site-packages/litellm/llms/hyperbolic/chat/__init__.py
./.venv/Lib/site-packages/litellm/llms/hyperbolic/chat/transformation.py
./.venv/Lib/site-packages/litellm/llms/infinity/common_utils.py
./.venv/Lib/site-packages/litellm/llms/infinity/embedding/handler.py
./.venv/Lib/site-packages/litellm/llms/infinity/embedding/transformation.py
./.venv/Lib/site-packages/litellm/llms/infinity/rerank/handler.py
./.venv/Lib/site-packages/litellm/llms/infinity/rerank/transformation.py
./.venv/Lib/site-packages/litellm/llms/jina_ai/common_utils.py
./.venv/Lib/site-packages/litellm/llms/jina_ai/embedding/transformation.py
./.venv/Lib/site-packages/litellm/llms/jina_ai/rerank/handler.py
./.venv/Lib/site-packages/litellm/llms/jina_ai/rerank/transformation.py
./.venv/Lib/site-packages/litellm/llms/lambda_ai/__init__.py
./.venv/Lib/site-packages/litellm/llms/lambda_ai/chat/__init__.py
./.venv/Lib/site-packages/litellm/llms/lambda_ai/chat/transformation.py
./.venv/Lib/site-packages/litellm/llms/litellm_proxy/chat/transformation.py
./.venv/Lib/site-packages/litellm/llms/litellm_proxy/image_edit/transformation.py
./.venv/Lib/site-packages/litellm/llms/litellm_proxy/image_generation/transformation.py
./.venv/Lib/site-packages/litellm/llms/llamafile/chat/transformation.py
./.venv/Lib/site-packages/litellm/llms/lm_studio/chat/transformation.py
./.venv/Lib/site-packages/litellm/llms/lm_studio/embed/transformation.py
./.venv/Lib/site-packages/litellm/llms/maritalk.py
./.venv/Lib/site-packages/litellm/llms/meta_llama/chat/transformation.py
./.venv/Lib/site-packages/litellm/llms/mistral/chat/transformation.py
./.venv/Lib/site-packages/litellm/llms/mistral/embedding.py
./.venv/Lib/site-packages/litellm/llms/mistral/mistral_embedding_transformation.py
./.venv/Lib/site-packages/litellm/llms/moonshot/chat/transformation.py
./.venv/Lib/site-packages/litellm/llms/morph/__init__.py
./.venv/Lib/site-packages/litellm/llms/morph/chat/__init__.py
./.venv/Lib/site-packages/litellm/llms/morph/chat/transformation.py
./.venv/Lib/site-packages/litellm/llms/nebius/chat/transformation.py
./.venv/Lib/site-packages/litellm/llms/nebius/embedding/transformation.py
./.venv/Lib/site-packages/litellm/llms/nlp_cloud/chat/handler.py
./.venv/Lib/site-packages/litellm/llms/nlp_cloud/chat/transformation.py
./.venv/Lib/site-packages/litellm/llms/nlp_cloud/common_utils.py
./.venv/Lib/site-packages/litellm/llms/novita/chat/transformation.py
./.venv/Lib/site-packages/litellm/llms/nscale/chat/transformation.py
./.venv/Lib/site-packages/litellm/llms/nvidia_nim/chat/transformation.py
./.venv/Lib/site-packages/litellm/llms/nvidia_nim/embed.py
./.venv/Lib/site-packages/litellm/llms/oci/chat/transformation.py
./.venv/Lib/site-packages/litellm/llms/oci/common_utils.py
./.venv/Lib/site-packages/litellm/llms/ollama/chat/transformation.py
./.venv/Lib/site-packages/litellm/llms/ollama/common_utils.py
./.venv/Lib/site-packages/litellm/llms/ollama/completion/handler.py
./.venv/Lib/site-packages/litellm/llms/ollama/completion/transformation.py
./.venv/Lib/site-packages/litellm/llms/ollama_chat.py
./.venv/Lib/site-packages/litellm/llms/oobabooga/chat/oobabooga.py
./.venv/Lib/site-packages/litellm/llms/oobabooga/chat/transformation.py
./.venv/Lib/site-packages/litellm/llms/oobabooga/common_utils.py
./.venv/Lib/site-packages/litellm/llms/openai/chat/gpt_5_transformation.py
./.venv/Lib/site-packages/litellm/llms/openai/chat/gpt_audio_transformation.py
./.venv/Lib/site-packages/litellm/llms/openai/chat/gpt_transformation.py
./.venv/Lib/site-packages/litellm/llms/openai/chat/o_series_handler.py
./.venv/Lib/site-packages/litellm/llms/openai/chat/o_series_transformation.py
./.venv/Lib/site-packages/litellm/llms/openai/common_utils.py
./.venv/Lib/site-packages/litellm/llms/openai/completion/handler.py
./.venv/Lib/site-packages/litellm/llms/openai/completion/transformation.py
./.venv/Lib/site-packages/litellm/llms/openai/completion/utils.py
./.venv/Lib/site-packages/litellm/llms/openai/cost_calculation.py
./.venv/Lib/site-packages/litellm/llms/openai/fine_tuning/handler.py
./.venv/Lib/site-packages/litellm/llms/openai/image_edit/transformation.py
./.venv/Lib/site-packages/litellm/llms/openai/image_generation/__init__.py
./.venv/Lib/site-packages/litellm/llms/openai/image_generation/dall_e_2_transformation.py
./.venv/Lib/site-packages/litellm/llms/openai/image_generation/dall_e_3_transformation.py
./.venv/Lib/site-packages/litellm/llms/openai/image_generation/gpt_transformation.py
./.venv/Lib/site-packages/litellm/llms/openai/image_variations/handler.py
./.venv/Lib/site-packages/litellm/llms/openai/image_variations/transformation.py
./.venv/Lib/site-packages/litellm/llms/openai/openai.py
./.venv/Lib/site-packages/litellm/llms/openai/realtime/handler.py
./.venv/Lib/site-packages/litellm/llms/openai/responses/transformation.py
./.venv/Lib/site-packages/litellm/llms/openai/transcriptions/gpt_transformation.py
./.venv/Lib/site-packages/litellm/llms/openai/transcriptions/handler.py
./.venv/Lib/site-packages/litellm/llms/openai/transcriptions/whisper_transformation.py
./.venv/Lib/site-packages/litellm/llms/openai/vector_stores/transformation.py
./.venv/Lib/site-packages/litellm/llms/openai_like/chat/handler.py
./.venv/Lib/site-packages/litellm/llms/openai_like/chat/transformation.py
./.venv/Lib/site-packages/litellm/llms/openai_like/common_utils.py
./.venv/Lib/site-packages/litellm/llms/openai_like/embedding/handler.py
./.venv/Lib/site-packages/litellm/llms/openrouter/chat/transformation.py
./.venv/Lib/site-packages/litellm/llms/openrouter/common_utils.py
./.venv/Lib/site-packages/litellm/llms/perplexity/chat/transformation.py
./.venv/Lib/site-packages/litellm/llms/perplexity/cost_calculator.py
./.venv/Lib/site-packages/litellm/llms/petals/common_utils.py
./.venv/Lib/site-packages/litellm/llms/petals/completion/handler.py
./.venv/Lib/site-packages/litellm/llms/petals/completion/transformation.py
./.venv/Lib/site-packages/litellm/llms/pg_vector/vector_stores/transformation.py
./.venv/Lib/site-packages/litellm/llms/predibase/chat/handler.py
./.venv/Lib/site-packages/litellm/llms/predibase/chat/transformation.py
./.venv/Lib/site-packages/litellm/llms/predibase/common_utils.py
./.venv/Lib/site-packages/litellm/llms/recraft/cost_calculator.py
./.venv/Lib/site-packages/litellm/llms/recraft/image_edit/transformation.py
./.venv/Lib/site-packages/litellm/llms/recraft/image_generation/__init__.py
./.venv/Lib/site-packages/litellm/llms/recraft/image_generation/transformation.py
./.venv/Lib/site-packages/litellm/llms/replicate/chat/handler.py
./.venv/Lib/site-packages/litellm/llms/replicate/chat/transformation.py
./.venv/Lib/site-packages/litellm/llms/replicate/common_utils.py
./.venv/Lib/site-packages/litellm/llms/sagemaker/chat/handler.py
./.venv/Lib/site-packages/litellm/llms/sagemaker/chat/transformation.py
./.venv/Lib/site-packages/litellm/llms/sagemaker/common_utils.py
./.venv/Lib/site-packages/litellm/llms/sagemaker/completion/handler.py
./.venv/Lib/site-packages/litellm/llms/sagemaker/completion/transformation.py
./.venv/Lib/site-packages/litellm/llms/sambanova/chat.py
./.venv/Lib/site-packages/litellm/llms/sambanova/common_utils.py
./.venv/Lib/site-packages/litellm/llms/sambanova/embedding/handler.py
./.venv/Lib/site-packages/litellm/llms/sambanova/embedding/transformation.py
./.venv/Lib/site-packages/litellm/llms/snowflake/chat/transformation.py
./.venv/Lib/site-packages/litellm/llms/snowflake/common_utils.py
./.venv/Lib/site-packages/litellm/llms/together_ai/chat.py
./.venv/Lib/site-packages/litellm/llms/together_ai/completion/handler.py
./.venv/Lib/site-packages/litellm/llms/together_ai/completion/transformation.py
./.venv/Lib/site-packages/litellm/llms/together_ai/cost_calculator.py
./.venv/Lib/site-packages/litellm/llms/together_ai/embed.py
./.venv/Lib/site-packages/litellm/llms/together_ai/rerank/handler.py
./.venv/Lib/site-packages/litellm/llms/together_ai/rerank/transformation.py
./.venv/Lib/site-packages/litellm/llms/topaz/common_utils.py
./.venv/Lib/site-packages/litellm/llms/topaz/image_variations/transformation.py
./.venv/Lib/site-packages/litellm/llms/triton/common_utils.py
./.venv/Lib/site-packages/litellm/llms/triton/completion/handler.py
./.venv/Lib/site-packages/litellm/llms/triton/completion/transformation.py
./.venv/Lib/site-packages/litellm/llms/triton/embedding/transformation.py
./.venv/Lib/site-packages/litellm/llms/v0/__init__.py
./.venv/Lib/site-packages/litellm/llms/v0/chat/__init__.py
./.venv/Lib/site-packages/litellm/llms/v0/chat/transformation.py
./.venv/Lib/site-packages/litellm/llms/vercel_ai_gateway/chat/transformation.py
./.venv/Lib/site-packages/litellm/llms/vercel_ai_gateway/common_utils.py
./.venv/Lib/site-packages/litellm/llms/vertex_ai/batches/handler.py
./.venv/Lib/site-packages/litellm/llms/vertex_ai/batches/transformation.py
./.venv/Lib/site-packages/litellm/llms/vertex_ai/common_utils.py
./.venv/Lib/site-packages/litellm/llms/vertex_ai/context_caching/transformation.py
./.venv/Lib/site-packages/litellm/llms/vertex_ai/context_caching/vertex_ai_context_caching.py
./.venv/Lib/site-packages/litellm/llms/vertex_ai/cost_calculator.py
./.venv/Lib/site-packages/litellm/llms/vertex_ai/count_tokens/handler.py
./.venv/Lib/site-packages/litellm/llms/vertex_ai/files/handler.py
./.venv/Lib/site-packages/litellm/llms/vertex_ai/files/transformation.py
./.venv/Lib/site-packages/litellm/llms/vertex_ai/fine_tuning/handler.py
./.venv/Lib/site-packages/litellm/llms/vertex_ai/gemini/cost_calculator.py
./.venv/Lib/site-packages/litellm/llms/vertex_ai/gemini/transformation.py
./.venv/Lib/site-packages/litellm/llms/vertex_ai/gemini/vertex_and_google_ai_studio_gemini.py
./.venv/Lib/site-packages/litellm/llms/vertex_ai/gemini_embeddings/batch_embed_content_handler.py
./.venv/Lib/site-packages/litellm/llms/vertex_ai/gemini_embeddings/batch_embed_content_transformation.py
./.venv/Lib/site-packages/litellm/llms/vertex_ai/google_genai/transformation.py
./.venv/Lib/site-packages/litellm/llms/vertex_ai/image_generation/cost_calculator.py
./.venv/Lib/site-packages/litellm/llms/vertex_ai/image_generation/image_generation_handler.py
./.venv/Lib/site-packages/litellm/llms/vertex_ai/multimodal_embeddings/embedding_handler.py
./.venv/Lib/site-packages/litellm/llms/vertex_ai/multimodal_embeddings/transformation.py
./.venv/Lib/site-packages/litellm/llms/vertex_ai/text_to_speech/text_to_speech_handler.py
./.venv/Lib/site-packages/litellm/llms/vertex_ai/vector_stores/__init__.py
./.venv/Lib/site-packages/litellm/llms/vertex_ai/vector_stores/transformation.py
./.venv/Lib/site-packages/litellm/llms/vertex_ai/vertex_ai_non_gemini.py
./.venv/Lib/site-packages/litellm/llms/vertex_ai/vertex_ai_partner_models/__init__.py
./.venv/Lib/site-packages/litellm/llms/vertex_ai/vertex_ai_partner_models/ai21/transformation.py
./.venv/Lib/site-packages/litellm/llms/vertex_ai/vertex_ai_partner_models/anthropic/experimental_pass_through/transformation.py
./.venv/Lib/site-packages/litellm/llms/vertex_ai/vertex_ai_partner_models/anthropic/transformation.py
./.venv/Lib/site-packages/litellm/llms/vertex_ai/vertex_ai_partner_models/llama3/transformation.py
./.venv/Lib/site-packages/litellm/llms/vertex_ai/vertex_ai_partner_models/main.py
./.venv/Lib/site-packages/litellm/llms/vertex_ai/vertex_embeddings/embedding_handler.py
./.venv/Lib/site-packages/litellm/llms/vertex_ai/vertex_embeddings/transformation.py
./.venv/Lib/site-packages/litellm/llms/vertex_ai/vertex_embeddings/types.py
./.venv/Lib/site-packages/litellm/llms/vertex_ai/vertex_llm_base.py
./.venv/Lib/site-packages/litellm/llms/vertex_ai/vertex_model_garden/main.py
./.venv/Lib/site-packages/litellm/llms/vllm/common_utils.py
./.venv/Lib/site-packages/litellm/llms/vllm/completion/handler.py
./.venv/Lib/site-packages/litellm/llms/vllm/completion/transformation.py
./.venv/Lib/site-packages/litellm/llms/vllm/passthrough/transformation.py
./.venv/Lib/site-packages/litellm/llms/volcengine.py
./.venv/Lib/site-packages/litellm/llms/voyage/embedding/transformation.py
./.venv/Lib/site-packages/litellm/llms/voyage/embedding/transformation_contextual.py
./.venv/Lib/site-packages/litellm/llms/watsonx/chat/handler.py
./.venv/Lib/site-packages/litellm/llms/watsonx/chat/transformation.py
./.venv/Lib/site-packages/litellm/llms/watsonx/common_utils.py
./.venv/Lib/site-packages/litellm/llms/watsonx/completion/handler.py
./.venv/Lib/site-packages/litellm/llms/watsonx/completion/transformation.py
./.venv/Lib/site-packages/litellm/llms/watsonx/embed/transformation.py
./.venv/Lib/site-packages/litellm/llms/xai/chat/transformation.py
./.venv/Lib/site-packages/litellm/llms/xai/common_utils.py
./.venv/Lib/site-packages/litellm/llms/xinference/image_generation/__init__.py
./.venv/Lib/site-packages/litellm/llms/xinference/image_generation/transformation.py
./.venv/Lib/site-packages/litellm/main.py
./.venv/Lib/site-packages/litellm/passthrough/__init__.py
./.venv/Lib/site-packages/litellm/passthrough/main.py
./.venv/Lib/site-packages/litellm/passthrough/utils.py
./.venv/Lib/site-packages/litellm/proxy/__init__.py
./.venv/Lib/site-packages/litellm/proxy/_experimental/mcp_server/auth/litellm_auth_handler.py
./.venv/Lib/site-packages/litellm/proxy/_experimental/mcp_server/auth/user_api_key_auth_mcp.py
./.venv/Lib/site-packages/litellm/proxy/_experimental/mcp_server/cost_calculator.py
./.venv/Lib/site-packages/litellm/proxy/_experimental/mcp_server/db.py
./.venv/Lib/site-packages/litellm/proxy/_experimental/mcp_server/mcp_server_manager.py
./.venv/Lib/site-packages/litellm/proxy/_experimental/mcp_server/rest_endpoints.py
./.venv/Lib/site-packages/litellm/proxy/_experimental/mcp_server/server.py
./.venv/Lib/site-packages/litellm/proxy/_experimental/mcp_server/sse_transport.py
./.venv/Lib/site-packages/litellm/proxy/_experimental/mcp_server/tool_registry.py
./.venv/Lib/site-packages/litellm/proxy/_experimental/mcp_server/utils.py
./.venv/Lib/site-packages/litellm/proxy/_experimental/post_call_rules.py
./.venv/Lib/site-packages/litellm/proxy/_logging.py
./.venv/Lib/site-packages/litellm/proxy/_types.py
./.venv/Lib/site-packages/litellm/proxy/analytics_endpoints/analytics_endpoints.py
./.venv/Lib/site-packages/litellm/proxy/anthropic_endpoints/endpoints.py
./.venv/Lib/site-packages/litellm/proxy/auth/auth_checks.py
./.venv/Lib/site-packages/litellm/proxy/auth/auth_checks_organization.py
./.venv/Lib/site-packages/litellm/proxy/auth/auth_exception_handler.py
./.venv/Lib/site-packages/litellm/proxy/auth/auth_utils.py
./.venv/Lib/site-packages/litellm/proxy/auth/handle_jwt.py
./.venv/Lib/site-packages/litellm/proxy/auth/litellm_license.py
./.venv/Lib/site-packages/litellm/proxy/auth/model_checks.py
./.venv/Lib/site-packages/litellm/proxy/auth/oauth2_check.py
./.venv/Lib/site-packages/litellm/proxy/auth/oauth2_proxy_hook.py
./.venv/Lib/site-packages/litellm/proxy/auth/rds_iam_token.py
./.venv/Lib/site-packages/litellm/proxy/auth/route_checks.py
./.venv/Lib/site-packages/litellm/proxy/auth/user_api_key_auth.py
./.venv/Lib/site-packages/litellm/proxy/batches_endpoints/endpoints.py
./.venv/Lib/site-packages/litellm/proxy/caching_routes.py
./.venv/Lib/site-packages/litellm/proxy/client/__init__.py
./.venv/Lib/site-packages/litellm/proxy/client/chat.py
./.venv/Lib/site-packages/litellm/proxy/client/cli/__init__.py
./.venv/Lib/site-packages/litellm/proxy/client/cli/commands/__init__.py
./.venv/Lib/site-packages/litellm/proxy/client/cli/commands/auth.py
./.venv/Lib/site-packages/litellm/proxy/client/cli/commands/chat.py
./.venv/Lib/site-packages/litellm/proxy/client/cli/commands/credentials.py
./.venv/Lib/site-packages/litellm/proxy/client/cli/commands/http.py
./.venv/Lib/site-packages/litellm/proxy/client/cli/commands/keys.py
./.venv/Lib/site-packages/litellm/proxy/client/cli/commands/models.py
./.venv/Lib/site-packages/litellm/proxy/client/cli/commands/users.py
./.venv/Lib/site-packages/litellm/proxy/client/cli/interface.py
./.venv/Lib/site-packages/litellm/proxy/client/cli/main.py
./.venv/Lib/site-packages/litellm/proxy/client/client.py
./.venv/Lib/site-packages/litellm/proxy/client/credentials.py
./.venv/Lib/site-packages/litellm/proxy/client/exceptions.py
./.venv/Lib/site-packages/litellm/proxy/client/health.py
./.venv/Lib/site-packages/litellm/proxy/client/http_client.py
./.venv/Lib/site-packages/litellm/proxy/client/keys.py
./.venv/Lib/site-packages/litellm/proxy/client/model_groups.py
./.venv/Lib/site-packages/litellm/proxy/client/models.py
./.venv/Lib/site-packages/litellm/proxy/client/users.py
./.venv/Lib/site-packages/litellm/proxy/common_request_processing.py
./.venv/Lib/site-packages/litellm/proxy/common_utils/admin_ui_utils.py
./.venv/Lib/site-packages/litellm/proxy/common_utils/banner.py
./.venv/Lib/site-packages/litellm/proxy/common_utils/callback_utils.py
./.venv/Lib/site-packages/litellm/proxy/common_utils/custom_openapi_spec.py
./.venv/Lib/site-packages/litellm/proxy/common_utils/debug_utils.py
./.venv/Lib/site-packages/litellm/proxy/common_utils/encrypt_decrypt_utils.py
./.venv/Lib/site-packages/litellm/proxy/common_utils/get_routes.py
./.venv/Lib/site-packages/litellm/proxy/common_utils/html_forms/cli_sso_success.py
./.venv/Lib/site-packages/litellm/proxy/common_utils/html_forms/jwt_display_template.py
./.venv/Lib/site-packages/litellm/proxy/common_utils/html_forms/ui_login.py
./.venv/Lib/site-packages/litellm/proxy/common_utils/http_parsing_utils.py
./.venv/Lib/site-packages/litellm/proxy/common_utils/load_config_utils.py
./.venv/Lib/site-packages/litellm/proxy/common_utils/openai_endpoint_utils.py
./.venv/Lib/site-packages/litellm/proxy/common_utils/proxy_state.py
./.venv/Lib/site-packages/litellm/proxy/common_utils/reset_budget_job.py
./.venv/Lib/site-packages/litellm/proxy/common_utils/swagger_utils.py
./.venv/Lib/site-packages/litellm/proxy/common_utils/timezone_utils.py
./.venv/Lib/site-packages/litellm/proxy/config_management_endpoints/pass_through_endpoints.py
./.venv/Lib/site-packages/litellm/proxy/credential_endpoints/endpoints.py
./.venv/Lib/site-packages/litellm/proxy/custom_auth_auto.py
./.venv/Lib/site-packages/litellm/proxy/custom_hooks/custom_ui_sso_hook.py
./.venv/Lib/site-packages/litellm/proxy/custom_prompt_management.py
./.venv/Lib/site-packages/litellm/proxy/custom_sso.py
./.venv/Lib/site-packages/litellm/proxy/custom_validate.py
./.venv/Lib/site-packages/litellm/proxy/db/base_client.py
./.venv/Lib/site-packages/litellm/proxy/db/check_migration.py
./.venv/Lib/site-packages/litellm/proxy/db/create_views.py
./.venv/Lib/site-packages/litellm/proxy/db/db_spend_update_writer.py
./.venv/Lib/site-packages/litellm/proxy/db/db_transaction_queue/base_update_queue.py
./.venv/Lib/site-packages/litellm/proxy/db/db_transaction_queue/daily_spend_update_queue.py
./.venv/Lib/site-packages/litellm/proxy/db/db_transaction_queue/pod_lock_manager.py
./.venv/Lib/site-packages/litellm/proxy/db/db_transaction_queue/redis_update_buffer.py
./.venv/Lib/site-packages/litellm/proxy/db/db_transaction_queue/spend_log_cleanup.py
./.venv/Lib/site-packages/litellm/proxy/db/db_transaction_queue/spend_update_queue.py
./.venv/Lib/site-packages/litellm/proxy/db/dynamo_db.py
./.venv/Lib/site-packages/litellm/proxy/db/exception_handler.py
./.venv/Lib/site-packages/litellm/proxy/db/log_db_metrics.py
./.venv/Lib/site-packages/litellm/proxy/db/prisma_client.py
./.venv/Lib/site-packages/litellm/proxy/discovery_endpoints/__init__.py
./.venv/Lib/site-packages/litellm/proxy/discovery_endpoints/ui_discovery_endpoints.py
./.venv/Lib/site-packages/litellm/proxy/example_config_yaml/custom_auth.py
./.venv/Lib/site-packages/litellm/proxy/example_config_yaml/custom_auth_basic.py
./.venv/Lib/site-packages/litellm/proxy/example_config_yaml/custom_callbacks.py
./.venv/Lib/site-packages/litellm/proxy/example_config_yaml/custom_callbacks1.py
./.venv/Lib/site-packages/litellm/proxy/example_config_yaml/custom_guardrail.py
./.venv/Lib/site-packages/litellm/proxy/example_config_yaml/custom_handler.py
./.venv/Lib/site-packages/litellm/proxy/fine_tuning_endpoints/endpoints.py
./.venv/Lib/site-packages/litellm/proxy/google_endpoints/endpoints.py
./.venv/Lib/site-packages/litellm/proxy/guardrails/guardrail_endpoints.py
./.venv/Lib/site-packages/litellm/proxy/guardrails/guardrail_helpers.py
./.venv/Lib/site-packages/litellm/proxy/guardrails/guardrail_hooks/aim/__init__.py
./.venv/Lib/site-packages/litellm/proxy/guardrails/guardrail_hooks/aim/aim.py
./.venv/Lib/site-packages/litellm/proxy/guardrails/guardrail_hooks/aporia_ai/__init__.py
./.venv/Lib/site-packages/litellm/proxy/guardrails/guardrail_hooks/aporia_ai/aporia_ai.py
./.venv/Lib/site-packages/litellm/proxy/guardrails/guardrail_hooks/azure/__init__.py
./.venv/Lib/site-packages/litellm/proxy/guardrails/guardrail_hooks/azure/base.py
./.venv/Lib/site-packages/litellm/proxy/guardrails/guardrail_hooks/azure/prompt_shield.py
./.venv/Lib/site-packages/litellm/proxy/guardrails/guardrail_hooks/azure/text_moderation.py
./.venv/Lib/site-packages/litellm/proxy/guardrails/guardrail_hooks/bedrock_guardrails.py
./.venv/Lib/site-packages/litellm/proxy/guardrails/guardrail_hooks/custom_guardrail.py
./.venv/Lib/site-packages/litellm/proxy/guardrails/guardrail_hooks/guardrails_ai/__init__.py
./.venv/Lib/site-packages/litellm/proxy/guardrails/guardrail_hooks/guardrails_ai/guardrails_ai.py
./.venv/Lib/site-packages/litellm/proxy/guardrails/guardrail_hooks/lakera_ai.py
./.venv/Lib/site-packages/litellm/proxy/guardrails/guardrail_hooks/lakera_ai_v2.py
./.venv/Lib/site-packages/litellm/proxy/guardrails/guardrail_hooks/lasso/__init__.py
./.venv/Lib/site-packages/litellm/proxy/guardrails/guardrail_hooks/lasso/lasso.py
./.venv/Lib/site-packages/litellm/proxy/guardrails/guardrail_hooks/model_armor/__init__.py
./.venv/Lib/site-packages/litellm/proxy/guardrails/guardrail_hooks/model_armor/model_armor.py
./.venv/Lib/site-packages/litellm/proxy/guardrails/guardrail_hooks/noma/__init__.py
./.venv/Lib/site-packages/litellm/proxy/guardrails/guardrail_hooks/noma/noma.py
./.venv/Lib/site-packages/litellm/proxy/guardrails/guardrail_hooks/openai/__init__.py
./.venv/Lib/site-packages/litellm/proxy/guardrails/guardrail_hooks/openai/base.py
./.venv/Lib/site-packages/litellm/proxy/guardrails/guardrail_hooks/openai/moderations.py
./.venv/Lib/site-packages/litellm/proxy/guardrails/guardrail_hooks/pangea/__init__.py
./.venv/Lib/site-packages/litellm/proxy/guardrails/guardrail_hooks/pangea/pangea.py
./.venv/Lib/site-packages/litellm/proxy/guardrails/guardrail_hooks/panw_prisma_airs/__init__.py
./.venv/Lib/site-packages/litellm/proxy/guardrails/guardrail_hooks/panw_prisma_airs/panw_prisma_airs.py
./.venv/Lib/site-packages/litellm/proxy/guardrails/guardrail_hooks/pillar/__init__.py
./.venv/Lib/site-packages/litellm/proxy/guardrails/guardrail_hooks/pillar/pillar.py
./.venv/Lib/site-packages/litellm/proxy/guardrails/guardrail_hooks/presidio.py
./.venv/Lib/site-packages/litellm/proxy/guardrails/guardrail_initializers.py
./.venv/Lib/site-packages/litellm/proxy/guardrails/guardrail_registry.py
./.venv/Lib/site-packages/litellm/proxy/guardrails/init_guardrails.py
./.venv/Lib/site-packages/litellm/proxy/health_check.py
./.venv/Lib/site-packages/litellm/proxy/health_endpoints/_health_endpoints.py
./.venv/Lib/site-packages/litellm/proxy/health_endpoints/health_app_factory.py
./.venv/Lib/site-packages/litellm/proxy/hooks/__init__.py
./.venv/Lib/site-packages/litellm/proxy/hooks/azure_content_safety.py
./.venv/Lib/site-packages/litellm/proxy/hooks/batch_redis_get.py
./.venv/Lib/site-packages/litellm/proxy/hooks/cache_control_check.py
./.venv/Lib/site-packages/litellm/proxy/hooks/dynamic_rate_limiter.py
./.venv/Lib/site-packages/litellm/proxy/hooks/key_management_event_hooks.py
./.venv/Lib/site-packages/litellm/proxy/hooks/max_budget_limiter.py
./.venv/Lib/site-packages/litellm/proxy/hooks/model_max_budget_limiter.py
./.venv/Lib/site-packages/litellm/proxy/hooks/parallel_request_limiter.py
./.venv/Lib/site-packages/litellm/proxy/hooks/parallel_request_limiter_v3.py
./.venv/Lib/site-packages/litellm/proxy/hooks/prompt_injection_detection.py
./.venv/Lib/site-packages/litellm/proxy/hooks/proxy_track_cost_callback.py
./.venv/Lib/site-packages/litellm/proxy/hooks/user_management_event_hooks.py
./.venv/Lib/site-packages/litellm/proxy/image_endpoints/__init__.py
./.venv/Lib/site-packages/litellm/proxy/image_endpoints/endpoints.py
./.venv/Lib/site-packages/litellm/proxy/lambda.py
./.venv/Lib/site-packages/litellm/proxy/litellm_pre_call_utils.py
./.venv/Lib/site-packages/litellm/proxy/management_endpoints/budget_management_endpoints.py
./.venv/Lib/site-packages/litellm/proxy/management_endpoints/callback_management_endpoints.py
./.venv/Lib/site-packages/litellm/proxy/management_endpoints/common_daily_activity.py
./.venv/Lib/site-packages/litellm/proxy/management_endpoints/common_utils.py
./.venv/Lib/site-packages/litellm/proxy/management_endpoints/customer_endpoints.py
./.venv/Lib/site-packages/litellm/proxy/management_endpoints/internal_user_endpoints.py
./.venv/Lib/site-packages/litellm/proxy/management_endpoints/key_management_endpoints.py
./.venv/Lib/site-packages/litellm/proxy/management_endpoints/mcp_management_endpoints.py
./.venv/Lib/site-packages/litellm/proxy/management_endpoints/model_management_endpoints.py
./.venv/Lib/site-packages/litellm/proxy/management_endpoints/organization_endpoints.py
./.venv/Lib/site-packages/litellm/proxy/management_endpoints/scim/scim_transformations.py
./.venv/Lib/site-packages/litellm/proxy/management_endpoints/scim/scim_v2.py
./.venv/Lib/site-packages/litellm/proxy/management_endpoints/sso_helper_utils.py
./.venv/Lib/site-packages/litellm/proxy/management_endpoints/tag_management_endpoints.py
./.venv/Lib/site-packages/litellm/proxy/management_endpoints/team_callback_endpoints.py
./.venv/Lib/site-packages/litellm/proxy/management_endpoints/team_endpoints.py
./.venv/Lib/site-packages/litellm/proxy/management_endpoints/types.py
./.venv/Lib/site-packages/litellm/proxy/management_endpoints/ui_sso.py
./.venv/Lib/site-packages/litellm/proxy/management_endpoints/user_agent_analytics_endpoints.py
./.venv/Lib/site-packages/litellm/proxy/management_helpers/audit_logs.py
./.venv/Lib/site-packages/litellm/proxy/management_helpers/object_permission_utils.py
./.venv/Lib/site-packages/litellm/proxy/management_helpers/team_member_permission_checks.py
./.venv/Lib/site-packages/litellm/proxy/management_helpers/user_invitation.py
./.venv/Lib/site-packages/litellm/proxy/management_helpers/utils.py
./.venv/Lib/site-packages/litellm/proxy/mcp_tools.py
./.venv/Lib/site-packages/litellm/proxy/middleware/prometheus_auth_middleware.py
./.venv/Lib/site-packages/litellm/proxy/openai_files_endpoints/common_utils.py
./.venv/Lib/site-packages/litellm/proxy/openai_files_endpoints/files_endpoints.py
./.venv/Lib/site-packages/litellm/proxy/pass_through_endpoints/common_utils.py
./.venv/Lib/site-packages/litellm/proxy/pass_through_endpoints/llm_passthrough_endpoints.py
./.venv/Lib/site-packages/litellm/proxy/pass_through_endpoints/llm_provider_handlers/anthropic_passthrough_logging_handler.py
./.venv/Lib/site-packages/litellm/proxy/pass_through_endpoints/llm_provider_handlers/assembly_passthrough_logging_handler.py
./.venv/Lib/site-packages/litellm/proxy/pass_through_endpoints/llm_provider_handlers/base_passthrough_logging_handler.py
./.venv/Lib/site-packages/litellm/proxy/pass_through_endpoints/llm_provider_handlers/cohere_passthrough_logging_handler.py
./.venv/Lib/site-packages/litellm/proxy/pass_through_endpoints/llm_provider_handlers/vertex_passthrough_logging_handler.py
./.venv/Lib/site-packages/litellm/proxy/pass_through_endpoints/pass_through_endpoints.py
./.venv/Lib/site-packages/litellm/proxy/pass_through_endpoints/passthrough_endpoint_router.py
./.venv/Lib/site-packages/litellm/proxy/pass_through_endpoints/streaming_handler.py
./.venv/Lib/site-packages/litellm/proxy/pass_through_endpoints/success_handler.py
./.venv/Lib/site-packages/litellm/proxy/post_call_rules.py
./.venv/Lib/site-packages/litellm/proxy/prisma_migration.py
./.venv/Lib/site-packages/litellm/proxy/prompts/__init__.py
./.venv/Lib/site-packages/litellm/proxy/prompts/init_prompts.py
./.venv/Lib/site-packages/litellm/proxy/prompts/prompt_endpoints.py
./.venv/Lib/site-packages/litellm/proxy/prompts/prompt_registry.py
./.venv/Lib/site-packages/litellm/proxy/proxy_cli.py
./.venv/Lib/site-packages/litellm/proxy/proxy_server.py
./.venv/Lib/site-packages/litellm/proxy/public_endpoints/__init__.py
./.venv/Lib/site-packages/litellm/proxy/public_endpoints/public_endpoints.py
./.venv/Lib/site-packages/litellm/proxy/rerank_endpoints/endpoints.py
./.venv/Lib/site-packages/litellm/proxy/response_api_endpoints/endpoints.py
./.venv/Lib/site-packages/litellm/proxy/route_llm_request.py
./.venv/Lib/site-packages/litellm/proxy/spend_tracking/cloudzero_endpoints.py
./.venv/Lib/site-packages/litellm/proxy/spend_tracking/cold_storage_handler.py
./.venv/Lib/site-packages/litellm/proxy/spend_tracking/spend_management_endpoints.py
./.venv/Lib/site-packages/litellm/proxy/spend_tracking/spend_tracking_utils.py
./.venv/Lib/site-packages/litellm/proxy/types_utils/utils.py
./.venv/Lib/site-packages/litellm/proxy/ui_crud_endpoints/__init__.py
./.venv/Lib/site-packages/litellm/proxy/ui_crud_endpoints/proxy_setting_endpoints.py
./.venv/Lib/site-packages/litellm/proxy/utils.py
./.venv/Lib/site-packages/litellm/proxy/vector_store_endpoints/endpoints.py
./.venv/Lib/site-packages/litellm/proxy/vertex_ai_endpoints/langfuse_endpoints.py
./.venv/Lib/site-packages/litellm/realtime_api/main.py
./.venv/Lib/site-packages/litellm/rerank_api/main.py
./.venv/Lib/site-packages/litellm/rerank_api/rerank_utils.py
./.venv/Lib/site-packages/litellm/responses/litellm_completion_transformation/handler.py
./.venv/Lib/site-packages/litellm/responses/litellm_completion_transformation/session_handler.py
./.venv/Lib/site-packages/litellm/responses/litellm_completion_transformation/streaming_iterator.py
./.venv/Lib/site-packages/litellm/responses/litellm_completion_transformation/transformation.py
./.venv/Lib/site-packages/litellm/responses/main.py
./.venv/Lib/site-packages/litellm/responses/mcp/litellm_proxy_mcp_handler.py
./.venv/Lib/site-packages/litellm/responses/streaming_iterator.py
./.venv/Lib/site-packages/litellm/responses/utils.py
./.venv/Lib/site-packages/litellm/router.py
./.venv/Lib/site-packages/litellm/router_strategy/auto_router/auto_router.py
./.venv/Lib/site-packages/litellm/router_strategy/auto_router/litellm_encoder.py
./.venv/Lib/site-packages/litellm/router_strategy/base_routing_strategy.py
./.venv/Lib/site-packages/litellm/router_strategy/budget_limiter.py
./.venv/Lib/site-packages/litellm/router_strategy/least_busy.py
./.venv/Lib/site-packages/litellm/router_strategy/lowest_cost.py
./.venv/Lib/site-packages/litellm/router_strategy/lowest_latency.py
./.venv/Lib/site-packages/litellm/router_strategy/lowest_tpm_rpm.py
./.venv/Lib/site-packages/litellm/router_strategy/lowest_tpm_rpm_v2.py
./.venv/Lib/site-packages/litellm/router_strategy/simple_shuffle.py
./.venv/Lib/site-packages/litellm/router_strategy/tag_based_routing.py
./.venv/Lib/site-packages/litellm/router_utils/add_retry_fallback_headers.py
./.venv/Lib/site-packages/litellm/router_utils/batch_utils.py
./.venv/Lib/site-packages/litellm/router_utils/client_initalization_utils.py
./.venv/Lib/site-packages/litellm/router_utils/clientside_credential_handler.py
./.venv/Lib/site-packages/litellm/router_utils/common_utils.py
./.venv/Lib/site-packages/litellm/router_utils/cooldown_cache.py
./.venv/Lib/site-packages/litellm/router_utils/cooldown_callbacks.py
./.venv/Lib/site-packages/litellm/router_utils/cooldown_handlers.py
./.venv/Lib/site-packages/litellm/router_utils/fallback_event_handlers.py
./.venv/Lib/site-packages/litellm/router_utils/get_retry_from_policy.py
./.venv/Lib/site-packages/litellm/router_utils/handle_error.py
./.venv/Lib/site-packages/litellm/router_utils/pattern_match_deployments.py
./.venv/Lib/site-packages/litellm/router_utils/pre_call_checks/prompt_caching_deployment_check.py
./.venv/Lib/site-packages/litellm/router_utils/pre_call_checks/responses_api_deployment_check.py
./.venv/Lib/site-packages/litellm/router_utils/prompt_caching_cache.py
./.venv/Lib/site-packages/litellm/router_utils/response_headers.py
./.venv/Lib/site-packages/litellm/router_utils/router_callbacks/track_deployment_metrics.py
./.venv/Lib/site-packages/litellm/scheduler.py
./.venv/Lib/site-packages/litellm/secret_managers/aws_secret_manager.py
./.venv/Lib/site-packages/litellm/secret_managers/aws_secret_manager_v2.py
./.venv/Lib/site-packages/litellm/secret_managers/base_secret_manager.py
./.venv/Lib/site-packages/litellm/secret_managers/get_azure_ad_token_provider.py
./.venv/Lib/site-packages/litellm/secret_managers/google_kms.py
./.venv/Lib/site-packages/litellm/secret_managers/google_secret_manager.py
./.venv/Lib/site-packages/litellm/secret_managers/hashicorp_secret_manager.py
./.venv/Lib/site-packages/litellm/secret_managers/main.py
./.venv/Lib/site-packages/litellm/timeout.py
./.venv/Lib/site-packages/litellm/types/adapter.py
./.venv/Lib/site-packages/litellm/types/caching.py
./.venv/Lib/site-packages/litellm/types/completion.py
./.venv/Lib/site-packages/litellm/types/embedding.py
./.venv/Lib/site-packages/litellm/types/files.py
./.venv/Lib/site-packages/litellm/types/fine_tuning.py
./.venv/Lib/site-packages/litellm/types/google_genai/__init__.py
./.venv/Lib/site-packages/litellm/types/google_genai/main.py
./.venv/Lib/site-packages/litellm/types/guardrails.py
./.venv/Lib/site-packages/litellm/types/images/main.py
./.venv/Lib/site-packages/litellm/types/integrations/anthropic_cache_control_hook.py
./.venv/Lib/site-packages/litellm/types/integrations/argilla.py
./.venv/Lib/site-packages/litellm/types/integrations/arize.py
./.venv/Lib/site-packages/litellm/types/integrations/arize_phoenix.py
./.venv/Lib/site-packages/litellm/types/integrations/base_health_check.py
./.venv/Lib/site-packages/litellm/types/integrations/cloudzero.py
./.venv/Lib/site-packages/litellm/types/integrations/custom_logger.py
./.venv/Lib/site-packages/litellm/types/integrations/datadog.py
./.venv/Lib/site-packages/litellm/types/integrations/datadog_llm_obs.py
./.venv/Lib/site-packages/litellm/types/integrations/gcs_bucket.py
./.venv/Lib/site-packages/litellm/types/integrations/langfuse.py
./.venv/Lib/site-packages/litellm/types/integrations/langfuse_otel.py
./.venv/Lib/site-packages/litellm/types/integrations/langsmith.py
./.venv/Lib/site-packages/litellm/types/integrations/pagerduty.py
./.venv/Lib/site-packages/litellm/types/integrations/prometheus.py
./.venv/Lib/site-packages/litellm/types/integrations/rag/bedrock_knowledgebase.py
./.venv/Lib/site-packages/litellm/types/integrations/s3_v2.py
./.venv/Lib/site-packages/litellm/types/integrations/slack_alerting.py
./.venv/Lib/site-packages/litellm/types/litellm_core_utils/streaming_chunk_builder_utils.py
./.venv/Lib/site-packages/litellm/types/llms/aiml.py
./.venv/Lib/site-packages/litellm/types/llms/anthropic.py
./.venv/Lib/site-packages/litellm/types/llms/anthropic_messages/anthropic_request.py
./.venv/Lib/site-packages/litellm/types/llms/anthropic_messages/anthropic_response.py
./.venv/Lib/site-packages/litellm/types/llms/azure.py
./.venv/Lib/site-packages/litellm/types/llms/azure_ai.py
./.venv/Lib/site-packages/litellm/types/llms/base.py
./.venv/Lib/site-packages/litellm/types/llms/bedrock.py
./.venv/Lib/site-packages/litellm/types/llms/bedrock_invoke_agents.py
./.venv/Lib/site-packages/litellm/types/llms/cohere.py
./.venv/Lib/site-packages/litellm/types/llms/custom_http.py
./.venv/Lib/site-packages/litellm/types/llms/custom_llm.py
./.venv/Lib/site-packages/litellm/types/llms/databricks.py
./.venv/Lib/site-packages/litellm/types/llms/gemini.py
./.venv/Lib/site-packages/litellm/types/llms/mistral.py
./.venv/Lib/site-packages/litellm/types/llms/oci.py
./.venv/Lib/site-packages/litellm/types/llms/ollama.py
./.venv/Lib/site-packages/litellm/types/llms/openai.py
./.venv/Lib/site-packages/litellm/types/llms/openrouter.py
./.venv/Lib/site-packages/litellm/types/llms/recraft.py
./.venv/Lib/site-packages/litellm/types/llms/rerank.py
./.venv/Lib/site-packages/litellm/types/llms/triton.py
./.venv/Lib/site-packages/litellm/types/llms/vertex_ai.py
./.venv/Lib/site-packages/litellm/types/llms/watsonx.py
./.venv/Lib/site-packages/litellm/types/mcp.py
./.venv/Lib/site-packages/litellm/types/mcp_server/mcp_server_manager.py
./.venv/Lib/site-packages/litellm/types/mcp_server/tool_registry.py
./.venv/Lib/site-packages/litellm/types/passthrough_endpoints/assembly_ai.py
./.venv/Lib/site-packages/litellm/types/passthrough_endpoints/pass_through_endpoints.py
./.venv/Lib/site-packages/litellm/types/passthrough_endpoints/vertex_ai.py
./.venv/Lib/site-packages/litellm/types/prompts/init_prompts.py
./.venv/Lib/site-packages/litellm/types/proxy/cloudzero_endpoints.py
./.venv/Lib/site-packages/litellm/types/proxy/discovery_endpoints/ui_discovery_endpoints.py
./.venv/Lib/site-packages/litellm/types/proxy/guardrails/guardrail_hooks/aim.py
./.venv/Lib/site-packages/litellm/types/proxy/guardrails/guardrail_hooks/aporia_ai.py
./.venv/Lib/site-packages/litellm/types/proxy/guardrails/guardrail_hooks/azure/azure_prompt_shield.py
./.venv/Lib/site-packages/litellm/types/proxy/guardrails/guardrail_hooks/azure/azure_text_moderation.py
./.venv/Lib/site-packages/litellm/types/proxy/guardrails/guardrail_hooks/azure/base.py
./.venv/Lib/site-packages/litellm/types/proxy/guardrails/guardrail_hooks/base.py
./.venv/Lib/site-packages/litellm/types/proxy/guardrails/guardrail_hooks/bedrock_guardrails.py
./.venv/Lib/site-packages/litellm/types/proxy/guardrails/guardrail_hooks/guardrails_ai.py
./.venv/Lib/site-packages/litellm/types/proxy/guardrails/guardrail_hooks/lakera_ai_v2.py
./.venv/Lib/site-packages/litellm/types/proxy/guardrails/guardrail_hooks/lasso.py
./.venv/Lib/site-packages/litellm/types/proxy/guardrails/guardrail_hooks/model_armor.py
./.venv/Lib/site-packages/litellm/types/proxy/guardrails/guardrail_hooks/openai/openai_moderation.py
./.venv/Lib/site-packages/litellm/types/proxy/guardrails/guardrail_hooks/pangea.py
./.venv/Lib/site-packages/litellm/types/proxy/guardrails/guardrail_hooks/panw_prisma_airs.py
./.venv/Lib/site-packages/litellm/types/proxy/guardrails/guardrail_hooks/pillar.py
./.venv/Lib/site-packages/litellm/types/proxy/guardrails/guardrail_hooks/presidio.py
./.venv/Lib/site-packages/litellm/types/proxy/litellm_pre_call_utils.py
./.venv/Lib/site-packages/litellm/types/proxy/management_endpoints/common_daily_activity.py
./.venv/Lib/site-packages/litellm/types/proxy/management_endpoints/internal_user_endpoints.py
./.venv/Lib/site-packages/litellm/types/proxy/management_endpoints/model_management_endpoints.py
./.venv/Lib/site-packages/litellm/types/proxy/management_endpoints/scim_v2.py
./.venv/Lib/site-packages/litellm/types/proxy/management_endpoints/team_endpoints.py
./.venv/Lib/site-packages/litellm/types/proxy/management_endpoints/ui_sso.py
./.venv/Lib/site-packages/litellm/types/proxy/public_endpoints/public_endpoints.py
./.venv/Lib/site-packages/litellm/types/proxy/ui_sso.py
./.venv/Lib/site-packages/litellm/types/realtime.py
./.venv/Lib/site-packages/litellm/types/rerank.py
./.venv/Lib/site-packages/litellm/types/responses/main.py
./.venv/Lib/site-packages/litellm/types/router.py
./.venv/Lib/site-packages/litellm/types/scheduler.py
./.venv/Lib/site-packages/litellm/types/secret_managers/get_azure_ad_token_provider.py
./.venv/Lib/site-packages/litellm/types/secret_managers/main.py
./.venv/Lib/site-packages/litellm/types/services.py
./.venv/Lib/site-packages/litellm/types/tag_management.py
./.venv/Lib/site-packages/litellm/types/utils.py
./.venv/Lib/site-packages/litellm/types/vector_stores.py
./.venv/Lib/site-packages/litellm/utils.py
./.venv/Lib/site-packages/litellm/vector_stores/__init__.py
./.venv/Lib/site-packages/litellm/vector_stores/main.py
./.venv/Lib/site-packages/litellm/vector_stores/utils.py
./.venv/Lib/site-packages/litellm/vector_stores/vector_store_registry.py
./.venv/Lib/site-packages/loguru/__init__.py
./.venv/Lib/site-packages/loguru/_asyncio_loop.py
./.venv/Lib/site-packages/loguru/_better_exceptions.py
./.venv/Lib/site-packages/loguru/_colorama.py
./.venv/Lib/site-packages/loguru/_colorizer.py
./.venv/Lib/site-packages/loguru/_contextvars.py
./.venv/Lib/site-packages/loguru/_ctime_functions.py
./.venv/Lib/site-packages/loguru/_datetime.py
./.venv/Lib/site-packages/loguru/_defaults.py
./.venv/Lib/site-packages/loguru/_error_interceptor.py
./.venv/Lib/site-packages/loguru/_file_sink.py
./.venv/Lib/site-packages/loguru/_filters.py
./.venv/Lib/site-packages/loguru/_get_frame.py
./.venv/Lib/site-packages/loguru/_handler.py
./.venv/Lib/site-packages/loguru/_locks_machinery.py
./.venv/Lib/site-packages/loguru/_logger.py
./.venv/Lib/site-packages/loguru/_recattrs.py
./.venv/Lib/site-packages/loguru/_simple_sinks.py
./.venv/Lib/site-packages/loguru/_string_parsers.py
./.venv/Lib/site-packages/markdown_it/__init__.py
./.venv/Lib/site-packages/markdown_it/_compat.py
./.venv/Lib/site-packages/markdown_it/_punycode.py
./.venv/Lib/site-packages/markdown_it/cli/__init__.py
./.venv/Lib/site-packages/markdown_it/cli/parse.py
./.venv/Lib/site-packages/markdown_it/common/__init__.py
./.venv/Lib/site-packages/markdown_it/common/entities.py
./.venv/Lib/site-packages/markdown_it/common/html_blocks.py
./.venv/Lib/site-packages/markdown_it/common/html_re.py
./.venv/Lib/site-packages/markdown_it/common/normalize_url.py
./.venv/Lib/site-packages/markdown_it/common/utils.py
./.venv/Lib/site-packages/markdown_it/helpers/__init__.py
./.venv/Lib/site-packages/markdown_it/helpers/parse_link_destination.py
./.venv/Lib/site-packages/markdown_it/helpers/parse_link_label.py
./.venv/Lib/site-packages/markdown_it/helpers/parse_link_title.py
./.venv/Lib/site-packages/markdown_it/main.py
./.venv/Lib/site-packages/markdown_it/parser_block.py
./.venv/Lib/site-packages/markdown_it/parser_core.py
./.venv/Lib/site-packages/markdown_it/parser_inline.py
./.venv/Lib/site-packages/markdown_it/presets/__init__.py
./.venv/Lib/site-packages/markdown_it/presets/commonmark.py
./.venv/Lib/site-packages/markdown_it/presets/default.py
./.venv/Lib/site-packages/markdown_it/presets/zero.py
./.venv/Lib/site-packages/markdown_it/renderer.py
./.venv/Lib/site-packages/markdown_it/ruler.py
./.venv/Lib/site-packages/markdown_it/rules_block/__init__.py
./.venv/Lib/site-packages/markdown_it/rules_block/blockquote.py
./.venv/Lib/site-packages/markdown_it/rules_block/code.py
./.venv/Lib/site-packages/markdown_it/rules_block/fence.py
./.venv/Lib/site-packages/markdown_it/rules_block/heading.py
./.venv/Lib/site-packages/markdown_it/rules_block/hr.py
./.venv/Lib/site-packages/markdown_it/rules_block/html_block.py
./.venv/Lib/site-packages/markdown_it/rules_block/lheading.py
./.venv/Lib/site-packages/markdown_it/rules_block/list.py
./.venv/Lib/site-packages/markdown_it/rules_block/paragraph.py
./.venv/Lib/site-packages/markdown_it/rules_block/reference.py
./.venv/Lib/site-packages/markdown_it/rules_block/state_block.py
./.venv/Lib/site-packages/markdown_it/rules_block/table.py
./.venv/Lib/site-packages/markdown_it/rules_core/__init__.py
./.venv/Lib/site-packages/markdown_it/rules_core/block.py
./.venv/Lib/site-packages/markdown_it/rules_core/inline.py
./.venv/Lib/site-packages/markdown_it/rules_core/linkify.py
./.venv/Lib/site-packages/markdown_it/rules_core/normalize.py
./.venv/Lib/site-packages/markdown_it/rules_core/replacements.py
./.venv/Lib/site-packages/markdown_it/rules_core/smartquotes.py
./.venv/Lib/site-packages/markdown_it/rules_core/state_core.py
./.venv/Lib/site-packages/markdown_it/rules_core/text_join.py
./.venv/Lib/site-packages/markdown_it/rules_inline/__init__.py
./.venv/Lib/site-packages/markdown_it/rules_inline/autolink.py
./.venv/Lib/site-packages/markdown_it/rules_inline/backticks.py
./.venv/Lib/site-packages/markdown_it/rules_inline/balance_pairs.py
./.venv/Lib/site-packages/markdown_it/rules_inline/emphasis.py
./.venv/Lib/site-packages/markdown_it/rules_inline/entity.py
./.venv/Lib/site-packages/markdown_it/rules_inline/escape.py
./.venv/Lib/site-packages/markdown_it/rules_inline/fragments_join.py
./.venv/Lib/site-packages/markdown_it/rules_inline/html_inline.py
./.venv/Lib/site-packages/markdown_it/rules_inline/image.py
./.venv/Lib/site-packages/markdown_it/rules_inline/link.py
./.venv/Lib/site-packages/markdown_it/rules_inline/linkify.py
./.venv/Lib/site-packages/markdown_it/rules_inline/newline.py
./.venv/Lib/site-packages/markdown_it/rules_inline/state_inline.py
./.venv/Lib/site-packages/markdown_it/rules_inline/strikethrough.py
./.venv/Lib/site-packages/markdown_it/rules_inline/text.py
./.venv/Lib/site-packages/markdown_it/token.py
./.venv/Lib/site-packages/markdown_it/tree.py
./.venv/Lib/site-packages/markdown_it/utils.py
./.venv/Lib/site-packages/markupsafe/__init__.py
./.venv/Lib/site-packages/markupsafe/_native.py
./.venv/Lib/site-packages/mcp/__init__.py
./.venv/Lib/site-packages/mcp/cli/__init__.py
./.venv/Lib/site-packages/mcp/cli/claude.py
./.venv/Lib/site-packages/mcp/cli/cli.py
./.venv/Lib/site-packages/mcp/client/__init__.py
./.venv/Lib/site-packages/mcp/client/__main__.py
./.venv/Lib/site-packages/mcp/client/auth/__init__.py
./.venv/Lib/site-packages/mcp/client/auth/exceptions.py
./.venv/Lib/site-packages/mcp/client/auth/extensions/__init__.py
./.venv/Lib/site-packages/mcp/client/auth/extensions/client_credentials.py
./.venv/Lib/site-packages/mcp/client/auth/oauth2.py
./.venv/Lib/site-packages/mcp/client/auth/utils.py
./.venv/Lib/site-packages/mcp/client/experimental/__init__.py
./.venv/Lib/site-packages/mcp/client/experimental/task_handlers.py
./.venv/Lib/site-packages/mcp/client/experimental/tasks.py
./.venv/Lib/site-packages/mcp/client/session.py
./.venv/Lib/site-packages/mcp/client/session_group.py
./.venv/Lib/site-packages/mcp/client/sse.py
./.venv/Lib/site-packages/mcp/client/stdio/__init__.py
./.venv/Lib/site-packages/mcp/client/streamable_http.py
./.venv/Lib/site-packages/mcp/client/websocket.py
./.venv/Lib/site-packages/mcp/os/__init__.py
./.venv/Lib/site-packages/mcp/os/posix/__init__.py
./.venv/Lib/site-packages/mcp/os/posix/utilities.py
./.venv/Lib/site-packages/mcp/os/win32/__init__.py
./.venv/Lib/site-packages/mcp/os/win32/utilities.py
./.venv/Lib/site-packages/mcp/server/__init__.py
./.venv/Lib/site-packages/mcp/server/__main__.py
./.venv/Lib/site-packages/mcp/server/auth/__init__.py
./.venv/Lib/site-packages/mcp/server/auth/errors.py
./.venv/Lib/site-packages/mcp/server/auth/handlers/__init__.py
./.venv/Lib/site-packages/mcp/server/auth/handlers/authorize.py
./.venv/Lib/site-packages/mcp/server/auth/handlers/metadata.py
./.venv/Lib/site-packages/mcp/server/auth/handlers/register.py
./.venv/Lib/site-packages/mcp/server/auth/handlers/revoke.py
./.venv/Lib/site-packages/mcp/server/auth/handlers/token.py
./.venv/Lib/site-packages/mcp/server/auth/json_response.py
./.venv/Lib/site-packages/mcp/server/auth/middleware/__init__.py
./.venv/Lib/site-packages/mcp/server/auth/middleware/auth_context.py
./.venv/Lib/site-packages/mcp/server/auth/middleware/bearer_auth.py
./.venv/Lib/site-packages/mcp/server/auth/middleware/client_auth.py
./.venv/Lib/site-packages/mcp/server/auth/provider.py
./.venv/Lib/site-packages/mcp/server/auth/routes.py
./.venv/Lib/site-packages/mcp/server/auth/settings.py
./.venv/Lib/site-packages/mcp/server/elicitation.py
./.venv/Lib/site-packages/mcp/server/experimental/__init__.py
./.venv/Lib/site-packages/mcp/server/experimental/request_context.py
./.venv/Lib/site-packages/mcp/server/experimental/session_features.py
./.venv/Lib/site-packages/mcp/server/experimental/task_context.py
./.venv/Lib/site-packages/mcp/server/experimental/task_result_handler.py
./.venv/Lib/site-packages/mcp/server/experimental/task_support.py
./.venv/Lib/site-packages/mcp/server/fastmcp/__init__.py
./.venv/Lib/site-packages/mcp/server/fastmcp/exceptions.py
./.venv/Lib/site-packages/mcp/server/fastmcp/prompts/__init__.py
./.venv/Lib/site-packages/mcp/server/fastmcp/prompts/base.py
./.venv/Lib/site-packages/mcp/server/fastmcp/prompts/manager.py
./.venv/Lib/site-packages/mcp/server/fastmcp/resources/__init__.py
./.venv/Lib/site-packages/mcp/server/fastmcp/resources/base.py
./.venv/Lib/site-packages/mcp/server/fastmcp/resources/resource_manager.py
./.venv/Lib/site-packages/mcp/server/fastmcp/resources/templates.py
./.venv/Lib/site-packages/mcp/server/fastmcp/resources/types.py
./.venv/Lib/site-packages/mcp/server/fastmcp/server.py
./.venv/Lib/site-packages/mcp/server/fastmcp/tools/__init__.py
./.venv/Lib/site-packages/mcp/server/fastmcp/tools/base.py
./.venv/Lib/site-packages/mcp/server/fastmcp/tools/tool_manager.py
./.venv/Lib/site-packages/mcp/server/fastmcp/utilities/__init__.py
./.venv/Lib/site-packages/mcp/server/fastmcp/utilities/context_injection.py
./.venv/Lib/site-packages/mcp/server/fastmcp/utilities/func_metadata.py
./.venv/Lib/site-packages/mcp/server/fastmcp/utilities/logging.py
./.venv/Lib/site-packages/mcp/server/fastmcp/utilities/types.py
./.venv/Lib/site-packages/mcp/server/lowlevel/__init__.py
./.venv/Lib/site-packages/mcp/server/lowlevel/experimental.py
./.venv/Lib/site-packages/mcp/server/lowlevel/func_inspection.py
./.venv/Lib/site-packages/mcp/server/lowlevel/helper_types.py
./.venv/Lib/site-packages/mcp/server/lowlevel/server.py
./.venv/Lib/site-packages/mcp/server/models.py
./.venv/Lib/site-packages/mcp/server/session.py
./.venv/Lib/site-packages/mcp/server/sse.py
./.venv/Lib/site-packages/mcp/server/stdio.py
./.venv/Lib/site-packages/mcp/server/streamable_http.py
./.venv/Lib/site-packages/mcp/server/streamable_http_manager.py
./.venv/Lib/site-packages/mcp/server/transport_security.py
./.venv/Lib/site-packages/mcp/server/validation.py
./.venv/Lib/site-packages/mcp/server/websocket.py
./.venv/Lib/site-packages/mcp/shared/__init__.py
./.venv/Lib/site-packages/mcp/shared/_httpx_utils.py
./.venv/Lib/site-packages/mcp/shared/auth.py
./.venv/Lib/site-packages/mcp/shared/auth_utils.py
./.venv/Lib/site-packages/mcp/shared/context.py
./.venv/Lib/site-packages/mcp/shared/exceptions.py
./.venv/Lib/site-packages/mcp/shared/experimental/__init__.py
./.venv/Lib/site-packages/mcp/shared/experimental/tasks/__init__.py
./.venv/Lib/site-packages/mcp/shared/experimental/tasks/capabilities.py
./.venv/Lib/site-packages/mcp/shared/experimental/tasks/context.py
./.venv/Lib/site-packages/mcp/shared/experimental/tasks/helpers.py
./.venv/Lib/site-packages/mcp/shared/experimental/tasks/in_memory_task_store.py
./.venv/Lib/site-packages/mcp/shared/experimental/tasks/message_queue.py
./.venv/Lib/site-packages/mcp/shared/experimental/tasks/polling.py
./.venv/Lib/site-packages/mcp/shared/experimental/tasks/resolver.py
./.venv/Lib/site-packages/mcp/shared/experimental/tasks/store.py
./.venv/Lib/site-packages/mcp/shared/memory.py
./.venv/Lib/site-packages/mcp/shared/message.py
./.venv/Lib/site-packages/mcp/shared/metadata_utils.py
./.venv/Lib/site-packages/mcp/shared/progress.py
./.venv/Lib/site-packages/mcp/shared/response_router.py
./.venv/Lib/site-packages/mcp/shared/session.py
./.venv/Lib/site-packages/mcp/shared/tool_name_validation.py
./.venv/Lib/site-packages/mcp/shared/version.py
./.venv/Lib/site-packages/mcp/types.py
./.venv/Lib/site-packages/mdurl/__init__.py
./.venv/Lib/site-packages/mdurl/_decode.py
./.venv/Lib/site-packages/mdurl/_encode.py
./.venv/Lib/site-packages/mdurl/_format.py
./.venv/Lib/site-packages/mdurl/_parse.py
./.venv/Lib/site-packages/mdurl/_url.py
./.venv/Lib/site-packages/mem0/__init__.py
./.venv/Lib/site-packages/mem0/client/__init__.py
./.venv/Lib/site-packages/mem0/client/main.py
./.venv/Lib/site-packages/mem0/client/project.py
./.venv/Lib/site-packages/mem0/client/types.py
./.venv/Lib/site-packages/mem0/client/utils.py
./.venv/Lib/site-packages/mem0/configs/__init__.py
./.venv/Lib/site-packages/mem0/configs/base.py
./.venv/Lib/site-packages/mem0/configs/embeddings/__init__.py
./.venv/Lib/site-packages/mem0/configs/embeddings/base.py
./.venv/Lib/site-packages/mem0/configs/enums.py
./.venv/Lib/site-packages/mem0/configs/llms/__init__.py
./.venv/Lib/site-packages/mem0/configs/llms/anthropic.py
./.venv/Lib/site-packages/mem0/configs/llms/aws_bedrock.py
./.venv/Lib/site-packages/mem0/configs/llms/azure.py
./.venv/Lib/site-packages/mem0/configs/llms/base.py
./.venv/Lib/site-packages/mem0/configs/llms/deepseek.py
./.venv/Lib/site-packages/mem0/configs/llms/lmstudio.py
./.venv/Lib/site-packages/mem0/configs/llms/minimax.py
./.venv/Lib/site-packages/mem0/configs/llms/ollama.py
./.venv/Lib/site-packages/mem0/configs/llms/openai.py
./.venv/Lib/site-packages/mem0/configs/llms/vllm.py
./.venv/Lib/site-packages/mem0/configs/prompts.py
./.venv/Lib/site-packages/mem0/configs/rerankers/__init__.py
./.venv/Lib/site-packages/mem0/configs/rerankers/base.py
./.venv/Lib/site-packages/mem0/configs/rerankers/cohere.py
./.venv/Lib/site-packages/mem0/configs/rerankers/config.py
./.venv/Lib/site-packages/mem0/configs/rerankers/huggingface.py
./.venv/Lib/site-packages/mem0/configs/rerankers/llm.py
./.venv/Lib/site-packages/mem0/configs/rerankers/sentence_transformer.py
./.venv/Lib/site-packages/mem0/configs/rerankers/zero_entropy.py
./.venv/Lib/site-packages/mem0/configs/vector_stores/__init__.py
./.venv/Lib/site-packages/mem0/configs/vector_stores/azure_ai_search.py
./.venv/Lib/site-packages/mem0/configs/vector_stores/azure_mysql.py
./.venv/Lib/site-packages/mem0/configs/vector_stores/baidu.py
./.venv/Lib/site-packages/mem0/configs/vector_stores/cassandra.py
./.venv/Lib/site-packages/mem0/configs/vector_stores/chroma.py
./.venv/Lib/site-packages/mem0/configs/vector_stores/databricks.py
./.venv/Lib/site-packages/mem0/configs/vector_stores/elasticsearch.py
./.venv/Lib/site-packages/mem0/configs/vector_stores/faiss.py
./.venv/Lib/site-packages/mem0/configs/vector_stores/langchain.py
./.venv/Lib/site-packages/mem0/configs/vector_stores/milvus.py
./.venv/Lib/site-packages/mem0/configs/vector_stores/mongodb.py
./.venv/Lib/site-packages/mem0/configs/vector_stores/neptune.py
./.venv/Lib/site-packages/mem0/configs/vector_stores/opensearch.py
./.venv/Lib/site-packages/mem0/configs/vector_stores/pgvector.py
./.venv/Lib/site-packages/mem0/configs/vector_stores/pinecone.py
./.venv/Lib/site-packages/mem0/configs/vector_stores/qdrant.py
./.venv/Lib/site-packages/mem0/configs/vector_stores/redis.py
./.venv/Lib/site-packages/mem0/configs/vector_stores/s3_vectors.py
./.venv/Lib/site-packages/mem0/configs/vector_stores/supabase.py
./.venv/Lib/site-packages/mem0/configs/vector_stores/turbopuffer.py
./.venv/Lib/site-packages/mem0/configs/vector_stores/upstash_vector.py
./.venv/Lib/site-packages/mem0/configs/vector_stores/valkey.py
./.venv/Lib/site-packages/mem0/configs/vector_stores/vertex_ai_vector_search.py
./.venv/Lib/site-packages/mem0/configs/vector_stores/weaviate.py
./.venv/Lib/site-packages/mem0/embeddings/__init__.py
./.venv/Lib/site-packages/mem0/embeddings/aws_bedrock.py
./.venv/Lib/site-packages/mem0/embeddings/azure_openai.py
./.venv/Lib/site-packages/mem0/embeddings/base.py
./.venv/Lib/site-packages/mem0/embeddings/configs.py
./.venv/Lib/site-packages/mem0/embeddings/fastembed.py
./.venv/Lib/site-packages/mem0/embeddings/gemini.py
./.venv/Lib/site-packages/mem0/embeddings/huggingface.py
./.venv/Lib/site-packages/mem0/embeddings/langchain.py
./.venv/Lib/site-packages/mem0/embeddings/lmstudio.py
./.venv/Lib/site-packages/mem0/embeddings/mock.py
./.venv/Lib/site-packages/mem0/embeddings/ollama.py
./.venv/Lib/site-packages/mem0/embeddings/openai.py
./.venv/Lib/site-packages/mem0/embeddings/together.py
./.venv/Lib/site-packages/mem0/embeddings/vertexai.py
./.venv/Lib/site-packages/mem0/exceptions.py
./.venv/Lib/site-packages/mem0/llms/__init__.py
./.venv/Lib/site-packages/mem0/llms/anthropic.py
./.venv/Lib/site-packages/mem0/llms/aws_bedrock.py
./.venv/Lib/site-packages/mem0/llms/azure_openai.py
./.venv/Lib/site-packages/mem0/llms/azure_openai_structured.py
./.venv/Lib/site-packages/mem0/llms/base.py
./.venv/Lib/site-packages/mem0/llms/configs.py
./.venv/Lib/site-packages/mem0/llms/deepseek.py
./.venv/Lib/site-packages/mem0/llms/gemini.py
./.venv/Lib/site-packages/mem0/llms/groq.py
./.venv/Lib/site-packages/mem0/llms/langchain.py
./.venv/Lib/site-packages/mem0/llms/litellm.py
./.venv/Lib/site-packages/mem0/llms/lmstudio.py
./.venv/Lib/site-packages/mem0/llms/minimax.py
./.venv/Lib/site-packages/mem0/llms/ollama.py
./.venv/Lib/site-packages/mem0/llms/openai.py
./.venv/Lib/site-packages/mem0/llms/openai_structured.py
./.venv/Lib/site-packages/mem0/llms/sarvam.py
./.venv/Lib/site-packages/mem0/llms/together.py
./.venv/Lib/site-packages/mem0/llms/vllm.py
./.venv/Lib/site-packages/mem0/llms/xai.py
./.venv/Lib/site-packages/mem0/memory/__init__.py
./.venv/Lib/site-packages/mem0/memory/base.py
./.venv/Lib/site-packages/mem0/memory/main.py
./.venv/Lib/site-packages/mem0/memory/setup.py
./.venv/Lib/site-packages/mem0/memory/storage.py
./.venv/Lib/site-packages/mem0/memory/telemetry.py
./.venv/Lib/site-packages/mem0/memory/utils.py
./.venv/Lib/site-packages/mem0/proxy/__init__.py
./.venv/Lib/site-packages/mem0/proxy/main.py
./.venv/Lib/site-packages/mem0/reranker/__init__.py
./.venv/Lib/site-packages/mem0/reranker/base.py
./.venv/Lib/site-packages/mem0/reranker/cohere_reranker.py
./.venv/Lib/site-packages/mem0/reranker/huggingface_reranker.py
./.venv/Lib/site-packages/mem0/reranker/llm_reranker.py
./.venv/Lib/site-packages/mem0/reranker/sentence_transformer_reranker.py
./.venv/Lib/site-packages/mem0/reranker/zero_entropy_reranker.py
./.venv/Lib/site-packages/mem0/utils/entity_extraction.py
./.venv/Lib/site-packages/mem0/utils/factory.py
./.venv/Lib/site-packages/mem0/utils/gcp_auth.py
./.venv/Lib/site-packages/mem0/utils/lemmatization.py
./.venv/Lib/site-packages/mem0/utils/scoring.py
./.venv/Lib/site-packages/mem0/utils/spacy_models.py
./.venv/Lib/site-packages/mem0/vector_stores/__init__.py
./.venv/Lib/site-packages/mem0/vector_stores/azure_ai_search.py
./.venv/Lib/site-packages/mem0/vector_stores/azure_mysql.py
./.venv/Lib/site-packages/mem0/vector_stores/baidu.py
./.venv/Lib/site-packages/mem0/vector_stores/base.py
./.venv/Lib/site-packages/mem0/vector_stores/cassandra.py
./.venv/Lib/site-packages/mem0/vector_stores/chroma.py
./.venv/Lib/site-packages/mem0/vector_stores/configs.py
./.venv/Lib/site-packages/mem0/vector_stores/databricks.py
./.venv/Lib/site-packages/mem0/vector_stores/elasticsearch.py
./.venv/Lib/site-packages/mem0/vector_stores/faiss.py
./.venv/Lib/site-packages/mem0/vector_stores/langchain.py
./.venv/Lib/site-packages/mem0/vector_stores/milvus.py
./.venv/Lib/site-packages/mem0/vector_stores/mongodb.py
./.venv/Lib/site-packages/mem0/vector_stores/neptune_analytics.py
./.venv/Lib/site-packages/mem0/vector_stores/opensearch.py
./.venv/Lib/site-packages/mem0/vector_stores/pgvector.py
./.venv/Lib/site-packages/mem0/vector_stores/pinecone.py
./.venv/Lib/site-packages/mem0/vector_stores/qdrant.py
./.venv/Lib/site-packages/mem0/vector_stores/redis.py
./.venv/Lib/site-packages/mem0/vector_stores/s3_vectors.py
./.venv/Lib/site-packages/mem0/vector_stores/supabase.py
./.venv/Lib/site-packages/mem0/vector_stores/turbopuffer.py
./.venv/Lib/site-packages/mem0/vector_stores/upstash_vector.py
./.venv/Lib/site-packages/mem0/vector_stores/valkey.py
./.venv/Lib/site-packages/mem0/vector_stores/vertex_ai_vector_search.py
./.venv/Lib/site-packages/mem0/vector_stores/weaviate.py
./.venv/Lib/site-packages/multidict/__init__.py
./.venv/Lib/site-packages/multidict/_abc.py
./.venv/Lib/site-packages/multidict/_compat.py
./.venv/Lib/site-packages/multidict/_multidict_py.py
./.venv/Lib/site-packages/multipart/__init__.py
./.venv/Lib/site-packages/multipart/decoders.py
./.venv/Lib/site-packages/multipart/exceptions.py
./.venv/Lib/site-packages/multipart/multipart.py
./.venv/Lib/site-packages/mypy/__init__.py
./.venv/Lib/site-packages/mypy/__main__.py
./.venv/Lib/site-packages/mypy/api.py
./.venv/Lib/site-packages/mypy/applytype.py
./.venv/Lib/site-packages/mypy/argmap.py
./.venv/Lib/site-packages/mypy/binder.py
./.venv/Lib/site-packages/mypy/bogus_type.py
./.venv/Lib/site-packages/mypy/build.py
./.venv/Lib/site-packages/mypy/build_worker/__init__.py
./.venv/Lib/site-packages/mypy/build_worker/__main__.py
./.venv/Lib/site-packages/mypy/build_worker/worker.py
./.venv/Lib/site-packages/mypy/cache.py
./.venv/Lib/site-packages/mypy/checker.py
./.venv/Lib/site-packages/mypy/checker_shared.py
./.venv/Lib/site-packages/mypy/checker_state.py
./.venv/Lib/site-packages/mypy/checkexpr.py
./.venv/Lib/site-packages/mypy/checkmember.py
./.venv/Lib/site-packages/mypy/checkpattern.py
./.venv/Lib/site-packages/mypy/checkstrformat.py
./.venv/Lib/site-packages/mypy/config_parser.py
./.venv/Lib/site-packages/mypy/constant_fold.py
./.venv/Lib/site-packages/mypy/constraints.py
./.venv/Lib/site-packages/mypy/copytype.py
./.venv/Lib/site-packages/mypy/defaults.py
./.venv/Lib/site-packages/mypy/dmypy/__init__.py
./.venv/Lib/site-packages/mypy/dmypy/__main__.py
./.venv/Lib/site-packages/mypy/dmypy/client.py
./.venv/Lib/site-packages/mypy/dmypy_os.py
./.venv/Lib/site-packages/mypy/dmypy_server.py
./.venv/Lib/site-packages/mypy/dmypy_util.py
./.venv/Lib/site-packages/mypy/erasetype.py
./.venv/Lib/site-packages/mypy/error_formatter.py
./.venv/Lib/site-packages/mypy/errorcodes.py
./.venv/Lib/site-packages/mypy/errors.py
./.venv/Lib/site-packages/mypy/evalexpr.py
./.venv/Lib/site-packages/mypy/expandtype.py
./.venv/Lib/site-packages/mypy/exportjson.py
./.venv/Lib/site-packages/mypy/exprtotype.py
./.venv/Lib/site-packages/mypy/fastparse.py
./.venv/Lib/site-packages/mypy/find_sources.py
./.venv/Lib/site-packages/mypy/fixup.py
./.venv/Lib/site-packages/mypy/freetree.py
./.venv/Lib/site-packages/mypy/fscache.py
./.venv/Lib/site-packages/mypy/fswatcher.py
./.venv/Lib/site-packages/mypy/gclogger.py
./.venv/Lib/site-packages/mypy/git.py
./.venv/Lib/site-packages/mypy/graph_utils.py
./.venv/Lib/site-packages/mypy/indirection.py
./.venv/Lib/site-packages/mypy/infer.py
./.venv/Lib/site-packages/mypy/inspections.py
./.venv/Lib/site-packages/mypy/ipc.py
./.venv/Lib/site-packages/mypy/join.py
./.venv/Lib/site-packages/mypy/known_modules.py
./.venv/Lib/site-packages/mypy/literals.py
./.venv/Lib/site-packages/mypy/lookup.py
./.venv/Lib/site-packages/mypy/main.py
./.venv/Lib/site-packages/mypy/maptype.py
./.venv/Lib/site-packages/mypy/meet.py
./.venv/Lib/site-packages/mypy/memprofile.py
./.venv/Lib/site-packages/mypy/message_registry.py
./.venv/Lib/site-packages/mypy/messages.py
./.venv/Lib/site-packages/mypy/metastore.py
./.venv/Lib/site-packages/mypy/mixedtraverser.py
./.venv/Lib/site-packages/mypy/modulefinder.py
./.venv/Lib/site-packages/mypy/moduleinspect.py
./.venv/Lib/site-packages/mypy/modules_state.py
./.venv/Lib/site-packages/mypy/mro.py
./.venv/Lib/site-packages/mypy/nativeparse.py
./.venv/Lib/site-packages/mypy/nodes.py
./.venv/Lib/site-packages/mypy/operators.py
./.venv/Lib/site-packages/mypy/options.py
./.venv/Lib/site-packages/mypy/parse.py
./.venv/Lib/site-packages/mypy/partially_defined.py
./.venv/Lib/site-packages/mypy/patterns.py
./.venv/Lib/site-packages/mypy/plugin.py
./.venv/Lib/site-packages/mypy/plugins/__init__.py
./.venv/Lib/site-packages/mypy/plugins/attrs.py
./.venv/Lib/site-packages/mypy/plugins/common.py
./.venv/Lib/site-packages/mypy/plugins/constants.py
./.venv/Lib/site-packages/mypy/plugins/ctypes.py
./.venv/Lib/site-packages/mypy/plugins/dataclasses.py
./.venv/Lib/site-packages/mypy/plugins/default.py
./.venv/Lib/site-packages/mypy/plugins/enums.py
./.venv/Lib/site-packages/mypy/plugins/functools.py
./.venv/Lib/site-packages/mypy/plugins/proper_plugin.py
./.venv/Lib/site-packages/mypy/plugins/singledispatch.py
./.venv/Lib/site-packages/mypy/pyinfo.py
./.venv/Lib/site-packages/mypy/reachability.py
./.venv/Lib/site-packages/mypy/refinfo.py
./.venv/Lib/site-packages/mypy/renaming.py
./.venv/Lib/site-packages/mypy/report.py
./.venv/Lib/site-packages/mypy/scope.py
./.venv/Lib/site-packages/mypy/semanal.py
./.venv/Lib/site-packages/mypy/semanal_classprop.py
./.venv/Lib/site-packages/mypy/semanal_enum.py
./.venv/Lib/site-packages/mypy/semanal_infer.py
./.venv/Lib/site-packages/mypy/semanal_main.py
./.venv/Lib/site-packages/mypy/semanal_namedtuple.py
./.venv/Lib/site-packages/mypy/semanal_newtype.py
./.venv/Lib/site-packages/mypy/semanal_pass1.py
./.venv/Lib/site-packages/mypy/semanal_shared.py
./.venv/Lib/site-packages/mypy/semanal_typeargs.py
./.venv/Lib/site-packages/mypy/semanal_typeddict.py
./.venv/Lib/site-packages/mypy/server/__init__.py
./.venv/Lib/site-packages/mypy/server/astdiff.py
./.venv/Lib/site-packages/mypy/server/astmerge.py
./.venv/Lib/site-packages/mypy/server/aststrip.py
./.venv/Lib/site-packages/mypy/server/deps.py
./.venv/Lib/site-packages/mypy/server/mergecheck.py
./.venv/Lib/site-packages/mypy/server/objgraph.py
./.venv/Lib/site-packages/mypy/server/subexpr.py
./.venv/Lib/site-packages/mypy/server/target.py
./.venv/Lib/site-packages/mypy/server/trigger.py
./.venv/Lib/site-packages/mypy/server/update.py
./.venv/Lib/site-packages/mypy/sharedparse.py
./.venv/Lib/site-packages/mypy/solve.py
./.venv/Lib/site-packages/mypy/split_namespace.py
./.venv/Lib/site-packages/mypy/state.py
./.venv/Lib/site-packages/mypy/stats.py
./.venv/Lib/site-packages/mypy/strconv.py
./.venv/Lib/site-packages/mypy/stubdoc.py
./.venv/Lib/site-packages/mypy/stubgen.py
./.venv/Lib/site-packages/mypy/stubgenc.py
./.venv/Lib/site-packages/mypy/stubinfo.py
./.venv/Lib/site-packages/mypy/stubtest.py
./.venv/Lib/site-packages/mypy/stubutil.py
./.venv/Lib/site-packages/mypy/subtypes.py
./.venv/Lib/site-packages/mypy/suggestions.py
./.venv/Lib/site-packages/mypy/test/__init__.py
./.venv/Lib/site-packages/mypy/test/config.py
./.venv/Lib/site-packages/mypy/test/data.py
./.venv/Lib/site-packages/mypy/test/helpers.py
./.venv/Lib/site-packages/mypy/test/meta/__init__.py
./.venv/Lib/site-packages/mypy/test/meta/_pytest.py
./.venv/Lib/site-packages/mypy/test/meta/test_diff_helper.py
./.venv/Lib/site-packages/mypy/test/meta/test_parse_data.py
./.venv/Lib/site-packages/mypy/test/meta/test_update_data.py
./.venv/Lib/site-packages/mypy/test/test_config_parser.py
./.venv/Lib/site-packages/mypy/test/test_diff_cache.py
./.venv/Lib/site-packages/mypy/test/test_find_sources.py
./.venv/Lib/site-packages/mypy/test/test_nativeparse.py
./.venv/Lib/site-packages/mypy/test/test_ref_info.py
./.venv/Lib/site-packages/mypy/test/testapi.py
./.venv/Lib/site-packages/mypy/test/testargs.py
./.venv/Lib/site-packages/mypy/test/testcheck.py
./.venv/Lib/site-packages/mypy/test/testcmdline.py
./.venv/Lib/site-packages/mypy/test/testconstraints.py
./.venv/Lib/site-packages/mypy/test/testdaemon.py
./.venv/Lib/site-packages/mypy/test/testdeps.py
./.venv/Lib/site-packages/mypy/test/testdiff.py
./.venv/Lib/site-packages/mypy/test/testerrorstream.py
./.venv/Lib/site-packages/mypy/test/testexportjson.py
./.venv/Lib/site-packages/mypy/test/testfinegrained.py
./.venv/Lib/site-packages/mypy/test/testfinegrainedcache.py
./.venv/Lib/site-packages/mypy/test/testformatter.py
./.venv/Lib/site-packages/mypy/test/testfscache.py
./.venv/Lib/site-packages/mypy/test/testgraph.py
./.venv/Lib/site-packages/mypy/test/testinfer.py
./.venv/Lib/site-packages/mypy/test/testipc.py
./.venv/Lib/site-packages/mypy/test/testmerge.py
./.venv/Lib/site-packages/mypy/test/testmodulefinder.py
./.venv/Lib/site-packages/mypy/test/testmypyc.py
./.venv/Lib/site-packages/mypy/test/testoutput.py
./.venv/Lib/site-packages/mypy/test/testparse.py
./.venv/Lib/site-packages/mypy/test/testpep561.py
./.venv/Lib/site-packages/mypy/test/testpythoneval.py
./.venv/Lib/site-packages/mypy/test/testreports.py
./.venv/Lib/site-packages/mypy/test/testsemanal.py
./.venv/Lib/site-packages/mypy/test/testsolve.py
./.venv/Lib/site-packages/mypy/test/teststubgen.py
./.venv/Lib/site-packages/mypy/test/teststubinfo.py
./.venv/Lib/site-packages/mypy/test/teststubtest.py
./.venv/Lib/site-packages/mypy/test/testsubtypes.py
./.venv/Lib/site-packages/mypy/test/testtransform.py
./.venv/Lib/site-packages/mypy/test/testtypegen.py
./.venv/Lib/site-packages/mypy/test/testtypes.py
./.venv/Lib/site-packages/mypy/test/testutil.py
./.venv/Lib/site-packages/mypy/test/typefixture.py
./.venv/Lib/site-packages/mypy/test/update_data.py
./.venv/Lib/site-packages/mypy/test/visitors.py
./.venv/Lib/site-packages/mypy/traverser.py
./.venv/Lib/site-packages/mypy/treetransform.py
./.venv/Lib/site-packages/mypy/tvar_scope.py
./.venv/Lib/site-packages/mypy/type_visitor.py
./.venv/Lib/site-packages/mypy/typeanal.py
./.venv/Lib/site-packages/mypy/typeops.py
./.venv/Lib/site-packages/mypy/types.py
./.venv/Lib/site-packages/mypy/types_utils.py
./.venv/Lib/site-packages/mypy/typestate.py
./.venv/Lib/site-packages/mypy/typetraverser.py
./.venv/Lib/site-packages/mypy/typevars.py
./.venv/Lib/site-packages/mypy/typevartuples.py
./.venv/Lib/site-packages/mypy/util.py
./.venv/Lib/site-packages/mypy/version.py
./.venv/Lib/site-packages/mypy/visitor.py
./.venv/Lib/site-packages/mypy_extensions.py
./.venv/Lib/site-packages/mypyc/__init__.py
./.venv/Lib/site-packages/mypyc/__main__.py
./.venv/Lib/site-packages/mypyc/analysis/__init__.py
./.venv/Lib/site-packages/mypyc/analysis/attrdefined.py
./.venv/Lib/site-packages/mypyc/analysis/blockfreq.py
./.venv/Lib/site-packages/mypyc/analysis/capsule_deps.py
./.venv/Lib/site-packages/mypyc/analysis/dataflow.py
./.venv/Lib/site-packages/mypyc/analysis/ircheck.py
./.venv/Lib/site-packages/mypyc/analysis/selfleaks.py
./.venv/Lib/site-packages/mypyc/annotate.py
./.venv/Lib/site-packages/mypyc/build.py
./.venv/Lib/site-packages/mypyc/build_setup.py
./.venv/Lib/site-packages/mypyc/codegen/__init__.py
./.venv/Lib/site-packages/mypyc/codegen/cstring.py
./.venv/Lib/site-packages/mypyc/codegen/emit.py
./.venv/Lib/site-packages/mypyc/codegen/emitclass.py
./.venv/Lib/site-packages/mypyc/codegen/emitfunc.py
./.venv/Lib/site-packages/mypyc/codegen/emitmodule.py
./.venv/Lib/site-packages/mypyc/codegen/emitwrapper.py
./.venv/Lib/site-packages/mypyc/codegen/literals.py
./.venv/Lib/site-packages/mypyc/common.py
./.venv/Lib/site-packages/mypyc/crash.py
./.venv/Lib/site-packages/mypyc/errors.py
./.venv/Lib/site-packages/mypyc/ir/__init__.py
./.venv/Lib/site-packages/mypyc/ir/class_ir.py
./.venv/Lib/site-packages/mypyc/ir/deps.py
./.venv/Lib/site-packages/mypyc/ir/func_ir.py
./.venv/Lib/site-packages/mypyc/ir/module_ir.py
./.venv/Lib/site-packages/mypyc/ir/ops.py
./.venv/Lib/site-packages/mypyc/ir/pprint.py
./.venv/Lib/site-packages/mypyc/ir/rtypes.py
./.venv/Lib/site-packages/mypyc/irbuild/__init__.py
./.venv/Lib/site-packages/mypyc/irbuild/ast_helpers.py
./.venv/Lib/site-packages/mypyc/irbuild/builder.py
./.venv/Lib/site-packages/mypyc/irbuild/callable_class.py
./.venv/Lib/site-packages/mypyc/irbuild/classdef.py
./.venv/Lib/site-packages/mypyc/irbuild/constant_fold.py
./.venv/Lib/site-packages/mypyc/irbuild/context.py
./.venv/Lib/site-packages/mypyc/irbuild/env_class.py
./.venv/Lib/site-packages/mypyc/irbuild/expression.py
./.venv/Lib/site-packages/mypyc/irbuild/for_helpers.py
./.venv/Lib/site-packages/mypyc/irbuild/format_str_tokenizer.py
./.venv/Lib/site-packages/mypyc/irbuild/function.py
./.venv/Lib/site-packages/mypyc/irbuild/generator.py
./.venv/Lib/site-packages/mypyc/irbuild/ll_builder.py
./.venv/Lib/site-packages/mypyc/irbuild/main.py
./.venv/Lib/site-packages/mypyc/irbuild/mapper.py
./.venv/Lib/site-packages/mypyc/irbuild/match.py
./.venv/Lib/site-packages/mypyc/irbuild/missingtypevisitor.py
./.venv/Lib/site-packages/mypyc/irbuild/nonlocalcontrol.py
./.venv/Lib/site-packages/mypyc/irbuild/prebuildvisitor.py
./.venv/Lib/site-packages/mypyc/irbuild/prepare.py
./.venv/Lib/site-packages/mypyc/irbuild/specialize.py
./.venv/Lib/site-packages/mypyc/irbuild/statement.py
./.venv/Lib/site-packages/mypyc/irbuild/targets.py
./.venv/Lib/site-packages/mypyc/irbuild/util.py
./.venv/Lib/site-packages/mypyc/irbuild/vec.py
./.venv/Lib/site-packages/mypyc/irbuild/visitor.py
./.venv/Lib/site-packages/mypyc/irbuild/vtable.py
./.venv/Lib/site-packages/mypyc/lib-rt/build_setup.py
./.venv/Lib/site-packages/mypyc/lower/__init__.py
./.venv/Lib/site-packages/mypyc/lower/int_ops.py
./.venv/Lib/site-packages/mypyc/lower/list_ops.py
./.venv/Lib/site-packages/mypyc/lower/misc_ops.py
./.venv/Lib/site-packages/mypyc/lower/registry.py
./.venv/Lib/site-packages/mypyc/namegen.py
./.venv/Lib/site-packages/mypyc/options.py
./.venv/Lib/site-packages/mypyc/primitives/__init__.py
./.venv/Lib/site-packages/mypyc/primitives/bytearray_ops.py
./.venv/Lib/site-packages/mypyc/primitives/bytes_ops.py
./.venv/Lib/site-packages/mypyc/primitives/dict_ops.py
./.venv/Lib/site-packages/mypyc/primitives/exc_ops.py
./.venv/Lib/site-packages/mypyc/primitives/float_ops.py
./.venv/Lib/site-packages/mypyc/primitives/generic_ops.py
./.venv/Lib/site-packages/mypyc/primitives/int_ops.py
./.venv/Lib/site-packages/mypyc/primitives/librt_strings_ops.py
./.venv/Lib/site-packages/mypyc/primitives/librt_time_ops.py
./.venv/Lib/site-packages/mypyc/primitives/librt_vecs_ops.py
./.venv/Lib/site-packages/mypyc/primitives/list_ops.py
./.venv/Lib/site-packages/mypyc/primitives/misc_ops.py
./.venv/Lib/site-packages/mypyc/primitives/registry.py
./.venv/Lib/site-packages/mypyc/primitives/set_ops.py
./.venv/Lib/site-packages/mypyc/primitives/str_ops.py
./.venv/Lib/site-packages/mypyc/primitives/tuple_ops.py
./.venv/Lib/site-packages/mypyc/primitives/weakref_ops.py
./.venv/Lib/site-packages/mypyc/rt_subtype.py
./.venv/Lib/site-packages/mypyc/sametype.py
./.venv/Lib/site-packages/mypyc/subtype.py
./.venv/Lib/site-packages/mypyc/test/__init__.py
./.venv/Lib/site-packages/mypyc/test/config.py
./.venv/Lib/site-packages/mypyc/test/librt_cache.py
./.venv/Lib/site-packages/mypyc/test/test_alwaysdefined.py
./.venv/Lib/site-packages/mypyc/test/test_analysis.py
./.venv/Lib/site-packages/mypyc/test/test_annotate.py
./.venv/Lib/site-packages/mypyc/test/test_capsule_deps.py
./.venv/Lib/site-packages/mypyc/test/test_cheader.py
./.venv/Lib/site-packages/mypyc/test/test_commandline.py
./.venv/Lib/site-packages/mypyc/test/test_emit.py
./.venv/Lib/site-packages/mypyc/test/test_emitclass.py
./.venv/Lib/site-packages/mypyc/test/test_emitfunc.py
./.venv/Lib/site-packages/mypyc/test/test_emitwrapper.py
./.venv/Lib/site-packages/mypyc/test/test_exceptions.py
./.venv/Lib/site-packages/mypyc/test/test_external.py
./.venv/Lib/site-packages/mypyc/test/test_irbuild.py
./.venv/Lib/site-packages/mypyc/test/test_ircheck.py
./.venv/Lib/site-packages/mypyc/test/test_literals.py
./.venv/Lib/site-packages/mypyc/test/test_lowering.py
./.venv/Lib/site-packages/mypyc/test/test_misc.py
./.venv/Lib/site-packages/mypyc/test/test_namegen.py
./.venv/Lib/site-packages/mypyc/test/test_optimizations.py
./.venv/Lib/site-packages/mypyc/test/test_pprint.py
./.venv/Lib/site-packages/mypyc/test/test_rarray.py
./.venv/Lib/site-packages/mypyc/test/test_refcount.py
./.venv/Lib/site-packages/mypyc/test/test_run.py
./.venv/Lib/site-packages/mypyc/test/test_serialization.py
./.venv/Lib/site-packages/mypyc/test/test_statement.py
./.venv/Lib/site-packages/mypyc/test/test_struct.py
./.venv/Lib/site-packages/mypyc/test/test_tuplename.py
./.venv/Lib/site-packages/mypyc/test/test_typeops.py
./.venv/Lib/site-packages/mypyc/test/testutil.py
./.venv/Lib/site-packages/mypyc/transform/__init__.py
./.venv/Lib/site-packages/mypyc/transform/copy_propagation.py
./.venv/Lib/site-packages/mypyc/transform/exceptions.py
./.venv/Lib/site-packages/mypyc/transform/flag_elimination.py
./.venv/Lib/site-packages/mypyc/transform/ir_transform.py
./.venv/Lib/site-packages/mypyc/transform/log_trace.py
./.venv/Lib/site-packages/mypyc/transform/lower.py
./.venv/Lib/site-packages/mypyc/transform/refcount.py
./.venv/Lib/site-packages/mypyc/transform/spill.py
./.venv/Lib/site-packages/mypyc/transform/uninit.py
./.venv/Lib/site-packages/nats/__init__.py
./.venv/Lib/site-packages/nats/aio/__init__.py
./.venv/Lib/site-packages/nats/aio/client.py
./.venv/Lib/site-packages/nats/aio/errors.py
./.venv/Lib/site-packages/nats/aio/msg.py
./.venv/Lib/site-packages/nats/aio/subscription.py
./.venv/Lib/site-packages/nats/aio/transport.py
./.venv/Lib/site-packages/nats/errors.py
./.venv/Lib/site-packages/nats/js/__init__.py
./.venv/Lib/site-packages/nats/js/api.py
./.venv/Lib/site-packages/nats/js/client.py
./.venv/Lib/site-packages/nats/js/errors.py
./.venv/Lib/site-packages/nats/js/kv.py
./.venv/Lib/site-packages/nats/js/manager.py
./.venv/Lib/site-packages/nats/js/object_store.py
./.venv/Lib/site-packages/nats/micro/__init__.py
./.venv/Lib/site-packages/nats/micro/request.py
./.venv/Lib/site-packages/nats/micro/service.py
./.venv/Lib/site-packages/nats/nuid.py
./.venv/Lib/site-packages/nats/protocol/__init__.py
./.venv/Lib/site-packages/nats/protocol/command.py
./.venv/Lib/site-packages/nats/protocol/parser.py
./.venv/Lib/site-packages/networkx/__init__.py
./.venv/Lib/site-packages/networkx/algorithms/__init__.py
./.venv/Lib/site-packages/networkx/algorithms/approximation/__init__.py
./.venv/Lib/site-packages/networkx/algorithms/approximation/clique.py
./.venv/Lib/site-packages/networkx/algorithms/approximation/clustering_coefficient.py
./.venv/Lib/site-packages/networkx/algorithms/approximation/connectivity.py
./.venv/Lib/site-packages/networkx/algorithms/approximation/density.py
./.venv/Lib/site-packages/networkx/algorithms/approximation/distance_measures.py
./.venv/Lib/site-packages/networkx/algorithms/approximation/dominating_set.py
./.venv/Lib/site-packages/networkx/algorithms/approximation/kcomponents.py
./.venv/Lib/site-packages/networkx/algorithms/approximation/matching.py
./.venv/Lib/site-packages/networkx/algorithms/approximation/maxcut.py
./.venv/Lib/site-packages/networkx/algorithms/approximation/ramsey.py
./.venv/Lib/site-packages/networkx/algorithms/approximation/steinertree.py
./.venv/Lib/site-packages/networkx/algorithms/approximation/tests/__init__.py
./.venv/Lib/site-packages/networkx/algorithms/approximation/tests/test_approx_clust_coeff.py
./.venv/Lib/site-packages/networkx/algorithms/approximation/tests/test_clique.py
./.venv/Lib/site-packages/networkx/algorithms/approximation/tests/test_connectivity.py
./.venv/Lib/site-packages/networkx/algorithms/approximation/tests/test_density.py
./.venv/Lib/site-packages/networkx/algorithms/approximation/tests/test_distance_measures.py
./.venv/Lib/site-packages/networkx/algorithms/approximation/tests/test_dominating_set.py
./.venv/Lib/site-packages/networkx/algorithms/approximation/tests/test_kcomponents.py
./.venv/Lib/site-packages/networkx/algorithms/approximation/tests/test_matching.py
./.venv/Lib/site-packages/networkx/algorithms/approximation/tests/test_maxcut.py
./.venv/Lib/site-packages/networkx/algorithms/approximation/tests/test_ramsey.py
./.venv/Lib/site-packages/networkx/algorithms/approximation/tests/test_steinertree.py
./.venv/Lib/site-packages/networkx/algorithms/approximation/tests/test_traveling_salesman.py
./.venv/Lib/site-packages/networkx/algorithms/approximation/tests/test_treewidth.py
./.venv/Lib/site-packages/networkx/algorithms/approximation/tests/test_vertex_cover.py
./.venv/Lib/site-packages/networkx/algorithms/approximation/traveling_salesman.py
./.venv/Lib/site-packages/networkx/algorithms/approximation/treewidth.py
./.venv/Lib/site-packages/networkx/algorithms/approximation/vertex_cover.py
./.venv/Lib/site-packages/networkx/algorithms/assortativity/__init__.py
./.venv/Lib/site-packages/networkx/algorithms/assortativity/connectivity.py
./.venv/Lib/site-packages/networkx/algorithms/assortativity/correlation.py
./.venv/Lib/site-packages/networkx/algorithms/assortativity/mixing.py
./.venv/Lib/site-packages/networkx/algorithms/assortativity/neighbor_degree.py
./.venv/Lib/site-packages/networkx/algorithms/assortativity/pairs.py
./.venv/Lib/site-packages/networkx/algorithms/assortativity/tests/__init__.py
./.venv/Lib/site-packages/networkx/algorithms/assortativity/tests/base_test.py
./.venv/Lib/site-packages/networkx/algorithms/assortativity/tests/test_connectivity.py
./.venv/Lib/site-packages/networkx/algorithms/assortativity/tests/test_correlation.py
./.venv/Lib/site-packages/networkx/algorithms/assortativity/tests/test_mixing.py
./.venv/Lib/site-packages/networkx/algorithms/assortativity/tests/test_neighbor_degree.py
./.venv/Lib/site-packages/networkx/algorithms/assortativity/tests/test_pairs.py
./.venv/Lib/site-packages/networkx/algorithms/asteroidal.py
./.venv/Lib/site-packages/networkx/algorithms/bipartite/__init__.py
./.venv/Lib/site-packages/networkx/algorithms/bipartite/basic.py
./.venv/Lib/site-packages/networkx/algorithms/bipartite/centrality.py
./.venv/Lib/site-packages/networkx/algorithms/bipartite/cluster.py
./.venv/Lib/site-packages/networkx/algorithms/bipartite/covering.py
./.venv/Lib/site-packages/networkx/algorithms/bipartite/edgelist.py
./.venv/Lib/site-packages/networkx/algorithms/bipartite/extendability.py
./.venv/Lib/site-packages/networkx/algorithms/bipartite/generators.py
./.venv/Lib/site-packages/networkx/algorithms/bipartite/link_analysis.py
./.venv/Lib/site-packages/networkx/algorithms/bipartite/matching.py
./.venv/Lib/site-packages/networkx/algorithms/bipartite/matrix.py
./.venv/Lib/site-packages/networkx/algorithms/bipartite/projection.py
./.venv/Lib/site-packages/networkx/algorithms/bipartite/redundancy.py
./.venv/Lib/site-packages/networkx/algorithms/bipartite/spectral.py
./.venv/Lib/site-packages/networkx/algorithms/bipartite/tests/__init__.py
./.venv/Lib/site-packages/networkx/algorithms/bipartite/tests/test_basic.py
./.venv/Lib/site-packages/networkx/algorithms/bipartite/tests/test_centrality.py
./.venv/Lib/site-packages/networkx/algorithms/bipartite/tests/test_cluster.py
./.venv/Lib/site-packages/networkx/algorithms/bipartite/tests/test_covering.py
./.venv/Lib/site-packages/networkx/algorithms/bipartite/tests/test_edgelist.py
./.venv/Lib/site-packages/networkx/algorithms/bipartite/tests/test_extendability.py
./.venv/Lib/site-packages/networkx/algorithms/bipartite/tests/test_generators.py
./.venv/Lib/site-packages/networkx/algorithms/bipartite/tests/test_link_analysis.py
./.venv/Lib/site-packages/networkx/algorithms/bipartite/tests/test_matching.py
./.venv/Lib/site-packages/networkx/algorithms/bipartite/tests/test_matrix.py
./.venv/Lib/site-packages/networkx/algorithms/bipartite/tests/test_project.py
./.venv/Lib/site-packages/networkx/algorithms/bipartite/tests/test_redundancy.py
./.venv/Lib/site-packages/networkx/algorithms/bipartite/tests/test_spectral_bipartivity.py
./.venv/Lib/site-packages/networkx/algorithms/boundary.py
./.venv/Lib/site-packages/networkx/algorithms/bridges.py
./.venv/Lib/site-packages/networkx/algorithms/broadcasting.py
./.venv/Lib/site-packages/networkx/algorithms/centrality/__init__.py
./.venv/Lib/site-packages/networkx/algorithms/centrality/betweenness.py
./.venv/Lib/site-packages/networkx/algorithms/centrality/betweenness_subset.py
./.venv/Lib/site-packages/networkx/algorithms/centrality/closeness.py
./.venv/Lib/site-packages/networkx/algorithms/centrality/current_flow_betweenness.py
./.venv/Lib/site-packages/networkx/algorithms/centrality/current_flow_betweenness_subset.py
./.venv/Lib/site-packages/networkx/algorithms/centrality/current_flow_closeness.py
./.venv/Lib/site-packages/networkx/algorithms/centrality/degree_alg.py
./.venv/Lib/site-packages/networkx/algorithms/centrality/dispersion.py
./.venv/Lib/site-packages/networkx/algorithms/centrality/eigenvector.py
./.venv/Lib/site-packages/networkx/algorithms/centrality/flow_matrix.py
./.venv/Lib/site-packages/networkx/algorithms/centrality/group.py
./.venv/Lib/site-packages/networkx/algorithms/centrality/harmonic.py
./.venv/Lib/site-packages/networkx/algorithms/centrality/katz.py
./.venv/Lib/site-packages/networkx/algorithms/centrality/laplacian.py
./.venv/Lib/site-packages/networkx/algorithms/centrality/load.py
./.venv/Lib/site-packages/networkx/algorithms/centrality/percolation.py
./.venv/Lib/site-packages/networkx/algorithms/centrality/reaching.py
./.venv/Lib/site-packages/networkx/algorithms/centrality/second_order.py
./.venv/Lib/site-packages/networkx/algorithms/centrality/subgraph_alg.py
./.venv/Lib/site-packages/networkx/algorithms/centrality/tests/__init__.py
./.venv/Lib/site-packages/networkx/algorithms/centrality/tests/test_betweenness_centrality.py
./.venv/Lib/site-packages/networkx/algorithms/centrality/tests/test_betweenness_centrality_subset.py
./.venv/Lib/site-packages/networkx/algorithms/centrality/tests/test_closeness_centrality.py
./.venv/Lib/site-packages/networkx/algorithms/centrality/tests/test_current_flow_betweenness_centrality.py
./.venv/Lib/site-packages/networkx/algorithms/centrality/tests/test_current_flow_betweenness_centrality_subset.py
./.venv/Lib/site-packages/networkx/algorithms/centrality/tests/test_current_flow_closeness.py
./.venv/Lib/site-packages/networkx/algorithms/centrality/tests/test_degree_centrality.py
./.venv/Lib/site-packages/networkx/algorithms/centrality/tests/test_dispersion.py
./.venv/Lib/site-packages/networkx/algorithms/centrality/tests/test_eigenvector_centrality.py
./.venv/Lib/site-packages/networkx/algorithms/centrality/tests/test_group.py
./.venv/Lib/site-packages/networkx/algorithms/centrality/tests/test_harmonic_centrality.py
./.venv/Lib/site-packages/networkx/algorithms/centrality/tests/test_katz_centrality.py
./.venv/Lib/site-packages/networkx/algorithms/centrality/tests/test_laplacian_centrality.py
./.venv/Lib/site-packages/networkx/algorithms/centrality/tests/test_load_centrality.py
./.venv/Lib/site-packages/networkx/algorithms/centrality/tests/test_percolation_centrality.py
./.venv/Lib/site-packages/networkx/algorithms/centrality/tests/test_reaching.py
./.venv/Lib/site-packages/networkx/algorithms/centrality/tests/test_second_order_centrality.py
./.venv/Lib/site-packages/networkx/algorithms/centrality/tests/test_subgraph.py
./.venv/Lib/site-packages/networkx/algorithms/centrality/tests/test_trophic.py
./.venv/Lib/site-packages/networkx/algorithms/centrality/tests/test_voterank.py
./.venv/Lib/site-packages/networkx/algorithms/centrality/trophic.py
./.venv/Lib/site-packages/networkx/algorithms/centrality/voterank_alg.py
./.venv/Lib/site-packages/networkx/algorithms/chains.py
./.venv/Lib/site-packages/networkx/algorithms/chordal.py
./.venv/Lib/site-packages/networkx/algorithms/clique.py
./.venv/Lib/site-packages/networkx/algorithms/cluster.py
./.venv/Lib/site-packages/networkx/algorithms/coloring/__init__.py
./.venv/Lib/site-packages/networkx/algorithms/coloring/equitable_coloring.py
./.venv/Lib/site-packages/networkx/algorithms/coloring/greedy_coloring.py
./.venv/Lib/site-packages/networkx/algorithms/coloring/tests/__init__.py
./.venv/Lib/site-packages/networkx/algorithms/coloring/tests/test_coloring.py
./.venv/Lib/site-packages/networkx/algorithms/communicability_alg.py
./.venv/Lib/site-packages/networkx/algorithms/community/__init__.py
./.venv/Lib/site-packages/networkx/algorithms/community/asyn_fluid.py
./.venv/Lib/site-packages/networkx/algorithms/community/bipartitions.py
./.venv/Lib/site-packages/networkx/algorithms/community/centrality.py
./.venv/Lib/site-packages/networkx/algorithms/community/community_utils.py
./.venv/Lib/site-packages/networkx/algorithms/community/divisive.py
./.venv/Lib/site-packages/networkx/algorithms/community/kclique.py
./.venv/Lib/site-packages/networkx/algorithms/community/label_propagation.py
./.venv/Lib/site-packages/networkx/algorithms/community/leiden.py
./.venv/Lib/site-packages/networkx/algorithms/community/local.py
./.venv/Lib/site-packages/networkx/algorithms/community/louvain.py
./.venv/Lib/site-packages/networkx/algorithms/community/lukes.py
./.venv/Lib/site-packages/networkx/algorithms/community/modularity_max.py
./.venv/Lib/site-packages/networkx/algorithms/community/quality.py
./.venv/Lib/site-packages/networkx/algorithms/community/tests/__init__.py
./.venv/Lib/site-packages/networkx/algorithms/community/tests/test_asyn_fluid.py
./.venv/Lib/site-packages/networkx/algorithms/community/tests/test_bipartitions.py
./.venv/Lib/site-packages/networkx/algorithms/community/tests/test_centrality.py
./.venv/Lib/site-packages/networkx/algorithms/community/tests/test_divisive.py
./.venv/Lib/site-packages/networkx/algorithms/community/tests/test_kclique.py
./.venv/Lib/site-packages/networkx/algorithms/community/tests/test_label_propagation.py
./.venv/Lib/site-packages/networkx/algorithms/community/tests/test_leiden.py
./.venv/Lib/site-packages/networkx/algorithms/community/tests/test_local.py
./.venv/Lib/site-packages/networkx/algorithms/community/tests/test_louvain.py
./.venv/Lib/site-packages/networkx/algorithms/community/tests/test_lukes.py
./.venv/Lib/site-packages/networkx/algorithms/community/tests/test_modularity_max.py
./.venv/Lib/site-packages/networkx/algorithms/community/tests/test_quality.py
./.venv/Lib/site-packages/networkx/algorithms/community/tests/test_utils.py
./.venv/Lib/site-packages/networkx/algorithms/components/__init__.py
./.venv/Lib/site-packages/networkx/algorithms/components/attracting.py
./.venv/Lib/site-packages/networkx/algorithms/components/biconnected.py
./.venv/Lib/site-packages/networkx/algorithms/components/connected.py
./.venv/Lib/site-packages/networkx/algorithms/components/semiconnected.py
./.venv/Lib/site-packages/networkx/algorithms/components/strongly_connected.py
./.venv/Lib/site-packages/networkx/algorithms/components/tests/__init__.py
./.venv/Lib/site-packages/networkx/algorithms/components/tests/test_attracting.py
./.venv/Lib/site-packages/networkx/algorithms/components/tests/test_biconnected.py
./.venv/Lib/site-packages/networkx/algorithms/components/tests/test_connected.py
./.venv/Lib/site-packages/networkx/algorithms/components/tests/test_semiconnected.py
./.venv/Lib/site-packages/networkx/algorithms/components/tests/test_strongly_connected.py
./.venv/Lib/site-packages/networkx/algorithms/components/tests/test_weakly_connected.py
./.venv/Lib/site-packages/networkx/algorithms/components/weakly_connected.py
./.venv/Lib/site-packages/networkx/algorithms/connectivity/__init__.py
./.venv/Lib/site-packages/networkx/algorithms/connectivity/connectivity.py
./.venv/Lib/site-packages/networkx/algorithms/connectivity/cuts.py
./.venv/Lib/site-packages/networkx/algorithms/connectivity/disjoint_paths.py
./.venv/Lib/site-packages/networkx/algorithms/connectivity/edge_augmentation.py
./.venv/Lib/site-packages/networkx/algorithms/connectivity/edge_kcomponents.py
./.venv/Lib/site-packages/networkx/algorithms/connectivity/kcomponents.py
./.venv/Lib/site-packages/networkx/algorithms/connectivity/kcutsets.py
./.venv/Lib/site-packages/networkx/algorithms/connectivity/stoerwagner.py
./.venv/Lib/site-packages/networkx/algorithms/connectivity/tests/__init__.py
./.venv/Lib/site-packages/networkx/algorithms/connectivity/tests/test_connectivity.py
./.venv/Lib/site-packages/networkx/algorithms/connectivity/tests/test_cuts.py
./.venv/Lib/site-packages/networkx/algorithms/connectivity/tests/test_disjoint_paths.py
./.venv/Lib/site-packages/networkx/algorithms/connectivity/tests/test_edge_augmentation.py
./.venv/Lib/site-packages/networkx/algorithms/connectivity/tests/test_edge_kcomponents.py
./.venv/Lib/site-packages/networkx/algorithms/connectivity/tests/test_kcomponents.py
./.venv/Lib/site-packages/networkx/algorithms/connectivity/tests/test_kcutsets.py
./.venv/Lib/site-packages/networkx/algorithms/connectivity/tests/test_stoer_wagner.py
./.venv/Lib/site-packages/networkx/algorithms/connectivity/utils.py
./.venv/Lib/site-packages/networkx/algorithms/core.py
./.venv/Lib/site-packages/networkx/algorithms/covering.py
./.venv/Lib/site-packages/networkx/algorithms/cuts.py
./.venv/Lib/site-packages/networkx/algorithms/cycles.py
./.venv/Lib/site-packages/networkx/algorithms/d_separation.py
./.venv/Lib/site-packages/networkx/algorithms/dag.py
./.venv/Lib/site-packages/networkx/algorithms/distance_measures.py
./.venv/Lib/site-packages/networkx/algorithms/distance_regular.py
./.venv/Lib/site-packages/networkx/algorithms/dominance.py
./.venv/Lib/site-packages/networkx/algorithms/dominating.py
./.venv/Lib/site-packages/networkx/algorithms/efficiency_measures.py
./.venv/Lib/site-packages/networkx/algorithms/euler.py
./.venv/Lib/site-packages/networkx/algorithms/flow/__init__.py
./.venv/Lib/site-packages/networkx/algorithms/flow/boykovkolmogorov.py
./.venv/Lib/site-packages/networkx/algorithms/flow/capacityscaling.py
./.venv/Lib/site-packages/networkx/algorithms/flow/dinitz_alg.py
./.venv/Lib/site-packages/networkx/algorithms/flow/edmondskarp.py
./.venv/Lib/site-packages/networkx/algorithms/flow/gomory_hu.py
./.venv/Lib/site-packages/networkx/algorithms/flow/maxflow.py
./.venv/Lib/site-packages/networkx/algorithms/flow/mincost.py
./.venv/Lib/site-packages/networkx/algorithms/flow/networksimplex.py
./.venv/Lib/site-packages/networkx/algorithms/flow/preflowpush.py
./.venv/Lib/site-packages/networkx/algorithms/flow/shortestaugmentingpath.py
./.venv/Lib/site-packages/networkx/algorithms/flow/tests/__init__.py
./.venv/Lib/site-packages/networkx/algorithms/flow/tests/test_gomory_hu.py
./.venv/Lib/site-packages/networkx/algorithms/flow/tests/test_maxflow.py
./.venv/Lib/site-packages/networkx/algorithms/flow/tests/test_maxflow_large_graph.py
./.venv/Lib/site-packages/networkx/algorithms/flow/tests/test_mincost.py
./.venv/Lib/site-packages/networkx/algorithms/flow/tests/test_networksimplex.py
./.venv/Lib/site-packages/networkx/algorithms/flow/utils.py
./.venv/Lib/site-packages/networkx/algorithms/graph_hashing.py
./.venv/Lib/site-packages/networkx/algorithms/graphical.py
./.venv/Lib/site-packages/networkx/algorithms/hierarchy.py
./.venv/Lib/site-packages/networkx/algorithms/hybrid.py
./.venv/Lib/site-packages/networkx/algorithms/isolate.py
./.venv/Lib/site-packages/networkx/algorithms/isomorphism/__init__.py
./.venv/Lib/site-packages/networkx/algorithms/isomorphism/ismags.py
./.venv/Lib/site-packages/networkx/algorithms/isomorphism/isomorph.py
./.venv/Lib/site-packages/networkx/algorithms/isomorphism/isomorphvf2.py
./.venv/Lib/site-packages/networkx/algorithms/isomorphism/matchhelpers.py
./.venv/Lib/site-packages/networkx/algorithms/isomorphism/temporalisomorphvf2.py
./.venv/Lib/site-packages/networkx/algorithms/isomorphism/tests/__init__.py
./.venv/Lib/site-packages/networkx/algorithms/isomorphism/tests/test_ismags.py
./.venv/Lib/site-packages/networkx/algorithms/isomorphism/tests/test_isomorphism.py
./.venv/Lib/site-packages/networkx/algorithms/isomorphism/tests/test_isomorphvf2.py
./.venv/Lib/site-packages/networkx/algorithms/isomorphism/tests/test_match_helpers.py
./.venv/Lib/site-packages/networkx/algorithms/isomorphism/tests/test_temporalisomorphvf2.py
./.venv/Lib/site-packages/networkx/algorithms/isomorphism/tests/test_tree_isomorphism.py
./.venv/Lib/site-packages/networkx/algorithms/isomorphism/tests/test_vf2pp.py
./.venv/Lib/site-packages/networkx/algorithms/isomorphism/tests/test_vf2pp_helpers.py
./.venv/Lib/site-packages/networkx/algorithms/isomorphism/tests/test_vf2userfunc.py
./.venv/Lib/site-packages/networkx/algorithms/isomorphism/tree_isomorphism.py
./.venv/Lib/site-packages/networkx/algorithms/isomorphism/vf2pp.py
./.venv/Lib/site-packages/networkx/algorithms/isomorphism/vf2userfunc.py
./.venv/Lib/site-packages/networkx/algorithms/link_analysis/__init__.py
./.venv/Lib/site-packages/networkx/algorithms/link_analysis/hits_alg.py
./.venv/Lib/site-packages/networkx/algorithms/link_analysis/pagerank_alg.py
./.venv/Lib/site-packages/networkx/algorithms/link_analysis/tests/__init__.py
./.venv/Lib/site-packages/networkx/algorithms/link_analysis/tests/test_hits.py
./.venv/Lib/site-packages/networkx/algorithms/link_analysis/tests/test_pagerank.py
./.venv/Lib/site-packages/networkx/algorithms/link_prediction.py
./.venv/Lib/site-packages/networkx/algorithms/lowest_common_ancestors.py
./.venv/Lib/site-packages/networkx/algorithms/matching.py
./.venv/Lib/site-packages/networkx/algorithms/minors/__init__.py
./.venv/Lib/site-packages/networkx/algorithms/minors/contraction.py
./.venv/Lib/site-packages/networkx/algorithms/minors/tests/test_contraction.py
./.venv/Lib/site-packages/networkx/algorithms/mis.py
./.venv/Lib/site-packages/networkx/algorithms/moral.py
./.venv/Lib/site-packages/networkx/algorithms/node_classification.py
./.venv/Lib/site-packages/networkx/algorithms/non_randomness.py
./.venv/Lib/site-packages/networkx/algorithms/operators/__init__.py
./.venv/Lib/site-packages/networkx/algorithms/operators/all.py
./.venv/Lib/site-packages/networkx/algorithms/operators/binary.py
./.venv/Lib/site-packages/networkx/algorithms/operators/product.py
./.venv/Lib/site-packages/networkx/algorithms/operators/tests/__init__.py
./.venv/Lib/site-packages/networkx/algorithms/operators/tests/test_all.py
./.venv/Lib/site-packages/networkx/algorithms/operators/tests/test_binary.py
./.venv/Lib/site-packages/networkx/algorithms/operators/tests/test_product.py
./.venv/Lib/site-packages/networkx/algorithms/operators/tests/test_unary.py
./.venv/Lib/site-packages/networkx/algorithms/operators/unary.py
./.venv/Lib/site-packages/networkx/algorithms/perfect_graph.py
./.venv/Lib/site-packages/networkx/algorithms/planar_drawing.py
./.venv/Lib/site-packages/networkx/algorithms/planarity.py
./.venv/Lib/site-packages/networkx/algorithms/polynomials.py
./.venv/Lib/site-packages/networkx/algorithms/reciprocity.py
./.venv/Lib/site-packages/networkx/algorithms/regular.py
./.venv/Lib/site-packages/networkx/algorithms/richclub.py
./.venv/Lib/site-packages/networkx/algorithms/shortest_paths/__init__.py
./.venv/Lib/site-packages/networkx/algorithms/shortest_paths/astar.py
./.venv/Lib/site-packages/networkx/algorithms/shortest_paths/dense.py
./.venv/Lib/site-packages/networkx/algorithms/shortest_paths/generic.py
./.venv/Lib/site-packages/networkx/algorithms/shortest_paths/tests/__init__.py
./.venv/Lib/site-packages/networkx/algorithms/shortest_paths/tests/test_astar.py
./.venv/Lib/site-packages/networkx/algorithms/shortest_paths/tests/test_dense.py
./.venv/Lib/site-packages/networkx/algorithms/shortest_paths/tests/test_dense_numpy.py
./.venv/Lib/site-packages/networkx/algorithms/shortest_paths/tests/test_generic.py
./.venv/Lib/site-packages/networkx/algorithms/shortest_paths/tests/test_unweighted.py
./.venv/Lib/site-packages/networkx/algorithms/shortest_paths/tests/test_weighted.py
./.venv/Lib/site-packages/networkx/algorithms/shortest_paths/unweighted.py
./.venv/Lib/site-packages/networkx/algorithms/shortest_paths/weighted.py
./.venv/Lib/site-packages/networkx/algorithms/similarity.py
./.venv/Lib/site-packages/networkx/algorithms/simple_paths.py
./.venv/Lib/site-packages/networkx/algorithms/smallworld.py
./.venv/Lib/site-packages/networkx/algorithms/smetric.py
./.venv/Lib/site-packages/networkx/algorithms/sparsifiers.py
./.venv/Lib/site-packages/networkx/algorithms/structuralholes.py
./.venv/Lib/site-packages/networkx/algorithms/summarization.py
./.venv/Lib/site-packages/networkx/algorithms/swap.py
./.venv/Lib/site-packages/networkx/algorithms/tests/__init__.py
./.venv/Lib/site-packages/networkx/algorithms/tests/test_asteroidal.py
./.venv/Lib/site-packages/networkx/algorithms/tests/test_boundary.py
./.venv/Lib/site-packages/networkx/algorithms/tests/test_bridges.py
./.venv/Lib/site-packages/networkx/algorithms/tests/test_broadcasting.py
./.venv/Lib/site-packages/networkx/algorithms/tests/test_chains.py
./.venv/Lib/site-packages/networkx/algorithms/tests/test_chordal.py
./.venv/Lib/site-packages/networkx/algorithms/tests/test_clique.py
./.venv/Lib/site-packages/networkx/algorithms/tests/test_cluster.py
./.venv/Lib/site-packages/networkx/algorithms/tests/test_communicability.py
./.venv/Lib/site-packages/networkx/algorithms/tests/test_core.py
./.venv/Lib/site-packages/networkx/algorithms/tests/test_covering.py
./.venv/Lib/site-packages/networkx/algorithms/tests/test_cuts.py
./.venv/Lib/site-packages/networkx/algorithms/tests/test_cycles.py
./.venv/Lib/site-packages/networkx/algorithms/tests/test_d_separation.py
./.venv/Lib/site-packages/networkx/algorithms/tests/test_dag.py
./.venv/Lib/site-packages/networkx/algorithms/tests/test_distance_measures.py
./.venv/Lib/site-packages/networkx/algorithms/tests/test_distance_regular.py
./.venv/Lib/site-packages/networkx/algorithms/tests/test_dominance.py
./.venv/Lib/site-packages/networkx/algorithms/tests/test_dominating.py
./.venv/Lib/site-packages/networkx/algorithms/tests/test_efficiency.py
./.venv/Lib/site-packages/networkx/algorithms/tests/test_euler.py
./.venv/Lib/site-packages/networkx/algorithms/tests/test_graph_hashing.py
./.venv/Lib/site-packages/networkx/algorithms/tests/test_graphical.py
./.venv/Lib/site-packages/networkx/algorithms/tests/test_hierarchy.py
./.venv/Lib/site-packages/networkx/algorithms/tests/test_hybrid.py
./.venv/Lib/site-packages/networkx/algorithms/tests/test_isolate.py
./.venv/Lib/site-packages/networkx/algorithms/tests/test_link_prediction.py
./.venv/Lib/site-packages/networkx/algorithms/tests/test_lowest_common_ancestors.py
./.venv/Lib/site-packages/networkx/algorithms/tests/test_matching.py
./.venv/Lib/site-packages/networkx/algorithms/tests/test_max_weight_clique.py
./.venv/Lib/site-packages/networkx/algorithms/tests/test_mis.py
./.venv/Lib/site-packages/networkx/algorithms/tests/test_moral.py
./.venv/Lib/site-packages/networkx/algorithms/tests/test_node_classification.py
./.venv/Lib/site-packages/networkx/algorithms/tests/test_non_randomness.py
./.venv/Lib/site-packages/networkx/algorithms/tests/test_perfect_graph.py
./.venv/Lib/site-packages/networkx/algorithms/tests/test_planar_drawing.py
./.venv/Lib/site-packages/networkx/algorithms/tests/test_planarity.py
./.venv/Lib/site-packages/networkx/algorithms/tests/test_polynomials.py
./.venv/Lib/site-packages/networkx/algorithms/tests/test_reciprocity.py
./.venv/Lib/site-packages/networkx/algorithms/tests/test_regular.py
./.venv/Lib/site-packages/networkx/algorithms/tests/test_richclub.py
./.venv/Lib/site-packages/networkx/algorithms/tests/test_similarity.py
./.venv/Lib/site-packages/networkx/algorithms/tests/test_simple_paths.py
./.venv/Lib/site-packages/networkx/algorithms/tests/test_smallworld.py
./.venv/Lib/site-packages/networkx/algorithms/tests/test_smetric.py
./.venv/Lib/site-packages/networkx/algorithms/tests/test_sparsifiers.py
./.venv/Lib/site-packages/networkx/algorithms/tests/test_structuralholes.py
./.venv/Lib/site-packages/networkx/algorithms/tests/test_summarization.py
./.venv/Lib/site-packages/networkx/algorithms/tests/test_swap.py
./.venv/Lib/site-packages/networkx/algorithms/tests/test_threshold.py
./.venv/Lib/site-packages/networkx/algorithms/tests/test_time_dependent.py
./.venv/Lib/site-packages/networkx/algorithms/tests/test_tournament.py
./.venv/Lib/site-packages/networkx/algorithms/tests/test_triads.py
./.venv/Lib/site-packages/networkx/algorithms/tests/test_vitality.py
./.venv/Lib/site-packages/networkx/algorithms/tests/test_voronoi.py
./.venv/Lib/site-packages/networkx/algorithms/tests/test_walks.py
./.venv/Lib/site-packages/networkx/algorithms/tests/test_wiener.py
./.venv/Lib/site-packages/networkx/algorithms/threshold.py
./.venv/Lib/site-packages/networkx/algorithms/time_dependent.py
./.venv/Lib/site-packages/networkx/algorithms/tournament.py
./.venv/Lib/site-packages/networkx/algorithms/traversal/__init__.py
./.venv/Lib/site-packages/networkx/algorithms/traversal/beamsearch.py
./.venv/Lib/site-packages/networkx/algorithms/traversal/breadth_first_search.py
./.venv/Lib/site-packages/networkx/algorithms/traversal/depth_first_search.py
./.venv/Lib/site-packages/networkx/algorithms/traversal/edgebfs.py
./.venv/Lib/site-packages/networkx/algorithms/traversal/edgedfs.py
./.venv/Lib/site-packages/networkx/algorithms/traversal/tests/__init__.py
./.venv/Lib/site-packages/networkx/algorithms/traversal/tests/test_beamsearch.py
./.venv/Lib/site-packages/networkx/algorithms/traversal/tests/test_bfs.py
./.venv/Lib/site-packages/networkx/algorithms/traversal/tests/test_dfs.py
./.venv/Lib/site-packages/networkx/algorithms/traversal/tests/test_edgebfs.py
./.venv/Lib/site-packages/networkx/algorithms/traversal/tests/test_edgedfs.py
./.venv/Lib/site-packages/networkx/algorithms/tree/__init__.py
./.venv/Lib/site-packages/networkx/algorithms/tree/branchings.py
./.venv/Lib/site-packages/networkx/algorithms/tree/coding.py
./.venv/Lib/site-packages/networkx/algorithms/tree/decomposition.py
./.venv/Lib/site-packages/networkx/algorithms/tree/distance_measures.py
./.venv/Lib/site-packages/networkx/algorithms/tree/mst.py
./.venv/Lib/site-packages/networkx/algorithms/tree/operations.py
./.venv/Lib/site-packages/networkx/algorithms/tree/recognition.py
./.venv/Lib/site-packages/networkx/algorithms/tree/tests/__init__.py
./.venv/Lib/site-packages/networkx/algorithms/tree/tests/test_branchings.py
./.venv/Lib/site-packages/networkx/algorithms/tree/tests/test_coding.py
./.venv/Lib/site-packages/networkx/algorithms/tree/tests/test_decomposition.py
./.venv/Lib/site-packages/networkx/algorithms/tree/tests/test_distance_measures.py
./.venv/Lib/site-packages/networkx/algorithms/tree/tests/test_mst.py
./.venv/Lib/site-packages/networkx/algorithms/tree/tests/test_operations.py
./.venv/Lib/site-packages/networkx/algorithms/tree/tests/test_recognition.py
./.venv/Lib/site-packages/networkx/algorithms/triads.py
./.venv/Lib/site-packages/networkx/algorithms/vitality.py
./.venv/Lib/site-packages/networkx/algorithms/voronoi.py
./.venv/Lib/site-packages/networkx/algorithms/walks.py
./.venv/Lib/site-packages/networkx/algorithms/wiener.py
./.venv/Lib/site-packages/networkx/classes/__init__.py
./.venv/Lib/site-packages/networkx/classes/coreviews.py
./.venv/Lib/site-packages/networkx/classes/digraph.py
./.venv/Lib/site-packages/networkx/classes/filters.py
./.venv/Lib/site-packages/networkx/classes/function.py
./.venv/Lib/site-packages/networkx/classes/graph.py
./.venv/Lib/site-packages/networkx/classes/graphviews.py
./.venv/Lib/site-packages/networkx/classes/multidigraph.py
./.venv/Lib/site-packages/networkx/classes/multigraph.py
./.venv/Lib/site-packages/networkx/classes/reportviews.py
./.venv/Lib/site-packages/networkx/classes/tests/__init__.py
./.venv/Lib/site-packages/networkx/classes/tests/dispatch_interface.py
./.venv/Lib/site-packages/networkx/classes/tests/historical_tests.py
./.venv/Lib/site-packages/networkx/classes/tests/test_coreviews.py
./.venv/Lib/site-packages/networkx/classes/tests/test_digraph.py
./.venv/Lib/site-packages/networkx/classes/tests/test_digraph_historical.py
./.venv/Lib/site-packages/networkx/classes/tests/test_filters.py
./.venv/Lib/site-packages/networkx/classes/tests/test_function.py
./.venv/Lib/site-packages/networkx/classes/tests/test_graph.py
./.venv/Lib/site-packages/networkx/classes/tests/test_graph_historical.py
./.venv/Lib/site-packages/networkx/classes/tests/test_graphviews.py
./.venv/Lib/site-packages/networkx/classes/tests/test_multidigraph.py
./.venv/Lib/site-packages/networkx/classes/tests/test_multigraph.py
./.venv/Lib/site-packages/networkx/classes/tests/test_reportviews.py
./.venv/Lib/site-packages/networkx/classes/tests/test_special.py
./.venv/Lib/site-packages/networkx/classes/tests/test_subgraphviews.py
./.venv/Lib/site-packages/networkx/conftest.py
./.venv/Lib/site-packages/networkx/convert.py
./.venv/Lib/site-packages/networkx/convert_matrix.py
./.venv/Lib/site-packages/networkx/drawing/__init__.py
./.venv/Lib/site-packages/networkx/drawing/layout.py
./.venv/Lib/site-packages/networkx/drawing/nx_agraph.py
./.venv/Lib/site-packages/networkx/drawing/nx_latex.py
./.venv/Lib/site-packages/networkx/drawing/nx_pydot.py
./.venv/Lib/site-packages/networkx/drawing/nx_pylab.py
./.venv/Lib/site-packages/networkx/drawing/tests/__init__.py
./.venv/Lib/site-packages/networkx/drawing/tests/test_agraph.py
./.venv/Lib/site-packages/networkx/drawing/tests/test_image_comparison_pylab_mpl.py
./.venv/Lib/site-packages/networkx/drawing/tests/test_latex.py
./.venv/Lib/site-packages/networkx/drawing/tests/test_layout.py
./.venv/Lib/site-packages/networkx/drawing/tests/test_pydot.py
./.venv/Lib/site-packages/networkx/drawing/tests/test_pylab.py
./.venv/Lib/site-packages/networkx/exception.py
./.venv/Lib/site-packages/networkx/generators/__init__.py
./.venv/Lib/site-packages/networkx/generators/atlas.py
./.venv/Lib/site-packages/networkx/generators/classic.py
./.venv/Lib/site-packages/networkx/generators/cographs.py
./.venv/Lib/site-packages/networkx/generators/community.py
./.venv/Lib/site-packages/networkx/generators/degree_seq.py
./.venv/Lib/site-packages/networkx/generators/directed.py
./.venv/Lib/site-packages/networkx/generators/duplication.py
./.venv/Lib/site-packages/networkx/generators/ego.py
./.venv/Lib/site-packages/networkx/generators/expanders.py
./.venv/Lib/site-packages/networkx/generators/geometric.py
./.venv/Lib/site-packages/networkx/generators/harary_graph.py
./.venv/Lib/site-packages/networkx/generators/internet_as_graphs.py
./.venv/Lib/site-packages/networkx/generators/intersection.py
./.venv/Lib/site-packages/networkx/generators/interval_graph.py
./.venv/Lib/site-packages/networkx/generators/joint_degree_seq.py
./.venv/Lib/site-packages/networkx/generators/lattice.py
./.venv/Lib/site-packages/networkx/generators/line.py
./.venv/Lib/site-packages/networkx/generators/mycielski.py
./.venv/Lib/site-packages/networkx/generators/nonisomorphic_trees.py
./.venv/Lib/site-packages/networkx/generators/random_clustered.py
./.venv/Lib/site-packages/networkx/generators/random_graphs.py
./.venv/Lib/site-packages/networkx/generators/small.py
./.venv/Lib/site-packages/networkx/generators/social.py
./.venv/Lib/site-packages/networkx/generators/spectral_graph_forge.py
./.venv/Lib/site-packages/networkx/generators/stochastic.py
./.venv/Lib/site-packages/networkx/generators/sudoku.py
./.venv/Lib/site-packages/networkx/generators/tests/__init__.py
./.venv/Lib/site-packages/networkx/generators/tests/test_atlas.py
./.venv/Lib/site-packages/networkx/generators/tests/test_classic.py
./.venv/Lib/site-packages/networkx/generators/tests/test_cographs.py
./.venv/Lib/site-packages/networkx/generators/tests/test_community.py
./.venv/Lib/site-packages/networkx/generators/tests/test_degree_seq.py
./.venv/Lib/site-packages/networkx/generators/tests/test_directed.py
./.venv/Lib/site-packages/networkx/generators/tests/test_duplication.py
./.venv/Lib/site-packages/networkx/generators/tests/test_ego.py
./.venv/Lib/site-packages/networkx/generators/tests/test_expanders.py
./.venv/Lib/site-packages/networkx/generators/tests/test_geometric.py
./.venv/Lib/site-packages/networkx/generators/tests/test_harary_graph.py
./.venv/Lib/site-packages/networkx/generators/tests/test_internet_as_graphs.py
./.venv/Lib/site-packages/networkx/generators/tests/test_intersection.py
./.venv/Lib/site-packages/networkx/generators/tests/test_interval_graph.py
./.venv/Lib/site-packages/networkx/generators/tests/test_joint_degree_seq.py
./.venv/Lib/site-packages/networkx/generators/tests/test_lattice.py
./.venv/Lib/site-packages/networkx/generators/tests/test_line.py
./.venv/Lib/site-packages/networkx/generators/tests/test_mycielski.py
./.venv/Lib/site-packages/networkx/generators/tests/test_nonisomorphic_trees.py
./.venv/Lib/site-packages/networkx/generators/tests/test_random_clustered.py
./.venv/Lib/site-packages/networkx/generators/tests/test_random_graphs.py
./.venv/Lib/site-packages/networkx/generators/tests/test_small.py
./.venv/Lib/site-packages/networkx/generators/tests/test_spectral_graph_forge.py
./.venv/Lib/site-packages/networkx/generators/tests/test_stochastic.py
./.venv/Lib/site-packages/networkx/generators/tests/test_sudoku.py
./.venv/Lib/site-packages/networkx/generators/tests/test_time_series.py
./.venv/Lib/site-packages/networkx/generators/tests/test_trees.py
./.venv/Lib/site-packages/networkx/generators/tests/test_triads.py
./.venv/Lib/site-packages/networkx/generators/time_series.py
./.venv/Lib/site-packages/networkx/generators/trees.py
./.venv/Lib/site-packages/networkx/generators/triads.py
./.venv/Lib/site-packages/networkx/lazy_imports.py
./.venv/Lib/site-packages/networkx/linalg/__init__.py
./.venv/Lib/site-packages/networkx/linalg/algebraicconnectivity.py
./.venv/Lib/site-packages/networkx/linalg/attrmatrix.py
./.venv/Lib/site-packages/networkx/linalg/bethehessianmatrix.py
./.venv/Lib/site-packages/networkx/linalg/graphmatrix.py
./.venv/Lib/site-packages/networkx/linalg/laplacianmatrix.py
./.venv/Lib/site-packages/networkx/linalg/modularitymatrix.py
./.venv/Lib/site-packages/networkx/linalg/spectrum.py
./.venv/Lib/site-packages/networkx/linalg/tests/__init__.py
./.venv/Lib/site-packages/networkx/linalg/tests/test_algebraic_connectivity.py
./.venv/Lib/site-packages/networkx/linalg/tests/test_attrmatrix.py
./.venv/Lib/site-packages/networkx/linalg/tests/test_bethehessian.py
./.venv/Lib/site-packages/networkx/linalg/tests/test_graphmatrix.py
./.venv/Lib/site-packages/networkx/linalg/tests/test_laplacian.py
./.venv/Lib/site-packages/networkx/linalg/tests/test_modularity.py
./.venv/Lib/site-packages/networkx/linalg/tests/test_spectrum.py
./.venv/Lib/site-packages/networkx/readwrite/__init__.py
./.venv/Lib/site-packages/networkx/readwrite/adjlist.py
./.venv/Lib/site-packages/networkx/readwrite/edgelist.py
./.venv/Lib/site-packages/networkx/readwrite/gexf.py
./.venv/Lib/site-packages/networkx/readwrite/gml.py
./.venv/Lib/site-packages/networkx/readwrite/graph6.py
./.venv/Lib/site-packages/networkx/readwrite/graphml.py
./.venv/Lib/site-packages/networkx/readwrite/json_graph/__init__.py
./.venv/Lib/site-packages/networkx/readwrite/json_graph/adjacency.py
./.venv/Lib/site-packages/networkx/readwrite/json_graph/cytoscape.py
./.venv/Lib/site-packages/networkx/readwrite/json_graph/node_link.py
./.venv/Lib/site-packages/networkx/readwrite/json_graph/tests/__init__.py
./.venv/Lib/site-packages/networkx/readwrite/json_graph/tests/test_adjacency.py
./.venv/Lib/site-packages/networkx/readwrite/json_graph/tests/test_cytoscape.py
./.venv/Lib/site-packages/networkx/readwrite/json_graph/tests/test_node_link.py
./.venv/Lib/site-packages/networkx/readwrite/json_graph/tests/test_tree.py
./.venv/Lib/site-packages/networkx/readwrite/json_graph/tree.py
./.venv/Lib/site-packages/networkx/readwrite/leda.py
./.venv/Lib/site-packages/networkx/readwrite/multiline_adjlist.py
./.venv/Lib/site-packages/networkx/readwrite/p2g.py
./.venv/Lib/site-packages/networkx/readwrite/pajek.py
./.venv/Lib/site-packages/networkx/readwrite/sparse6.py
./.venv/Lib/site-packages/networkx/readwrite/tests/__init__.py
./.venv/Lib/site-packages/networkx/readwrite/tests/test_adjlist.py
./.venv/Lib/site-packages/networkx/readwrite/tests/test_edgelist.py
./.venv/Lib/site-packages/networkx/readwrite/tests/test_gexf.py
./.venv/Lib/site-packages/networkx/readwrite/tests/test_gml.py
./.venv/Lib/site-packages/networkx/readwrite/tests/test_graph6.py
./.venv/Lib/site-packages/networkx/readwrite/tests/test_graphml.py
./.venv/Lib/site-packages/networkx/readwrite/tests/test_leda.py
./.venv/Lib/site-packages/networkx/readwrite/tests/test_p2g.py
./.venv/Lib/site-packages/networkx/readwrite/tests/test_pajek.py
./.venv/Lib/site-packages/networkx/readwrite/tests/test_sparse6.py
./.venv/Lib/site-packages/networkx/readwrite/tests/test_text.py
./.venv/Lib/site-packages/networkx/readwrite/text.py
./.venv/Lib/site-packages/networkx/relabel.py
./.venv/Lib/site-packages/networkx/tests/__init__.py
./.venv/Lib/site-packages/networkx/tests/test_all_random_functions.py
./.venv/Lib/site-packages/networkx/tests/test_convert.py
./.venv/Lib/site-packages/networkx/tests/test_convert_numpy.py
./.venv/Lib/site-packages/networkx/tests/test_convert_pandas.py
./.venv/Lib/site-packages/networkx/tests/test_convert_scipy.py
./.venv/Lib/site-packages/networkx/tests/test_exceptions.py
./.venv/Lib/site-packages/networkx/tests/test_import.py
./.venv/Lib/site-packages/networkx/tests/test_lazy_imports.py
./.venv/Lib/site-packages/networkx/tests/test_relabel.py
./.venv/Lib/site-packages/networkx/tests/test_removed_functions_exception_messages.py
./.venv/Lib/site-packages/networkx/utils/__init__.py
./.venv/Lib/site-packages/networkx/utils/backends.py
./.venv/Lib/site-packages/networkx/utils/configs.py
./.venv/Lib/site-packages/networkx/utils/decorators.py
./.venv/Lib/site-packages/networkx/utils/heaps.py
./.venv/Lib/site-packages/networkx/utils/mapped_queue.py
./.venv/Lib/site-packages/networkx/utils/misc.py
./.venv/Lib/site-packages/networkx/utils/random_sequence.py
./.venv/Lib/site-packages/networkx/utils/rcm.py
./.venv/Lib/site-packages/networkx/utils/tests/__init__.py
./.venv/Lib/site-packages/networkx/utils/tests/test__init.py
./.venv/Lib/site-packages/networkx/utils/tests/test_backends.py
./.venv/Lib/site-packages/networkx/utils/tests/test_config.py
./.venv/Lib/site-packages/networkx/utils/tests/test_decorators.py
./.venv/Lib/site-packages/networkx/utils/tests/test_heaps.py
./.venv/Lib/site-packages/networkx/utils/tests/test_mapped_queue.py
./.venv/Lib/site-packages/networkx/utils/tests/test_misc.py
./.venv/Lib/site-packages/networkx/utils/tests/test_random_sequence.py
./.venv/Lib/site-packages/networkx/utils/tests/test_rcm.py
./.venv/Lib/site-packages/networkx/utils/tests/test_unionfind.py
./.venv/Lib/site-packages/networkx/utils/union_find.py
./.venv/Lib/site-packages/numpy/__config__.py
./.venv/Lib/site-packages/numpy/__init__.py
./.venv/Lib/site-packages/numpy/_array_api_info.py
./.venv/Lib/site-packages/numpy/_configtool.py
./.venv/Lib/site-packages/numpy/_core/__init__.py
./.venv/Lib/site-packages/numpy/_core/_add_newdocs.py
./.venv/Lib/site-packages/numpy/_core/_add_newdocs_scalars.py
./.venv/Lib/site-packages/numpy/_core/_asarray.py
./.venv/Lib/site-packages/numpy/_core/_dtype.py
./.venv/Lib/site-packages/numpy/_core/_dtype_ctypes.py
./.venv/Lib/site-packages/numpy/_core/_exceptions.py
./.venv/Lib/site-packages/numpy/_core/_internal.py
./.venv/Lib/site-packages/numpy/_core/_methods.py
./.venv/Lib/site-packages/numpy/_core/_string_helpers.py
./.venv/Lib/site-packages/numpy/_core/_type_aliases.py
./.venv/Lib/site-packages/numpy/_core/_ufunc_config.py
./.venv/Lib/site-packages/numpy/_core/arrayprint.py
./.venv/Lib/site-packages/numpy/_core/cversions.py
./.venv/Lib/site-packages/numpy/_core/defchararray.py
./.venv/Lib/site-packages/numpy/_core/einsumfunc.py
./.venv/Lib/site-packages/numpy/_core/fromnumeric.py
./.venv/Lib/site-packages/numpy/_core/function_base.py
./.venv/Lib/site-packages/numpy/_core/getlimits.py
./.venv/Lib/site-packages/numpy/_core/memmap.py
./.venv/Lib/site-packages/numpy/_core/multiarray.py
./.venv/Lib/site-packages/numpy/_core/numeric.py
./.venv/Lib/site-packages/numpy/_core/numerictypes.py
./.venv/Lib/site-packages/numpy/_core/overrides.py
./.venv/Lib/site-packages/numpy/_core/printoptions.py
./.venv/Lib/site-packages/numpy/_core/records.py
./.venv/Lib/site-packages/numpy/_core/shape_base.py
./.venv/Lib/site-packages/numpy/_core/strings.py
./.venv/Lib/site-packages/numpy/_core/tests/_locales.py
./.venv/Lib/site-packages/numpy/_core/tests/_natype.py
./.venv/Lib/site-packages/numpy/_core/tests/examples/cython/setup.py
./.venv/Lib/site-packages/numpy/_core/tests/examples/limited_api/setup.py
./.venv/Lib/site-packages/numpy/_core/tests/test__exceptions.py
./.venv/Lib/site-packages/numpy/_core/tests/test_abc.py
./.venv/Lib/site-packages/numpy/_core/tests/test_api.py
./.venv/Lib/site-packages/numpy/_core/tests/test_argparse.py
./.venv/Lib/site-packages/numpy/_core/tests/test_array_api_info.py
./.venv/Lib/site-packages/numpy/_core/tests/test_array_coercion.py
./.venv/Lib/site-packages/numpy/_core/tests/test_array_interface.py
./.venv/Lib/site-packages/numpy/_core/tests/test_arraymethod.py
./.venv/Lib/site-packages/numpy/_core/tests/test_arrayobject.py
./.venv/Lib/site-packages/numpy/_core/tests/test_arrayprint.py
./.venv/Lib/site-packages/numpy/_core/tests/test_casting_floatingpoint_errors.py
./.venv/Lib/site-packages/numpy/_core/tests/test_casting_unittests.py
./.venv/Lib/site-packages/numpy/_core/tests/test_conversion_utils.py
./.venv/Lib/site-packages/numpy/_core/tests/test_cpu_dispatcher.py
./.venv/Lib/site-packages/numpy/_core/tests/test_cpu_features.py
./.venv/Lib/site-packages/numpy/_core/tests/test_custom_dtypes.py
./.venv/Lib/site-packages/numpy/_core/tests/test_cython.py
./.venv/Lib/site-packages/numpy/_core/tests/test_datetime.py
./.venv/Lib/site-packages/numpy/_core/tests/test_defchararray.py
./.venv/Lib/site-packages/numpy/_core/tests/test_deprecations.py
./.venv/Lib/site-packages/numpy/_core/tests/test_dlpack.py
./.venv/Lib/site-packages/numpy/_core/tests/test_dtype.py
./.venv/Lib/site-packages/numpy/_core/tests/test_einsum.py
./.venv/Lib/site-packages/numpy/_core/tests/test_errstate.py
./.venv/Lib/site-packages/numpy/_core/tests/test_extint128.py
./.venv/Lib/site-packages/numpy/_core/tests/test_finfo.py
./.venv/Lib/site-packages/numpy/_core/tests/test_function_base.py
./.venv/Lib/site-packages/numpy/_core/tests/test_getlimits.py
./.venv/Lib/site-packages/numpy/_core/tests/test_half.py
./.venv/Lib/site-packages/numpy/_core/tests/test_hashtable.py
./.venv/Lib/site-packages/numpy/_core/tests/test_indexerrors.py
./.venv/Lib/site-packages/numpy/_core/tests/test_indexing.py
./.venv/Lib/site-packages/numpy/_core/tests/test_item_selection.py
./.venv/Lib/site-packages/numpy/_core/tests/test_limited_api.py
./.venv/Lib/site-packages/numpy/_core/tests/test_longdouble.py
./.venv/Lib/site-packages/numpy/_core/tests/test_mem_overlap.py
./.venv/Lib/site-packages/numpy/_core/tests/test_mem_policy.py
./.venv/Lib/site-packages/numpy/_core/tests/test_memmap.py
./.venv/Lib/site-packages/numpy/_core/tests/test_multiarray.py
./.venv/Lib/site-packages/numpy/_core/tests/test_multiprocessing.py
./.venv/Lib/site-packages/numpy/_core/tests/test_multithreading.py
./.venv/Lib/site-packages/numpy/_core/tests/test_nditer.py
./.venv/Lib/site-packages/numpy/_core/tests/test_nep50_promotions.py
./.venv/Lib/site-packages/numpy/_core/tests/test_numeric.py
./.venv/Lib/site-packages/numpy/_core/tests/test_numerictypes.py
./.venv/Lib/site-packages/numpy/_core/tests/test_overrides.py
./.venv/Lib/site-packages/numpy/_core/tests/test_print.py
./.venv/Lib/site-packages/numpy/_core/tests/test_protocols.py
./.venv/Lib/site-packages/numpy/_core/tests/test_records.py
./.venv/Lib/site-packages/numpy/_core/tests/test_regression.py
./.venv/Lib/site-packages/numpy/_core/tests/test_scalar_ctors.py
./.venv/Lib/site-packages/numpy/_core/tests/test_scalar_methods.py
./.venv/Lib/site-packages/numpy/_core/tests/test_scalarbuffer.py
./.venv/Lib/site-packages/numpy/_core/tests/test_scalarinherit.py
./.venv/Lib/site-packages/numpy/_core/tests/test_scalarmath.py
./.venv/Lib/site-packages/numpy/_core/tests/test_scalarprint.py
./.venv/Lib/site-packages/numpy/_core/tests/test_shape_base.py
./.venv/Lib/site-packages/numpy/_core/tests/test_simd.py
./.venv/Lib/site-packages/numpy/_core/tests/test_simd_module.py
./.venv/Lib/site-packages/numpy/_core/tests/test_stringdtype.py
./.venv/Lib/site-packages/numpy/_core/tests/test_strings.py
./.venv/Lib/site-packages/numpy/_core/tests/test_ufunc.py
./.venv/Lib/site-packages/numpy/_core/tests/test_umath.py
./.venv/Lib/site-packages/numpy/_core/tests/test_umath_accuracy.py
./.venv/Lib/site-packages/numpy/_core/tests/test_umath_complex.py
./.venv/Lib/site-packages/numpy/_core/tests/test_unicode.py
./.venv/Lib/site-packages/numpy/_core/umath.py
./.venv/Lib/site-packages/numpy/_distributor_init.py
./.venv/Lib/site-packages/numpy/_expired_attrs_2_0.py
./.venv/Lib/site-packages/numpy/_globals.py
./.venv/Lib/site-packages/numpy/_pyinstaller/__init__.py
./.venv/Lib/site-packages/numpy/_pyinstaller/hook-numpy.py
./.venv/Lib/site-packages/numpy/_pyinstaller/tests/__init__.py
./.venv/Lib/site-packages/numpy/_pyinstaller/tests/pyinstaller-smoke.py
./.venv/Lib/site-packages/numpy/_pyinstaller/tests/test_pyinstaller.py
./.venv/Lib/site-packages/numpy/_pytesttester.py
./.venv/Lib/site-packages/numpy/_typing/__init__.py
./.venv/Lib/site-packages/numpy/_typing/_add_docstring.py
./.venv/Lib/site-packages/numpy/_typing/_array_like.py
./.venv/Lib/site-packages/numpy/_typing/_char_codes.py
./.venv/Lib/site-packages/numpy/_typing/_dtype_like.py
./.venv/Lib/site-packages/numpy/_typing/_extended_precision.py
./.venv/Lib/site-packages/numpy/_typing/_nbit.py
./.venv/Lib/site-packages/numpy/_typing/_nbit_base.py
./.venv/Lib/site-packages/numpy/_typing/_nested_sequence.py
./.venv/Lib/site-packages/numpy/_typing/_scalars.py
./.venv/Lib/site-packages/numpy/_typing/_shape.py
./.venv/Lib/site-packages/numpy/_typing/_ufunc.py
./.venv/Lib/site-packages/numpy/_utils/__init__.py
./.venv/Lib/site-packages/numpy/_utils/_convertions.py
./.venv/Lib/site-packages/numpy/_utils/_inspect.py
./.venv/Lib/site-packages/numpy/_utils/_pep440.py
./.venv/Lib/site-packages/numpy/char/__init__.py
./.venv/Lib/site-packages/numpy/conftest.py
./.venv/Lib/site-packages/numpy/core/__init__.py
./.venv/Lib/site-packages/numpy/core/_dtype.py
./.venv/Lib/site-packages/numpy/core/_dtype_ctypes.py
./.venv/Lib/site-packages/numpy/core/_internal.py
./.venv/Lib/site-packages/numpy/core/_multiarray_umath.py
./.venv/Lib/site-packages/numpy/core/_utils.py
./.venv/Lib/site-packages/numpy/core/arrayprint.py
./.venv/Lib/site-packages/numpy/core/defchararray.py
./.venv/Lib/site-packages/numpy/core/einsumfunc.py
./.venv/Lib/site-packages/numpy/core/fromnumeric.py
./.venv/Lib/site-packages/numpy/core/function_base.py
./.venv/Lib/site-packages/numpy/core/getlimits.py
./.venv/Lib/site-packages/numpy/core/multiarray.py
./.venv/Lib/site-packages/numpy/core/numeric.py
./.venv/Lib/site-packages/numpy/core/numerictypes.py
./.venv/Lib/site-packages/numpy/core/overrides.py
./.venv/Lib/site-packages/numpy/core/records.py
./.venv/Lib/site-packages/numpy/core/shape_base.py
./.venv/Lib/site-packages/numpy/core/umath.py
./.venv/Lib/site-packages/numpy/ctypeslib/__init__.py
./.venv/Lib/site-packages/numpy/ctypeslib/_ctypeslib.py
./.venv/Lib/site-packages/numpy/doc/ufuncs.py
./.venv/Lib/site-packages/numpy/dtypes.py
./.venv/Lib/site-packages/numpy/exceptions.py
./.venv/Lib/site-packages/numpy/f2py/__init__.py
./.venv/Lib/site-packages/numpy/f2py/__main__.py
./.venv/Lib/site-packages/numpy/f2py/__version__.py
./.venv/Lib/site-packages/numpy/f2py/_backends/__init__.py
./.venv/Lib/site-packages/numpy/f2py/_backends/_backend.py
./.venv/Lib/site-packages/numpy/f2py/_backends/_distutils.py
./.venv/Lib/site-packages/numpy/f2py/_backends/_meson.py
./.venv/Lib/site-packages/numpy/f2py/_isocbind.py
./.venv/Lib/site-packages/numpy/f2py/_src_pyf.py
./.venv/Lib/site-packages/numpy/f2py/auxfuncs.py
./.venv/Lib/site-packages/numpy/f2py/capi_maps.py
./.venv/Lib/site-packages/numpy/f2py/cb_rules.py
./.venv/Lib/site-packages/numpy/f2py/cfuncs.py
./.venv/Lib/site-packages/numpy/f2py/common_rules.py
./.venv/Lib/site-packages/numpy/f2py/crackfortran.py
./.venv/Lib/site-packages/numpy/f2py/diagnose.py
./.venv/Lib/site-packages/numpy/f2py/f2py2e.py
./.venv/Lib/site-packages/numpy/f2py/f90mod_rules.py
./.venv/Lib/site-packages/numpy/f2py/func2subr.py
./.venv/Lib/site-packages/numpy/f2py/rules.py
./.venv/Lib/site-packages/numpy/f2py/symbolic.py
./.venv/Lib/site-packages/numpy/f2py/tests/__init__.py
./.venv/Lib/site-packages/numpy/f2py/tests/test_abstract_interface.py
./.venv/Lib/site-packages/numpy/f2py/tests/test_array_from_pyobj.py
./.venv/Lib/site-packages/numpy/f2py/tests/test_assumed_shape.py
./.venv/Lib/site-packages/numpy/f2py/tests/test_block_docstring.py
./.venv/Lib/site-packages/numpy/f2py/tests/test_callback.py
./.venv/Lib/site-packages/numpy/f2py/tests/test_character.py
./.venv/Lib/site-packages/numpy/f2py/tests/test_common.py
./.venv/Lib/site-packages/numpy/f2py/tests/test_crackfortran.py
./.venv/Lib/site-packages/numpy/f2py/tests/test_data.py
./.venv/Lib/site-packages/numpy/f2py/tests/test_docs.py
./.venv/Lib/site-packages/numpy/f2py/tests/test_f2cmap.py
./.venv/Lib/site-packages/numpy/f2py/tests/test_f2py2e.py
./.venv/Lib/site-packages/numpy/f2py/tests/test_isoc.py
./.venv/Lib/site-packages/numpy/f2py/tests/test_kind.py
./.venv/Lib/site-packages/numpy/f2py/tests/test_mixed.py
./.venv/Lib/site-packages/numpy/f2py/tests/test_modules.py
./.venv/Lib/site-packages/numpy/f2py/tests/test_parameter.py
./.venv/Lib/site-packages/numpy/f2py/tests/test_pyf_src.py
./.venv/Lib/site-packages/numpy/f2py/tests/test_quoted_character.py
./.venv/Lib/site-packages/numpy/f2py/tests/test_regression.py
./.venv/Lib/site-packages/numpy/f2py/tests/test_return_character.py
./.venv/Lib/site-packages/numpy/f2py/tests/test_return_complex.py
./.venv/Lib/site-packages/numpy/f2py/tests/test_return_integer.py
./.venv/Lib/site-packages/numpy/f2py/tests/test_return_logical.py
./.venv/Lib/site-packages/numpy/f2py/tests/test_return_real.py
./.venv/Lib/site-packages/numpy/f2py/tests/test_routines.py
./.venv/Lib/site-packages/numpy/f2py/tests/test_semicolon_split.py
./.venv/Lib/site-packages/numpy/f2py/tests/test_size.py
./.venv/Lib/site-packages/numpy/f2py/tests/test_string.py
./.venv/Lib/site-packages/numpy/f2py/tests/test_symbolic.py
./.venv/Lib/site-packages/numpy/f2py/tests/test_value_attrspec.py
./.venv/Lib/site-packages/numpy/f2py/tests/util.py
./.venv/Lib/site-packages/numpy/f2py/use_rules.py
./.venv/Lib/site-packages/numpy/fft/__init__.py
./.venv/Lib/site-packages/numpy/fft/_helper.py
./.venv/Lib/site-packages/numpy/fft/_pocketfft.py
./.venv/Lib/site-packages/numpy/fft/tests/__init__.py
./.venv/Lib/site-packages/numpy/fft/tests/test_helper.py
./.venv/Lib/site-packages/numpy/fft/tests/test_pocketfft.py
./.venv/Lib/site-packages/numpy/lib/__init__.py
./.venv/Lib/site-packages/numpy/lib/_array_utils_impl.py
./.venv/Lib/site-packages/numpy/lib/_arraypad_impl.py
./.venv/Lib/site-packages/numpy/lib/_arraysetops_impl.py
./.venv/Lib/site-packages/numpy/lib/_arrayterator_impl.py
./.venv/Lib/site-packages/numpy/lib/_datasource.py
./.venv/Lib/site-packages/numpy/lib/_format_impl.py
./.venv/Lib/site-packages/numpy/lib/_function_base_impl.py
./.venv/Lib/site-packages/numpy/lib/_histograms_impl.py
./.venv/Lib/site-packages/numpy/lib/_index_tricks_impl.py
./.venv/Lib/site-packages/numpy/lib/_iotools.py
./.venv/Lib/site-packages/numpy/lib/_nanfunctions_impl.py
./.venv/Lib/site-packages/numpy/lib/_npyio_impl.py
./.venv/Lib/site-packages/numpy/lib/_polynomial_impl.py
./.venv/Lib/site-packages/numpy/lib/_scimath_impl.py
./.venv/Lib/site-packages/numpy/lib/_shape_base_impl.py
./.venv/Lib/site-packages/numpy/lib/_stride_tricks_impl.py
./.venv/Lib/site-packages/numpy/lib/_twodim_base_impl.py
./.venv/Lib/site-packages/numpy/lib/_type_check_impl.py
./.venv/Lib/site-packages/numpy/lib/_ufunclike_impl.py
./.venv/Lib/site-packages/numpy/lib/_user_array_impl.py
./.venv/Lib/site-packages/numpy/lib/_utils_impl.py
./.venv/Lib/site-packages/numpy/lib/_version.py
./.venv/Lib/site-packages/numpy/lib/array_utils.py
./.venv/Lib/site-packages/numpy/lib/format.py
./.venv/Lib/site-packages/numpy/lib/introspect.py
./.venv/Lib/site-packages/numpy/lib/mixins.py
./.venv/Lib/site-packages/numpy/lib/npyio.py
./.venv/Lib/site-packages/numpy/lib/recfunctions.py
./.venv/Lib/site-packages/numpy/lib/scimath.py
./.venv/Lib/site-packages/numpy/lib/stride_tricks.py
./.venv/Lib/site-packages/numpy/lib/tests/__init__.py
./.venv/Lib/site-packages/numpy/lib/tests/test__datasource.py
./.venv/Lib/site-packages/numpy/lib/tests/test__iotools.py
./.venv/Lib/site-packages/numpy/lib/tests/test__version.py
./.venv/Lib/site-packages/numpy/lib/tests/test_array_utils.py
./.venv/Lib/site-packages/numpy/lib/tests/test_arraypad.py
./.venv/Lib/site-packages/numpy/lib/tests/test_arraysetops.py
./.venv/Lib/site-packages/numpy/lib/tests/test_arrayterator.py
./.venv/Lib/site-packages/numpy/lib/tests/test_format.py
./.venv/Lib/site-packages/numpy/lib/tests/test_function_base.py
./.venv/Lib/site-packages/numpy/lib/tests/test_histograms.py
./.venv/Lib/site-packages/numpy/lib/tests/test_index_tricks.py
./.venv/Lib/site-packages/numpy/lib/tests/test_io.py
./.venv/Lib/site-packages/numpy/lib/tests/test_loadtxt.py
./.venv/Lib/site-packages/numpy/lib/tests/test_mixins.py
./.venv/Lib/site-packages/numpy/lib/tests/test_nanfunctions.py
./.venv/Lib/site-packages/numpy/lib/tests/test_packbits.py
./.venv/Lib/site-packages/numpy/lib/tests/test_polynomial.py
./.venv/Lib/site-packages/numpy/lib/tests/test_recfunctions.py
./.venv/Lib/site-packages/numpy/lib/tests/test_regression.py
./.venv/Lib/site-packages/numpy/lib/tests/test_shape_base.py
./.venv/Lib/site-packages/numpy/lib/tests/test_stride_tricks.py
./.venv/Lib/site-packages/numpy/lib/tests/test_twodim_base.py
./.venv/Lib/site-packages/numpy/lib/tests/test_type_check.py
./.venv/Lib/site-packages/numpy/lib/tests/test_ufunclike.py
./.venv/Lib/site-packages/numpy/lib/tests/test_utils.py
./.venv/Lib/site-packages/numpy/lib/user_array.py
./.venv/Lib/site-packages/numpy/linalg/__init__.py
./.venv/Lib/site-packages/numpy/linalg/_linalg.py
./.venv/Lib/site-packages/numpy/linalg/tests/__init__.py
./.venv/Lib/site-packages/numpy/linalg/tests/test_deprecations.py
./.venv/Lib/site-packages/numpy/linalg/tests/test_linalg.py
./.venv/Lib/site-packages/numpy/linalg/tests/test_regression.py
./.venv/Lib/site-packages/numpy/ma/__init__.py
./.venv/Lib/site-packages/numpy/ma/core.py
./.venv/Lib/site-packages/numpy/ma/extras.py
./.venv/Lib/site-packages/numpy/ma/mrecords.py
./.venv/Lib/site-packages/numpy/ma/tests/__init__.py
./.venv/Lib/site-packages/numpy/ma/tests/test_arrayobject.py
./.venv/Lib/site-packages/numpy/ma/tests/test_core.py
./.venv/Lib/site-packages/numpy/ma/tests/test_deprecations.py
./.venv/Lib/site-packages/numpy/ma/tests/test_extras.py
./.venv/Lib/site-packages/numpy/ma/tests/test_mrecords.py
./.venv/Lib/site-packages/numpy/ma/tests/test_old_ma.py
./.venv/Lib/site-packages/numpy/ma/tests/test_regression.py
./.venv/Lib/site-packages/numpy/ma/tests/test_subclassing.py
./.venv/Lib/site-packages/numpy/ma/testutils.py
./.venv/Lib/site-packages/numpy/matlib.py
./.venv/Lib/site-packages/numpy/matrixlib/__init__.py
./.venv/Lib/site-packages/numpy/matrixlib/defmatrix.py
./.venv/Lib/site-packages/numpy/matrixlib/tests/__init__.py
./.venv/Lib/site-packages/numpy/matrixlib/tests/test_defmatrix.py
./.venv/Lib/site-packages/numpy/matrixlib/tests/test_interaction.py
./.venv/Lib/site-packages/numpy/matrixlib/tests/test_masked_matrix.py
./.venv/Lib/site-packages/numpy/matrixlib/tests/test_matrix_linalg.py
./.venv/Lib/site-packages/numpy/matrixlib/tests/test_multiarray.py
./.venv/Lib/site-packages/numpy/matrixlib/tests/test_numeric.py
./.venv/Lib/site-packages/numpy/matrixlib/tests/test_regression.py
./.venv/Lib/site-packages/numpy/polynomial/__init__.py
./.venv/Lib/site-packages/numpy/polynomial/_polybase.py
./.venv/Lib/site-packages/numpy/polynomial/chebyshev.py
./.venv/Lib/site-packages/numpy/polynomial/hermite.py
./.venv/Lib/site-packages/numpy/polynomial/hermite_e.py
./.venv/Lib/site-packages/numpy/polynomial/laguerre.py
./.venv/Lib/site-packages/numpy/polynomial/legendre.py
./.venv/Lib/site-packages/numpy/polynomial/polynomial.py
./.venv/Lib/site-packages/numpy/polynomial/polyutils.py
./.venv/Lib/site-packages/numpy/polynomial/tests/__init__.py
./.venv/Lib/site-packages/numpy/polynomial/tests/test_chebyshev.py
./.venv/Lib/site-packages/numpy/polynomial/tests/test_classes.py
./.venv/Lib/site-packages/numpy/polynomial/tests/test_hermite.py
./.venv/Lib/site-packages/numpy/polynomial/tests/test_hermite_e.py
./.venv/Lib/site-packages/numpy/polynomial/tests/test_laguerre.py
./.venv/Lib/site-packages/numpy/polynomial/tests/test_legendre.py
./.venv/Lib/site-packages/numpy/polynomial/tests/test_polynomial.py
./.venv/Lib/site-packages/numpy/polynomial/tests/test_polyutils.py
./.venv/Lib/site-packages/numpy/polynomial/tests/test_printing.py
./.venv/Lib/site-packages/numpy/polynomial/tests/test_symbol.py
./.venv/Lib/site-packages/numpy/random/__init__.py
./.venv/Lib/site-packages/numpy/random/_examples/cffi/extending.py
./.venv/Lib/site-packages/numpy/random/_examples/cffi/parse.py
./.venv/Lib/site-packages/numpy/random/_examples/numba/extending.py
./.venv/Lib/site-packages/numpy/random/_examples/numba/extending_distributions.py
./.venv/Lib/site-packages/numpy/random/_pickle.py
./.venv/Lib/site-packages/numpy/random/tests/__init__.py
./.venv/Lib/site-packages/numpy/random/tests/data/__init__.py
./.venv/Lib/site-packages/numpy/random/tests/test_direct.py
./.venv/Lib/site-packages/numpy/random/tests/test_extending.py
./.venv/Lib/site-packages/numpy/random/tests/test_generator_mt19937.py
./.venv/Lib/site-packages/numpy/random/tests/test_generator_mt19937_regressions.py
./.venv/Lib/site-packages/numpy/random/tests/test_random.py
./.venv/Lib/site-packages/numpy/random/tests/test_randomstate.py
./.venv/Lib/site-packages/numpy/random/tests/test_randomstate_regression.py
./.venv/Lib/site-packages/numpy/random/tests/test_regression.py
./.venv/Lib/site-packages/numpy/random/tests/test_seed_sequence.py
./.venv/Lib/site-packages/numpy/random/tests/test_smoke.py
./.venv/Lib/site-packages/numpy/rec/__init__.py
./.venv/Lib/site-packages/numpy/strings/__init__.py
./.venv/Lib/site-packages/numpy/testing/__init__.py
./.venv/Lib/site-packages/numpy/testing/_private/__init__.py
./.venv/Lib/site-packages/numpy/testing/_private/extbuild.py
./.venv/Lib/site-packages/numpy/testing/_private/utils.py
./.venv/Lib/site-packages/numpy/testing/overrides.py
./.venv/Lib/site-packages/numpy/testing/print_coercion_tables.py
./.venv/Lib/site-packages/numpy/testing/tests/__init__.py
./.venv/Lib/site-packages/numpy/testing/tests/test_utils.py
./.venv/Lib/site-packages/numpy/tests/__init__.py
./.venv/Lib/site-packages/numpy/tests/test__all__.py
./.venv/Lib/site-packages/numpy/tests/test_configtool.py
./.venv/Lib/site-packages/numpy/tests/test_ctypeslib.py
./.venv/Lib/site-packages/numpy/tests/test_lazyloading.py
./.venv/Lib/site-packages/numpy/tests/test_matlib.py
./.venv/Lib/site-packages/numpy/tests/test_numpy_config.py
./.venv/Lib/site-packages/numpy/tests/test_numpy_version.py
./.venv/Lib/site-packages/numpy/tests/test_public_api.py
./.venv/Lib/site-packages/numpy/tests/test_reloading.py
./.venv/Lib/site-packages/numpy/tests/test_scripts.py
./.venv/Lib/site-packages/numpy/tests/test_warnings.py
./.venv/Lib/site-packages/numpy/typing/__init__.py
./.venv/Lib/site-packages/numpy/typing/mypy_plugin.py
./.venv/Lib/site-packages/numpy/typing/tests/__init__.py
./.venv/Lib/site-packages/numpy/typing/tests/data/pass/arithmetic.py
./.venv/Lib/site-packages/numpy/typing/tests/data/pass/array_constructors.py
./.venv/Lib/site-packages/numpy/typing/tests/data/pass/array_like.py
./.venv/Lib/site-packages/numpy/typing/tests/data/pass/arrayprint.py
./.venv/Lib/site-packages/numpy/typing/tests/data/pass/arrayterator.py
./.venv/Lib/site-packages/numpy/typing/tests/data/pass/bitwise_ops.py
./.venv/Lib/site-packages/numpy/typing/tests/data/pass/comparisons.py
./.venv/Lib/site-packages/numpy/typing/tests/data/pass/dtype.py
./.venv/Lib/site-packages/numpy/typing/tests/data/pass/einsumfunc.py
./.venv/Lib/site-packages/numpy/typing/tests/data/pass/flatiter.py
./.venv/Lib/site-packages/numpy/typing/tests/data/pass/fromnumeric.py
./.venv/Lib/site-packages/numpy/typing/tests/data/pass/index_tricks.py
./.venv/Lib/site-packages/numpy/typing/tests/data/pass/lib_user_array.py
./.venv/Lib/site-packages/numpy/typing/tests/data/pass/lib_utils.py
./.venv/Lib/site-packages/numpy/typing/tests/data/pass/lib_version.py
./.venv/Lib/site-packages/numpy/typing/tests/data/pass/literal.py
./.venv/Lib/site-packages/numpy/typing/tests/data/pass/ma.py
./.venv/Lib/site-packages/numpy/typing/tests/data/pass/mod.py
./.venv/Lib/site-packages/numpy/typing/tests/data/pass/modules.py
./.venv/Lib/site-packages/numpy/typing/tests/data/pass/multiarray.py
./.venv/Lib/site-packages/numpy/typing/tests/data/pass/ndarray_conversion.py
./.venv/Lib/site-packages/numpy/typing/tests/data/pass/ndarray_misc.py
./.venv/Lib/site-packages/numpy/typing/tests/data/pass/ndarray_shape_manipulation.py
./.venv/Lib/site-packages/numpy/typing/tests/data/pass/nditer.py
./.venv/Lib/site-packages/numpy/typing/tests/data/pass/numeric.py
./.venv/Lib/site-packages/numpy/typing/tests/data/pass/numerictypes.py
./.venv/Lib/site-packages/numpy/typing/tests/data/pass/random.py
./.venv/Lib/site-packages/numpy/typing/tests/data/pass/recfunctions.py
./.venv/Lib/site-packages/numpy/typing/tests/data/pass/scalars.py
./.venv/Lib/site-packages/numpy/typing/tests/data/pass/shape.py
./.venv/Lib/site-packages/numpy/typing/tests/data/pass/simple.py
./.venv/Lib/site-packages/numpy/typing/tests/data/pass/ufunc_config.py
./.venv/Lib/site-packages/numpy/typing/tests/data/pass/ufunclike.py
./.venv/Lib/site-packages/numpy/typing/tests/data/pass/ufuncs.py
./.venv/Lib/site-packages/numpy/typing/tests/data/pass/warnings_and_errors.py
./.venv/Lib/site-packages/numpy/typing/tests/test_isfile.py
./.venv/Lib/site-packages/numpy/typing/tests/test_runtime.py
./.venv/Lib/site-packages/numpy/typing/tests/test_typing.py
./.venv/Lib/site-packages/numpy/version.py
./.venv/Lib/site-packages/openai/__init__.py
./.venv/Lib/site-packages/openai/_base_client.py
./.venv/Lib/site-packages/openai/_client.py
./.venv/Lib/site-packages/openai/_compat.py
./.venv/Lib/site-packages/openai/_constants.py
./.venv/Lib/site-packages/openai/_event_handler.py
./.venv/Lib/site-packages/openai/_exceptions.py
./.venv/Lib/site-packages/openai/_extras/__init__.py
./.venv/Lib/site-packages/openai/_extras/_common.py
./.venv/Lib/site-packages/openai/_extras/numpy_proxy.py
./.venv/Lib/site-packages/openai/_extras/pandas_proxy.py
./.venv/Lib/site-packages/openai/_extras/sounddevice_proxy.py
./.venv/Lib/site-packages/openai/_files.py
./.venv/Lib/site-packages/openai/_legacy_response.py
./.venv/Lib/site-packages/openai/_models.py
./.venv/Lib/site-packages/openai/_module_client.py
./.venv/Lib/site-packages/openai/_qs.py
./.venv/Lib/site-packages/openai/_resource.py
./.venv/Lib/site-packages/openai/_response.py
./.venv/Lib/site-packages/openai/_send_queue.py
./.venv/Lib/site-packages/openai/_streaming.py
./.venv/Lib/site-packages/openai/_types.py
./.venv/Lib/site-packages/openai/_utils/__init__.py
./.venv/Lib/site-packages/openai/_utils/_compat.py
./.venv/Lib/site-packages/openai/_utils/_datetime_parse.py
./.venv/Lib/site-packages/openai/_utils/_json.py
./.venv/Lib/site-packages/openai/_utils/_logs.py
./.venv/Lib/site-packages/openai/_utils/_path.py
./.venv/Lib/site-packages/openai/_utils/_proxy.py
./.venv/Lib/site-packages/openai/_utils/_reflection.py
./.venv/Lib/site-packages/openai/_utils/_resources_proxy.py
./.venv/Lib/site-packages/openai/_utils/_streams.py
./.venv/Lib/site-packages/openai/_utils/_sync.py
./.venv/Lib/site-packages/openai/_utils/_transform.py
./.venv/Lib/site-packages/openai/_utils/_typing.py
./.venv/Lib/site-packages/openai/_utils/_utils.py
./.venv/Lib/site-packages/openai/_version.py
./.venv/Lib/site-packages/openai/auth/__init__.py
./.venv/Lib/site-packages/openai/auth/_workload.py
./.venv/Lib/site-packages/openai/helpers/__init__.py
./.venv/Lib/site-packages/openai/helpers/local_audio_player.py
./.venv/Lib/site-packages/openai/helpers/microphone.py
./.venv/Lib/site-packages/openai/lib/__init__.py
./.venv/Lib/site-packages/openai/lib/_old_api.py
./.venv/Lib/site-packages/openai/lib/_parsing/__init__.py
./.venv/Lib/site-packages/openai/lib/_parsing/_completions.py
./.venv/Lib/site-packages/openai/lib/_parsing/_responses.py
./.venv/Lib/site-packages/openai/lib/_pydantic.py
./.venv/Lib/site-packages/openai/lib/_realtime.py
./.venv/Lib/site-packages/openai/lib/_tools.py
./.venv/Lib/site-packages/openai/lib/_validators.py
./.venv/Lib/site-packages/openai/lib/azure.py
./.venv/Lib/site-packages/openai/lib/streaming/__init__.py
./.venv/Lib/site-packages/openai/lib/streaming/_assistants.py
./.venv/Lib/site-packages/openai/lib/streaming/_deltas.py
./.venv/Lib/site-packages/openai/lib/streaming/chat/__init__.py
./.venv/Lib/site-packages/openai/lib/streaming/chat/_completions.py
./.venv/Lib/site-packages/openai/lib/streaming/chat/_events.py
./.venv/Lib/site-packages/openai/lib/streaming/chat/_types.py
./.venv/Lib/site-packages/openai/lib/streaming/responses/__init__.py
./.venv/Lib/site-packages/openai/lib/streaming/responses/_events.py
./.venv/Lib/site-packages/openai/lib/streaming/responses/_responses.py
./.venv/Lib/site-packages/openai/lib/streaming/responses/_types.py
./.venv/Lib/site-packages/openai/pagination.py
./.venv/Lib/site-packages/openai/resources/__init__.py
./.venv/Lib/site-packages/openai/resources/admin/__init__.py
./.venv/Lib/site-packages/openai/resources/admin/admin.py
./.venv/Lib/site-packages/openai/resources/admin/organization/__init__.py
./.venv/Lib/site-packages/openai/resources/admin/organization/admin_api_keys.py
./.venv/Lib/site-packages/openai/resources/admin/organization/audit_logs.py
./.venv/Lib/site-packages/openai/resources/admin/organization/certificates.py
./.venv/Lib/site-packages/openai/resources/admin/organization/groups/__init__.py
./.venv/Lib/site-packages/openai/resources/admin/organization/groups/groups.py
./.venv/Lib/site-packages/openai/resources/admin/organization/groups/roles.py
./.venv/Lib/site-packages/openai/resources/admin/organization/groups/users.py
./.venv/Lib/site-packages/openai/resources/admin/organization/invites.py
./.venv/Lib/site-packages/openai/resources/admin/organization/organization.py
./.venv/Lib/site-packages/openai/resources/admin/organization/projects/__init__.py
./.venv/Lib/site-packages/openai/resources/admin/organization/projects/api_keys.py
./.venv/Lib/site-packages/openai/resources/admin/organization/projects/certificates.py
./.venv/Lib/site-packages/openai/resources/admin/organization/projects/groups/__init__.py
./.venv/Lib/site-packages/openai/resources/admin/organization/projects/groups/groups.py
./.venv/Lib/site-packages/openai/resources/admin/organization/projects/groups/roles.py
./.venv/Lib/site-packages/openai/resources/admin/organization/projects/projects.py
./.venv/Lib/site-packages/openai/resources/admin/organization/projects/rate_limits.py
./.venv/Lib/site-packages/openai/resources/admin/organization/projects/roles.py
./.venv/Lib/site-packages/openai/resources/admin/organization/projects/service_accounts.py
./.venv/Lib/site-packages/openai/resources/admin/organization/projects/users/__init__.py
./.venv/Lib/site-packages/openai/resources/admin/organization/projects/users/roles.py
./.venv/Lib/site-packages/openai/resources/admin/organization/projects/users/users.py
./.venv/Lib/site-packages/openai/resources/admin/organization/roles.py
./.venv/Lib/site-packages/openai/resources/admin/organization/usage.py
./.venv/Lib/site-packages/openai/resources/admin/organization/users/__init__.py
./.venv/Lib/site-packages/openai/resources/admin/organization/users/roles.py
./.venv/Lib/site-packages/openai/resources/admin/organization/users/users.py
./.venv/Lib/site-packages/openai/resources/audio/__init__.py
./.venv/Lib/site-packages/openai/resources/audio/audio.py
./.venv/Lib/site-packages/openai/resources/audio/speech.py
./.venv/Lib/site-packages/openai/resources/audio/transcriptions.py
./.venv/Lib/site-packages/openai/resources/audio/translations.py
./.venv/Lib/site-packages/openai/resources/batches.py
./.venv/Lib/site-packages/openai/resources/beta/__init__.py
./.venv/Lib/site-packages/openai/resources/beta/assistants.py
./.venv/Lib/site-packages/openai/resources/beta/beta.py
./.venv/Lib/site-packages/openai/resources/beta/chatkit/__init__.py
./.venv/Lib/site-packages/openai/resources/beta/chatkit/chatkit.py
./.venv/Lib/site-packages/openai/resources/beta/chatkit/sessions.py
./.venv/Lib/site-packages/openai/resources/beta/chatkit/threads.py
./.venv/Lib/site-packages/openai/resources/beta/realtime/__init__.py
./.venv/Lib/site-packages/openai/resources/beta/realtime/realtime.py
./.venv/Lib/site-packages/openai/resources/beta/realtime/sessions.py
./.venv/Lib/site-packages/openai/resources/beta/realtime/transcription_sessions.py
./.venv/Lib/site-packages/openai/resources/beta/threads/__init__.py
./.venv/Lib/site-packages/openai/resources/beta/threads/messages.py
./.venv/Lib/site-packages/openai/resources/beta/threads/runs/__init__.py
./.venv/Lib/site-packages/openai/resources/beta/threads/runs/runs.py
./.venv/Lib/site-packages/openai/resources/beta/threads/runs/steps.py
./.venv/Lib/site-packages/openai/resources/beta/threads/threads.py
./.venv/Lib/site-packages/openai/resources/chat/__init__.py
./.venv/Lib/site-packages/openai/resources/chat/chat.py
./.venv/Lib/site-packages/openai/resources/chat/completions/__init__.py
./.venv/Lib/site-packages/openai/resources/chat/completions/completions.py
./.venv/Lib/site-packages/openai/resources/chat/completions/messages.py
./.venv/Lib/site-packages/openai/resources/completions.py
./.venv/Lib/site-packages/openai/resources/containers/__init__.py
./.venv/Lib/site-packages/openai/resources/containers/containers.py
./.venv/Lib/site-packages/openai/resources/containers/files/__init__.py
./.venv/Lib/site-packages/openai/resources/containers/files/content.py
./.venv/Lib/site-packages/openai/resources/containers/files/files.py
./.venv/Lib/site-packages/openai/resources/conversations/__init__.py
./.venv/Lib/site-packages/openai/resources/conversations/conversations.py
./.venv/Lib/site-packages/openai/resources/conversations/items.py
./.venv/Lib/site-packages/openai/resources/embeddings.py
./.venv/Lib/site-packages/openai/resources/evals/__init__.py
./.venv/Lib/site-packages/openai/resources/evals/evals.py
./.venv/Lib/site-packages/openai/resources/evals/runs/__init__.py
./.venv/Lib/site-packages/openai/resources/evals/runs/output_items.py
./.venv/Lib/site-packages/openai/resources/evals/runs/runs.py
./.venv/Lib/site-packages/openai/resources/files.py
./.venv/Lib/site-packages/openai/resources/fine_tuning/__init__.py
./.venv/Lib/site-packages/openai/resources/fine_tuning/alpha/__init__.py
./.venv/Lib/site-packages/openai/resources/fine_tuning/alpha/alpha.py
./.venv/Lib/site-packages/openai/resources/fine_tuning/alpha/graders.py
./.venv/Lib/site-packages/openai/resources/fine_tuning/checkpoints/__init__.py
./.venv/Lib/site-packages/openai/resources/fine_tuning/checkpoints/checkpoints.py
./.venv/Lib/site-packages/openai/resources/fine_tuning/checkpoints/permissions.py
./.venv/Lib/site-packages/openai/resources/fine_tuning/fine_tuning.py
./.venv/Lib/site-packages/openai/resources/fine_tuning/jobs/__init__.py
./.venv/Lib/site-packages/openai/resources/fine_tuning/jobs/checkpoints.py
./.venv/Lib/site-packages/openai/resources/fine_tuning/jobs/jobs.py
./.venv/Lib/site-packages/openai/resources/images.py
./.venv/Lib/site-packages/openai/resources/models.py
./.venv/Lib/site-packages/openai/resources/moderations.py
./.venv/Lib/site-packages/openai/resources/realtime/__init__.py
./.venv/Lib/site-packages/openai/resources/realtime/calls.py
./.venv/Lib/site-packages/openai/resources/realtime/client_secrets.py
./.venv/Lib/site-packages/openai/resources/realtime/realtime.py
./.venv/Lib/site-packages/openai/resources/responses/__init__.py
./.venv/Lib/site-packages/openai/resources/responses/input_items.py
./.venv/Lib/site-packages/openai/resources/responses/input_tokens.py
./.venv/Lib/site-packages/openai/resources/responses/responses.py
./.venv/Lib/site-packages/openai/resources/skills/__init__.py
./.venv/Lib/site-packages/openai/resources/skills/content.py
./.venv/Lib/site-packages/openai/resources/skills/skills.py
./.venv/Lib/site-packages/openai/resources/skills/versions/__init__.py
./.venv/Lib/site-packages/openai/resources/skills/versions/content.py
./.venv/Lib/site-packages/openai/resources/skills/versions/versions.py
./.venv/Lib/site-packages/openai/resources/uploads/__init__.py
./.venv/Lib/site-packages/openai/resources/uploads/parts.py
./.venv/Lib/site-packages/openai/resources/uploads/uploads.py
./.venv/Lib/site-packages/openai/resources/vector_stores/__init__.py
./.venv/Lib/site-packages/openai/resources/vector_stores/file_batches.py
./.venv/Lib/site-packages/openai/resources/vector_stores/files.py
./.venv/Lib/site-packages/openai/resources/vector_stores/vector_stores.py
./.venv/Lib/site-packages/openai/resources/videos.py
./.venv/Lib/site-packages/openai/resources/webhooks/__init__.py
./.venv/Lib/site-packages/openai/resources/webhooks/webhooks.py
./.venv/Lib/site-packages/openai/types/__init__.py
./.venv/Lib/site-packages/openai/types/admin/__init__.py
./.venv/Lib/site-packages/openai/types/admin/organization/__init__.py
./.venv/Lib/site-packages/openai/types/admin/organization/admin_api_key.py
./.venv/Lib/site-packages/openai/types/admin/organization/admin_api_key_create_params.py
./.venv/Lib/site-packages/openai/types/admin/organization/admin_api_key_create_response.py
./.venv/Lib/site-packages/openai/types/admin/organization/admin_api_key_delete_response.py
./.venv/Lib/site-packages/openai/types/admin/organization/admin_api_key_list_params.py
./.venv/Lib/site-packages/openai/types/admin/organization/audit_log_list_params.py
./.venv/Lib/site-packages/openai/types/admin/organization/audit_log_list_response.py
./.venv/Lib/site-packages/openai/types/admin/organization/certificate.py
./.venv/Lib/site-packages/openai/types/admin/organization/certificate_activate_params.py
./.venv/Lib/site-packages/openai/types/admin/organization/certificate_activate_response.py
./.venv/Lib/site-packages/openai/types/admin/organization/certificate_create_params.py
./.venv/Lib/site-packages/openai/types/admin/organization/certificate_deactivate_params.py
./.venv/Lib/site-packages/openai/types/admin/organization/certificate_deactivate_response.py
./.venv/Lib/site-packages/openai/types/admin/organization/certificate_delete_response.py
./.venv/Lib/site-packages/openai/types/admin/organization/certificate_list_params.py
./.venv/Lib/site-packages/openai/types/admin/organization/certificate_list_response.py
./.venv/Lib/site-packages/openai/types/admin/organization/certificate_retrieve_params.py
./.venv/Lib/site-packages/openai/types/admin/organization/certificate_update_params.py
./.venv/Lib/site-packages/openai/types/admin/organization/group.py
./.venv/Lib/site-packages/openai/types/admin/organization/group_create_params.py
./.venv/Lib/site-packages/openai/types/admin/organization/group_delete_response.py
./.venv/Lib/site-packages/openai/types/admin/organization/group_list_params.py
./.venv/Lib/site-packages/openai/types/admin/organization/group_update_params.py
./.venv/Lib/site-packages/openai/types/admin/organization/group_update_response.py
./.venv/Lib/site-packages/openai/types/admin/organization/groups/__init__.py
./.venv/Lib/site-packages/openai/types/admin/organization/groups/organization_group_user.py
./.venv/Lib/site-packages/openai/types/admin/organization/groups/role_create_params.py
./.venv/Lib/site-packages/openai/types/admin/organization/groups/role_create_response.py
./.venv/Lib/site-packages/openai/types/admin/organization/groups/role_delete_response.py
./.venv/Lib/site-packages/openai/types/admin/organization/groups/role_list_params.py
./.venv/Lib/site-packages/openai/types/admin/organization/groups/role_list_response.py
./.venv/Lib/site-packages/openai/types/admin/organization/groups/user_create_params.py
./.venv/Lib/site-packages/openai/types/admin/organization/groups/user_create_response.py
./.venv/Lib/site-packages/openai/types/admin/organization/groups/user_delete_response.py
./.venv/Lib/site-packages/openai/types/admin/organization/groups/user_list_params.py
./.venv/Lib/site-packages/openai/types/admin/organization/invite.py
./.venv/Lib/site-packages/openai/types/admin/organization/invite_create_params.py
./.venv/Lib/site-packages/openai/types/admin/organization/invite_delete_response.py
./.venv/Lib/site-packages/openai/types/admin/organization/invite_list_params.py
./.venv/Lib/site-packages/openai/types/admin/organization/organization_user.py
./.venv/Lib/site-packages/openai/types/admin/organization/project.py
./.venv/Lib/site-packages/openai/types/admin/organization/project_create_params.py
./.venv/Lib/site-packages/openai/types/admin/organization/project_list_params.py
./.venv/Lib/site-packages/openai/types/admin/organization/project_update_params.py
./.venv/Lib/site-packages/openai/types/admin/organization/projects/__init__.py
./.venv/Lib/site-packages/openai/types/admin/organization/projects/api_key_delete_response.py
./.venv/Lib/site-packages/openai/types/admin/organization/projects/api_key_list_params.py
./.venv/Lib/site-packages/openai/types/admin/organization/projects/certificate_activate_params.py
./.venv/Lib/site-packages/openai/types/admin/organization/projects/certificate_activate_response.py
./.venv/Lib/site-packages/openai/types/admin/organization/projects/certificate_deactivate_params.py
./.venv/Lib/site-packages/openai/types/admin/organization/projects/certificate_deactivate_response.py
./.venv/Lib/site-packages/openai/types/admin/organization/projects/certificate_list_params.py
./.venv/Lib/site-packages/openai/types/admin/organization/projects/certificate_list_response.py
./.venv/Lib/site-packages/openai/types/admin/organization/projects/group_create_params.py
./.venv/Lib/site-packages/openai/types/admin/organization/projects/group_delete_response.py
./.venv/Lib/site-packages/openai/types/admin/organization/projects/group_list_params.py
./.venv/Lib/site-packages/openai/types/admin/organization/projects/groups/__init__.py
./.venv/Lib/site-packages/openai/types/admin/organization/projects/groups/role_create_params.py
./.venv/Lib/site-packages/openai/types/admin/organization/projects/groups/role_create_response.py
./.venv/Lib/site-packages/openai/types/admin/organization/projects/groups/role_delete_response.py
./.venv/Lib/site-packages/openai/types/admin/organization/projects/groups/role_list_params.py
./.venv/Lib/site-packages/openai/types/admin/organization/projects/groups/role_list_response.py
./.venv/Lib/site-packages/openai/types/admin/organization/projects/project_api_key.py
./.venv/Lib/site-packages/openai/types/admin/organization/projects/project_group.py
./.venv/Lib/site-packages/openai/types/admin/organization/projects/project_rate_limit.py
./.venv/Lib/site-packages/openai/types/admin/organization/projects/project_service_account.py
./.venv/Lib/site-packages/openai/types/admin/organization/projects/project_user.py
./.venv/Lib/site-packages/openai/types/admin/organization/projects/rate_limit_list_rate_limits_params.py
./.venv/Lib/site-packages/openai/types/admin/organization/projects/rate_limit_update_rate_limit_params.py
./.venv/Lib/site-packages/openai/types/admin/organization/projects/role_create_params.py
./.venv/Lib/site-packages/openai/types/admin/organization/projects/role_delete_response.py
./.venv/Lib/site-packages/openai/types/admin/organization/projects/role_list_params.py
./.venv/Lib/site-packages/openai/types/admin/organization/projects/role_update_params.py
./.venv/Lib/site-packages/openai/types/admin/organization/projects/service_account_create_params.py
./.venv/Lib/site-packages/openai/types/admin/organization/projects/service_account_create_response.py
./.venv/Lib/site-packages/openai/types/admin/organization/projects/service_account_delete_response.py
./.venv/Lib/site-packages/openai/types/admin/organization/projects/service_account_list_params.py
./.venv/Lib/site-packages/openai/types/admin/organization/projects/user_create_params.py
./.venv/Lib/site-packages/openai/types/admin/organization/projects/user_delete_response.py
./.venv/Lib/site-packages/openai/types/admin/organization/projects/user_list_params.py
./.venv/Lib/site-packages/openai/types/admin/organization/projects/user_update_params.py
./.venv/Lib/site-packages/openai/types/admin/organization/projects/users/__init__.py
./.venv/Lib/site-packages/openai/types/admin/organization/projects/users/role_create_params.py
./.venv/Lib/site-packages/openai/types/admin/organization/projects/users/role_create_response.py
./.venv/Lib/site-packages/openai/types/admin/organization/projects/users/role_delete_response.py
./.venv/Lib/site-packages/openai/types/admin/organization/projects/users/role_list_params.py
./.venv/Lib/site-packages/openai/types/admin/organization/projects/users/role_list_response.py
./.venv/Lib/site-packages/openai/types/admin/organization/role.py
./.venv/Lib/site-packages/openai/types/admin/organization/role_create_params.py
./.venv/Lib/site-packages/openai/types/admin/organization/role_delete_response.py
./.venv/Lib/site-packages/openai/types/admin/organization/role_list_params.py
./.venv/Lib/site-packages/openai/types/admin/organization/role_update_params.py
./.venv/Lib/site-packages/openai/types/admin/organization/usage_audio_speeches_params.py
./.venv/Lib/site-packages/openai/types/admin/organization/usage_audio_speeches_response.py
./.venv/Lib/site-packages/openai/types/admin/organization/usage_audio_transcriptions_params.py
./.venv/Lib/site-packages/openai/types/admin/organization/usage_audio_transcriptions_response.py
./.venv/Lib/site-packages/openai/types/admin/organization/usage_code_interpreter_sessions_params.py
./.venv/Lib/site-packages/openai/types/admin/organization/usage_code_interpreter_sessions_response.py
./.venv/Lib/site-packages/openai/types/admin/organization/usage_completions_params.py
./.venv/Lib/site-packages/openai/types/admin/organization/usage_completions_response.py
./.venv/Lib/site-packages/openai/types/admin/organization/usage_costs_params.py
./.venv/Lib/site-packages/openai/types/admin/organization/usage_costs_response.py
./.venv/Lib/site-packages/openai/types/admin/organization/usage_embeddings_params.py
./.venv/Lib/site-packages/openai/types/admin/organization/usage_embeddings_response.py
./.venv/Lib/site-packages/openai/types/admin/organization/usage_images_params.py
./.venv/Lib/site-packages/openai/types/admin/organization/usage_images_response.py
./.venv/Lib/site-packages/openai/types/admin/organization/usage_moderations_params.py
./.venv/Lib/site-packages/openai/types/admin/organization/usage_moderations_response.py
./.venv/Lib/site-packages/openai/types/admin/organization/usage_vector_stores_params.py
./.venv/Lib/site-packages/openai/types/admin/organization/usage_vector_stores_response.py
./.venv/Lib/site-packages/openai/types/admin/organization/user_delete_response.py
./.venv/Lib/site-packages/openai/types/admin/organization/user_list_params.py
./.venv/Lib/site-packages/openai/types/admin/organization/user_update_params.py
./.venv/Lib/site-packages/openai/types/admin/organization/users/__init__.py
./.venv/Lib/site-packages/openai/types/admin/organization/users/role_create_params.py
./.venv/Lib/site-packages/openai/types/admin/organization/users/role_create_response.py
./.venv/Lib/site-packages/openai/types/admin/organization/users/role_delete_response.py
./.venv/Lib/site-packages/openai/types/admin/organization/users/role_list_params.py
./.venv/Lib/site-packages/openai/types/admin/organization/users/role_list_response.py
./.venv/Lib/site-packages/openai/types/audio/__init__.py
./.venv/Lib/site-packages/openai/types/audio/speech_create_params.py
./.venv/Lib/site-packages/openai/types/audio/speech_model.py
./.venv/Lib/site-packages/openai/types/audio/transcription.py
./.venv/Lib/site-packages/openai/types/audio/transcription_create_params.py
./.venv/Lib/site-packages/openai/types/audio/transcription_create_response.py
./.venv/Lib/site-packages/openai/types/audio/transcription_diarized.py
./.venv/Lib/site-packages/openai/types/audio/transcription_diarized_segment.py
./.venv/Lib/site-packages/openai/types/audio/transcription_include.py
./.venv/Lib/site-packages/openai/types/audio/transcription_segment.py
./.venv/Lib/site-packages/openai/types/audio/transcription_stream_event.py
./.venv/Lib/site-packages/openai/types/audio/transcription_text_delta_event.py
./.venv/Lib/site-packages/openai/types/audio/transcription_text_done_event.py
./.venv/Lib/site-packages/openai/types/audio/transcription_text_segment_event.py
./.venv/Lib/site-packages/openai/types/audio/transcription_verbose.py
./.venv/Lib/site-packages/openai/types/audio/transcription_word.py
./.venv/Lib/site-packages/openai/types/audio/translation.py
./.venv/Lib/site-packages/openai/types/audio/translation_create_params.py
./.venv/Lib/site-packages/openai/types/audio/translation_create_response.py
./.venv/Lib/site-packages/openai/types/audio/translation_verbose.py
./.venv/Lib/site-packages/openai/types/audio_model.py
./.venv/Lib/site-packages/openai/types/audio_response_format.py
./.venv/Lib/site-packages/openai/types/auto_file_chunking_strategy_param.py
./.venv/Lib/site-packages/openai/types/batch.py
./.venv/Lib/site-packages/openai/types/batch_create_params.py
./.venv/Lib/site-packages/openai/types/batch_error.py
./.venv/Lib/site-packages/openai/types/batch_list_params.py
./.venv/Lib/site-packages/openai/types/batch_request_counts.py
./.venv/Lib/site-packages/openai/types/batch_usage.py
./.venv/Lib/site-packages/openai/types/beta/__init__.py
./.venv/Lib/site-packages/openai/types/beta/assistant.py
./.venv/Lib/site-packages/openai/types/beta/assistant_create_params.py
./.venv/Lib/site-packages/openai/types/beta/assistant_deleted.py
./.venv/Lib/site-packages/openai/types/beta/assistant_list_params.py
./.venv/Lib/site-packages/openai/types/beta/assistant_response_format_option.py
./.venv/Lib/site-packages/openai/types/beta/assistant_response_format_option_param.py
./.venv/Lib/site-packages/openai/types/beta/assistant_stream_event.py
./.venv/Lib/site-packages/openai/types/beta/assistant_tool.py
./.venv/Lib/site-packages/openai/types/beta/assistant_tool_choice.py
./.venv/Lib/site-packages/openai/types/beta/assistant_tool_choice_function.py
./.venv/Lib/site-packages/openai/types/beta/assistant_tool_choice_function_param.py
./.venv/Lib/site-packages/openai/types/beta/assistant_tool_choice_option.py
./.venv/Lib/site-packages/openai/types/beta/assistant_tool_choice_option_param.py
./.venv/Lib/site-packages/openai/types/beta/assistant_tool_choice_param.py
./.venv/Lib/site-packages/openai/types/beta/assistant_tool_param.py
./.venv/Lib/site-packages/openai/types/beta/assistant_update_params.py
./.venv/Lib/site-packages/openai/types/beta/chat/__init__.py
./.venv/Lib/site-packages/openai/types/beta/chatkit/__init__.py
./.venv/Lib/site-packages/openai/types/beta/chatkit/chat_session.py
./.venv/Lib/site-packages/openai/types/beta/chatkit/chat_session_automatic_thread_titling.py
./.venv/Lib/site-packages/openai/types/beta/chatkit/chat_session_chatkit_configuration.py
./.venv/Lib/site-packages/openai/types/beta/chatkit/chat_session_chatkit_configuration_param.py
./.venv/Lib/site-packages/openai/types/beta/chatkit/chat_session_expires_after_param.py
./.venv/Lib/site-packages/openai/types/beta/chatkit/chat_session_file_upload.py
./.venv/Lib/site-packages/openai/types/beta/chatkit/chat_session_history.py
./.venv/Lib/site-packages/openai/types/beta/chatkit/chat_session_rate_limits.py
./.venv/Lib/site-packages/openai/types/beta/chatkit/chat_session_rate_limits_param.py
./.venv/Lib/site-packages/openai/types/beta/chatkit/chat_session_status.py
./.venv/Lib/site-packages/openai/types/beta/chatkit/chat_session_workflow_param.py
./.venv/Lib/site-packages/openai/types/beta/chatkit/chatkit_attachment.py
./.venv/Lib/site-packages/openai/types/beta/chatkit/chatkit_response_output_text.py
./.venv/Lib/site-packages/openai/types/beta/chatkit/chatkit_thread.py
./.venv/Lib/site-packages/openai/types/beta/chatkit/chatkit_thread_assistant_message_item.py
./.venv/Lib/site-packages/openai/types/beta/chatkit/chatkit_thread_item_list.py
./.venv/Lib/site-packages/openai/types/beta/chatkit/chatkit_thread_user_message_item.py
./.venv/Lib/site-packages/openai/types/beta/chatkit/chatkit_widget_item.py
./.venv/Lib/site-packages/openai/types/beta/chatkit/session_create_params.py
./.venv/Lib/site-packages/openai/types/beta/chatkit/thread_delete_response.py
./.venv/Lib/site-packages/openai/types/beta/chatkit/thread_list_items_params.py
./.venv/Lib/site-packages/openai/types/beta/chatkit/thread_list_params.py
./.venv/Lib/site-packages/openai/types/beta/chatkit_workflow.py
./.venv/Lib/site-packages/openai/types/beta/code_interpreter_tool.py
./.venv/Lib/site-packages/openai/types/beta/code_interpreter_tool_param.py
./.venv/Lib/site-packages/openai/types/beta/file_search_tool.py
./.venv/Lib/site-packages/openai/types/beta/file_search_tool_param.py
./.venv/Lib/site-packages/openai/types/beta/function_tool.py
./.venv/Lib/site-packages/openai/types/beta/function_tool_param.py
./.venv/Lib/site-packages/openai/types/beta/realtime/__init__.py
./.venv/Lib/site-packages/openai/types/beta/realtime/conversation_created_event.py
./.venv/Lib/site-packages/openai/types/beta/realtime/conversation_item.py
./.venv/Lib/site-packages/openai/types/beta/realtime/conversation_item_content.py
./.venv/Lib/site-packages/openai/types/beta/realtime/conversation_item_content_param.py
./.venv/Lib/site-packages/openai/types/beta/realtime/conversation_item_create_event.py
./.venv/Lib/site-packages/openai/types/beta/realtime/conversation_item_create_event_param.py
./.venv/Lib/site-packages/openai/types/beta/realtime/conversation_item_created_event.py
./.venv/Lib/site-packages/openai/types/beta/realtime/conversation_item_delete_event.py
./.venv/Lib/site-packages/openai/types/beta/realtime/conversation_item_delete_event_param.py
./.venv/Lib/site-packages/openai/types/beta/realtime/conversation_item_deleted_event.py
./.venv/Lib/site-packages/openai/types/beta/realtime/conversation_item_input_audio_transcription_completed_event.py
./.venv/Lib/site-packages/openai/types/beta/realtime/conversation_item_input_audio_transcription_delta_event.py
./.venv/Lib/site-packages/openai/types/beta/realtime/conversation_item_input_audio_transcription_failed_event.py
./.venv/Lib/site-packages/openai/types/beta/realtime/conversation_item_param.py
./.venv/Lib/site-packages/openai/types/beta/realtime/conversation_item_retrieve_event.py
./.venv/Lib/site-packages/openai/types/beta/realtime/conversation_item_retrieve_event_param.py
./.venv/Lib/site-packages/openai/types/beta/realtime/conversation_item_truncate_event.py
./.venv/Lib/site-packages/openai/types/beta/realtime/conversation_item_truncate_event_param.py
./.venv/Lib/site-packages/openai/types/beta/realtime/conversation_item_truncated_event.py
./.venv/Lib/site-packages/openai/types/beta/realtime/conversation_item_with_reference.py
./.venv/Lib/site-packages/openai/types/beta/realtime/conversation_item_with_reference_param.py
./.venv/Lib/site-packages/openai/types/beta/realtime/error_event.py
./.venv/Lib/site-packages/openai/types/beta/realtime/input_audio_buffer_append_event.py
./.venv/Lib/site-packages/openai/types/beta/realtime/input_audio_buffer_append_event_param.py
./.venv/Lib/site-packages/openai/types/beta/realtime/input_audio_buffer_clear_event.py
./.venv/Lib/site-packages/openai/types/beta/realtime/input_audio_buffer_clear_event_param.py
./.venv/Lib/site-packages/openai/types/beta/realtime/input_audio_buffer_cleared_event.py
./.venv/Lib/site-packages/openai/types/beta/realtime/input_audio_buffer_commit_event.py
./.venv/Lib/site-packages/openai/types/beta/realtime/input_audio_buffer_commit_event_param.py
./.venv/Lib/site-packages/openai/types/beta/realtime/input_audio_buffer_committed_event.py
./.venv/Lib/site-packages/openai/types/beta/realtime/input_audio_buffer_speech_started_event.py
./.venv/Lib/site-packages/openai/types/beta/realtime/input_audio_buffer_speech_stopped_event.py
./.venv/Lib/site-packages/openai/types/beta/realtime/rate_limits_updated_event.py
./.venv/Lib/site-packages/openai/types/beta/realtime/realtime_client_event.py
./.venv/Lib/site-packages/openai/types/beta/realtime/realtime_client_event_param.py
./.venv/Lib/site-packages/openai/types/beta/realtime/realtime_connect_params.py
./.venv/Lib/site-packages/openai/types/beta/realtime/realtime_response.py
./.venv/Lib/site-packages/openai/types/beta/realtime/realtime_response_status.py
./.venv/Lib/site-packages/openai/types/beta/realtime/realtime_response_usage.py
./.venv/Lib/site-packages/openai/types/beta/realtime/realtime_server_event.py
./.venv/Lib/site-packages/openai/types/beta/realtime/response_audio_delta_event.py
./.venv/Lib/site-packages/openai/types/beta/realtime/response_audio_done_event.py
./.venv/Lib/site-packages/openai/types/beta/realtime/response_audio_transcript_delta_event.py
./.venv/Lib/site-packages/openai/types/beta/realtime/response_audio_transcript_done_event.py
./.venv/Lib/site-packages/openai/types/beta/realtime/response_cancel_event.py
./.venv/Lib/site-packages/openai/types/beta/realtime/response_cancel_event_param.py
./.venv/Lib/site-packages/openai/types/beta/realtime/response_content_part_added_event.py
./.venv/Lib/site-packages/openai/types/beta/realtime/response_content_part_done_event.py
./.venv/Lib/site-packages/openai/types/beta/realtime/response_create_event.py
./.venv/Lib/site-packages/openai/types/beta/realtime/response_create_event_param.py
./.venv/Lib/site-packages/openai/types/beta/realtime/response_created_event.py
./.venv/Lib/site-packages/openai/types/beta/realtime/response_done_event.py
./.venv/Lib/site-packages/openai/types/beta/realtime/response_function_call_arguments_delta_event.py
./.venv/Lib/site-packages/openai/types/beta/realtime/response_function_call_arguments_done_event.py
./.venv/Lib/site-packages/openai/types/beta/realtime/response_output_item_added_event.py
./.venv/Lib/site-packages/openai/types/beta/realtime/response_output_item_done_event.py
./.venv/Lib/site-packages/openai/types/beta/realtime/response_text_delta_event.py
./.venv/Lib/site-packages/openai/types/beta/realtime/response_text_done_event.py
./.venv/Lib/site-packages/openai/types/beta/realtime/session.py
./.venv/Lib/site-packages/openai/types/beta/realtime/session_create_params.py
./.venv/Lib/site-packages/openai/types/beta/realtime/session_create_response.py
./.venv/Lib/site-packages/openai/types/beta/realtime/session_created_event.py
./.venv/Lib/site-packages/openai/types/beta/realtime/session_update_event.py
./.venv/Lib/site-packages/openai/types/beta/realtime/session_update_event_param.py
./.venv/Lib/site-packages/openai/types/beta/realtime/session_updated_event.py
./.venv/Lib/site-packages/openai/types/beta/realtime/transcription_session.py
./.venv/Lib/site-packages/openai/types/beta/realtime/transcription_session_create_params.py
./.venv/Lib/site-packages/openai/types/beta/realtime/transcription_session_update.py
./.venv/Lib/site-packages/openai/types/beta/realtime/transcription_session_update_param.py
./.venv/Lib/site-packages/openai/types/beta/realtime/transcription_session_updated_event.py
./.venv/Lib/site-packages/openai/types/beta/thread.py
./.venv/Lib/site-packages/openai/types/beta/thread_create_and_run_params.py
./.venv/Lib/site-packages/openai/types/beta/thread_create_params.py
./.venv/Lib/site-packages/openai/types/beta/thread_deleted.py
./.venv/Lib/site-packages/openai/types/beta/thread_update_params.py
./.venv/Lib/site-packages/openai/types/beta/threads/__init__.py
./.venv/Lib/site-packages/openai/types/beta/threads/annotation.py
./.venv/Lib/site-packages/openai/types/beta/threads/annotation_delta.py
./.venv/Lib/site-packages/openai/types/beta/threads/file_citation_annotation.py
./.venv/Lib/site-packages/openai/types/beta/threads/file_citation_delta_annotation.py
./.venv/Lib/site-packages/openai/types/beta/threads/file_path_annotation.py
./.venv/Lib/site-packages/openai/types/beta/threads/file_path_delta_annotation.py
./.venv/Lib/site-packages/openai/types/beta/threads/image_file.py
./.venv/Lib/site-packages/openai/types/beta/threads/image_file_content_block.py
./.venv/Lib/site-packages/openai/types/beta/threads/image_file_content_block_param.py
./.venv/Lib/site-packages/openai/types/beta/threads/image_file_delta.py
./.venv/Lib/site-packages/openai/types/beta/threads/image_file_delta_block.py
./.venv/Lib/site-packages/openai/types/beta/threads/image_file_param.py
./.venv/Lib/site-packages/openai/types/beta/threads/image_url.py
./.venv/Lib/site-packages/openai/types/beta/threads/image_url_content_block.py
./.venv/Lib/site-packages/openai/types/beta/threads/image_url_content_block_param.py
./.venv/Lib/site-packages/openai/types/beta/threads/image_url_delta.py
./.venv/Lib/site-packages/openai/types/beta/threads/image_url_delta_block.py
./.venv/Lib/site-packages/openai/types/beta/threads/image_url_param.py
./.venv/Lib/site-packages/openai/types/beta/threads/message.py
./.venv/Lib/site-packages/openai/types/beta/threads/message_content.py
./.venv/Lib/site-packages/openai/types/beta/threads/message_content_delta.py
./.venv/Lib/site-packages/openai/types/beta/threads/message_content_part_param.py
./.venv/Lib/site-packages/openai/types/beta/threads/message_create_params.py
./.venv/Lib/site-packages/openai/types/beta/threads/message_deleted.py
./.venv/Lib/site-packages/openai/types/beta/threads/message_delta.py
./.venv/Lib/site-packages/openai/types/beta/threads/message_delta_event.py
./.venv/Lib/site-packages/openai/types/beta/threads/message_list_params.py
./.venv/Lib/site-packages/openai/types/beta/threads/message_update_params.py
./.venv/Lib/site-packages/openai/types/beta/threads/refusal_content_block.py
./.venv/Lib/site-packages/openai/types/beta/threads/refusal_delta_block.py
./.venv/Lib/site-packages/openai/types/beta/threads/required_action_function_tool_call.py
./.venv/Lib/site-packages/openai/types/beta/threads/run.py
./.venv/Lib/site-packages/openai/types/beta/threads/run_create_params.py
./.venv/Lib/site-packages/openai/types/beta/threads/run_list_params.py
./.venv/Lib/site-packages/openai/types/beta/threads/run_status.py
./.venv/Lib/site-packages/openai/types/beta/threads/run_submit_tool_outputs_params.py
./.venv/Lib/site-packages/openai/types/beta/threads/run_update_params.py
./.venv/Lib/site-packages/openai/types/beta/threads/runs/__init__.py
./.venv/Lib/site-packages/openai/types/beta/threads/runs/code_interpreter_logs.py
./.venv/Lib/site-packages/openai/types/beta/threads/runs/code_interpreter_output_image.py
./.venv/Lib/site-packages/openai/types/beta/threads/runs/code_interpreter_tool_call.py
./.venv/Lib/site-packages/openai/types/beta/threads/runs/code_interpreter_tool_call_delta.py
./.venv/Lib/site-packages/openai/types/beta/threads/runs/file_search_tool_call.py
./.venv/Lib/site-packages/openai/types/beta/threads/runs/file_search_tool_call_delta.py
./.venv/Lib/site-packages/openai/types/beta/threads/runs/function_tool_call.py
./.venv/Lib/site-packages/openai/types/beta/threads/runs/function_tool_call_delta.py
./.venv/Lib/site-packages/openai/types/beta/threads/runs/message_creation_step_details.py
./.venv/Lib/site-packages/openai/types/beta/threads/runs/run_step.py
./.venv/Lib/site-packages/openai/types/beta/threads/runs/run_step_delta.py
./.venv/Lib/site-packages/openai/types/beta/threads/runs/run_step_delta_event.py
./.venv/Lib/site-packages/openai/types/beta/threads/runs/run_step_delta_message_delta.py
./.venv/Lib/site-packages/openai/types/beta/threads/runs/run_step_include.py
./.venv/Lib/site-packages/openai/types/beta/threads/runs/step_list_params.py
./.venv/Lib/site-packages/openai/types/beta/threads/runs/step_retrieve_params.py
./.venv/Lib/site-packages/openai/types/beta/threads/runs/tool_call.py
./.venv/Lib/site-packages/openai/types/beta/threads/runs/tool_call_delta.py
./.venv/Lib/site-packages/openai/types/beta/threads/runs/tool_call_delta_object.py
./.venv/Lib/site-packages/openai/types/beta/threads/runs/tool_calls_step_details.py
./.venv/Lib/site-packages/openai/types/beta/threads/text.py
./.venv/Lib/site-packages/openai/types/beta/threads/text_content_block.py
./.venv/Lib/site-packages/openai/types/beta/threads/text_content_block_param.py
./.venv/Lib/site-packages/openai/types/beta/threads/text_delta.py
./.venv/Lib/site-packages/openai/types/beta/threads/text_delta_block.py
./.venv/Lib/site-packages/openai/types/chat/__init__.py
./.venv/Lib/site-packages/openai/types/chat/chat_completion.py
./.venv/Lib/site-packages/openai/types/chat/chat_completion_allowed_tool_choice_param.py
./.venv/Lib/site-packages/openai/types/chat/chat_completion_allowed_tools_param.py
./.venv/Lib/site-packages/openai/types/chat/chat_completion_assistant_message_param.py
./.venv/Lib/site-packages/openai/types/chat/chat_completion_audio.py
./.venv/Lib/site-packages/openai/types/chat/chat_completion_audio_param.py
./.venv/Lib/site-packages/openai/types/chat/chat_completion_chunk.py
./.venv/Lib/site-packages/openai/types/chat/chat_completion_content_part_image.py
./.venv/Lib/site-packages/openai/types/chat/chat_completion_content_part_image_param.py
./.venv/Lib/site-packages/openai/types/chat/chat_completion_content_part_input_audio_param.py
./.venv/Lib/site-packages/openai/types/chat/chat_completion_content_part_param.py
./.venv/Lib/site-packages/openai/types/chat/chat_completion_content_part_refusal_param.py
./.venv/Lib/site-packages/openai/types/chat/chat_completion_content_part_text.py
./.venv/Lib/site-packages/openai/types/chat/chat_completion_content_part_text_param.py
./.venv/Lib/site-packages/openai/types/chat/chat_completion_custom_tool_param.py
./.venv/Lib/site-packages/openai/types/chat/chat_completion_deleted.py
./.venv/Lib/site-packages/openai/types/chat/chat_completion_developer_message_param.py
./.venv/Lib/site-packages/openai/types/chat/chat_completion_function_call_option_param.py
./.venv/Lib/site-packages/openai/types/chat/chat_completion_function_message_param.py
./.venv/Lib/site-packages/openai/types/chat/chat_completion_function_tool.py
./.venv/Lib/site-packages/openai/types/chat/chat_completion_function_tool_param.py
./.venv/Lib/site-packages/openai/types/chat/chat_completion_message.py
./.venv/Lib/site-packages/openai/types/chat/chat_completion_message_custom_tool_call.py
./.venv/Lib/site-packages/openai/types/chat/chat_completion_message_custom_tool_call_param.py
./.venv/Lib/site-packages/openai/types/chat/chat_completion_message_function_tool_call.py
./.venv/Lib/site-packages/openai/types/chat/chat_completion_message_function_tool_call_param.py
./.venv/Lib/site-packages/openai/types/chat/chat_completion_message_param.py
./.venv/Lib/site-packages/openai/types/chat/chat_completion_message_tool_call.py
./.venv/Lib/site-packages/openai/types/chat/chat_completion_message_tool_call_param.py
./.venv/Lib/site-packages/openai/types/chat/chat_completion_message_tool_call_union_param.py
./.venv/Lib/site-packages/openai/types/chat/chat_completion_modality.py
./.venv/Lib/site-packages/openai/types/chat/chat_completion_named_tool_choice_custom_param.py
./.venv/Lib/site-packages/openai/types/chat/chat_completion_named_tool_choice_param.py
./.venv/Lib/site-packages/openai/types/chat/chat_completion_prediction_content_param.py
./.venv/Lib/site-packages/openai/types/chat/chat_completion_reasoning_effort.py
./.venv/Lib/site-packages/openai/types/chat/chat_completion_role.py
./.venv/Lib/site-packages/openai/types/chat/chat_completion_store_message.py
./.venv/Lib/site-packages/openai/types/chat/chat_completion_stream_options_param.py
./.venv/Lib/site-packages/openai/types/chat/chat_completion_system_message_param.py
./.venv/Lib/site-packages/openai/types/chat/chat_completion_token_logprob.py
./.venv/Lib/site-packages/openai/types/chat/chat_completion_tool_choice_option_param.py
./.venv/Lib/site-packages/openai/types/chat/chat_completion_tool_message_param.py
./.venv/Lib/site-packages/openai/types/chat/chat_completion_tool_param.py
./.venv/Lib/site-packages/openai/types/chat/chat_completion_tool_union_param.py
./.venv/Lib/site-packages/openai/types/chat/chat_completion_user_message_param.py
./.venv/Lib/site-packages/openai/types/chat/completion_create_params.py
./.venv/Lib/site-packages/openai/types/chat/completion_list_params.py
./.venv/Lib/site-packages/openai/types/chat/completion_update_params.py
./.venv/Lib/site-packages/openai/types/chat/completions/__init__.py
./.venv/Lib/site-packages/openai/types/chat/completions/message_list_params.py
./.venv/Lib/site-packages/openai/types/chat/parsed_chat_completion.py
./.venv/Lib/site-packages/openai/types/chat/parsed_function_tool_call.py
./.venv/Lib/site-packages/openai/types/chat_model.py
./.venv/Lib/site-packages/openai/types/completion.py
./.venv/Lib/site-packages/openai/types/completion_choice.py
./.venv/Lib/site-packages/openai/types/completion_create_params.py
./.venv/Lib/site-packages/openai/types/completion_usage.py
./.venv/Lib/site-packages/openai/types/container_create_params.py
./.venv/Lib/site-packages/openai/types/container_create_response.py
./.venv/Lib/site-packages/openai/types/container_list_params.py
./.venv/Lib/site-packages/openai/types/container_list_response.py
./.venv/Lib/site-packages/openai/types/container_retrieve_response.py
./.venv/Lib/site-packages/openai/types/containers/__init__.py
./.venv/Lib/site-packages/openai/types/containers/file_create_params.py
./.venv/Lib/site-packages/openai/types/containers/file_create_response.py
./.venv/Lib/site-packages/openai/types/containers/file_list_params.py
./.venv/Lib/site-packages/openai/types/containers/file_list_response.py
./.venv/Lib/site-packages/openai/types/containers/file_retrieve_response.py
./.venv/Lib/site-packages/openai/types/containers/files/__init__.py
./.venv/Lib/site-packages/openai/types/conversations/__init__.py
./.venv/Lib/site-packages/openai/types/conversations/computer_screenshot_content.py
./.venv/Lib/site-packages/openai/types/conversations/conversation.py
./.venv/Lib/site-packages/openai/types/conversations/conversation_create_params.py
./.venv/Lib/site-packages/openai/types/conversations/conversation_deleted_resource.py
./.venv/Lib/site-packages/openai/types/conversations/conversation_item.py
./.venv/Lib/site-packages/openai/types/conversations/conversation_item_list.py
./.venv/Lib/site-packages/openai/types/conversations/conversation_update_params.py
./.venv/Lib/site-packages/openai/types/conversations/input_file_content.py
./.venv/Lib/site-packages/openai/types/conversations/input_file_content_param.py
./.venv/Lib/site-packages/openai/types/conversations/input_image_content.py
./.venv/Lib/site-packages/openai/types/conversations/input_image_content_param.py
./.venv/Lib/site-packages/openai/types/conversations/input_text_content.py
./.venv/Lib/site-packages/openai/types/conversations/input_text_content_param.py
./.venv/Lib/site-packages/openai/types/conversations/item_create_params.py
./.venv/Lib/site-packages/openai/types/conversations/item_list_params.py
./.venv/Lib/site-packages/openai/types/conversations/item_retrieve_params.py
./.venv/Lib/site-packages/openai/types/conversations/message.py
./.venv/Lib/site-packages/openai/types/conversations/output_text_content.py
./.venv/Lib/site-packages/openai/types/conversations/output_text_content_param.py
./.venv/Lib/site-packages/openai/types/conversations/refusal_content.py
./.venv/Lib/site-packages/openai/types/conversations/refusal_content_param.py
./.venv/Lib/site-packages/openai/types/conversations/summary_text_content.py
./.venv/Lib/site-packages/openai/types/conversations/text_content.py
./.venv/Lib/site-packages/openai/types/create_embedding_response.py
./.venv/Lib/site-packages/openai/types/deleted_skill.py
./.venv/Lib/site-packages/openai/types/embedding.py
./.venv/Lib/site-packages/openai/types/embedding_create_params.py
./.venv/Lib/site-packages/openai/types/embedding_model.py
./.venv/Lib/site-packages/openai/types/eval_create_params.py
./.venv/Lib/site-packages/openai/types/eval_create_response.py
./.venv/Lib/site-packages/openai/types/eval_custom_data_source_config.py
./.venv/Lib/site-packages/openai/types/eval_delete_response.py
./.venv/Lib/site-packages/openai/types/eval_list_params.py
./.venv/Lib/site-packages/openai/types/eval_list_response.py
./.venv/Lib/site-packages/openai/types/eval_retrieve_response.py
./.venv/Lib/site-packages/openai/types/eval_stored_completions_data_source_config.py
./.venv/Lib/site-packages/openai/types/eval_update_params.py
./.venv/Lib/site-packages/openai/types/eval_update_response.py
./.venv/Lib/site-packages/openai/types/evals/__init__.py
./.venv/Lib/site-packages/openai/types/evals/create_eval_completions_run_data_source.py
./.venv/Lib/site-packages/openai/types/evals/create_eval_completions_run_data_source_param.py
./.venv/Lib/site-packages/openai/types/evals/create_eval_jsonl_run_data_source.py
./.venv/Lib/site-packages/openai/types/evals/create_eval_jsonl_run_data_source_param.py
./.venv/Lib/site-packages/openai/types/evals/eval_api_error.py
./.venv/Lib/site-packages/openai/types/evals/run_cancel_response.py
./.venv/Lib/site-packages/openai/types/evals/run_create_params.py
./.venv/Lib/site-packages/openai/types/evals/run_create_response.py
./.venv/Lib/site-packages/openai/types/evals/run_delete_response.py
./.venv/Lib/site-packages/openai/types/evals/run_list_params.py
./.venv/Lib/site-packages/openai/types/evals/run_list_response.py
./.venv/Lib/site-packages/openai/types/evals/run_retrieve_response.py
./.venv/Lib/site-packages/openai/types/evals/runs/__init__.py
./.venv/Lib/site-packages/openai/types/evals/runs/output_item_list_params.py
./.venv/Lib/site-packages/openai/types/evals/runs/output_item_list_response.py
./.venv/Lib/site-packages/openai/types/evals/runs/output_item_retrieve_response.py
./.venv/Lib/site-packages/openai/types/file_chunking_strategy.py
./.venv/Lib/site-packages/openai/types/file_chunking_strategy_param.py
./.venv/Lib/site-packages/openai/types/file_content.py
./.venv/Lib/site-packages/openai/types/file_create_params.py
./.venv/Lib/site-packages/openai/types/file_deleted.py
./.venv/Lib/site-packages/openai/types/file_list_params.py
./.venv/Lib/site-packages/openai/types/file_object.py
./.venv/Lib/site-packages/openai/types/file_purpose.py
./.venv/Lib/site-packages/openai/types/fine_tuning/__init__.py
./.venv/Lib/site-packages/openai/types/fine_tuning/alpha/__init__.py
./.venv/Lib/site-packages/openai/types/fine_tuning/alpha/grader_run_params.py
./.venv/Lib/site-packages/openai/types/fine_tuning/alpha/grader_run_response.py
./.venv/Lib/site-packages/openai/types/fine_tuning/alpha/grader_validate_params.py
./.venv/Lib/site-packages/openai/types/fine_tuning/alpha/grader_validate_response.py
./.venv/Lib/site-packages/openai/types/fine_tuning/checkpoints/__init__.py
./.venv/Lib/site-packages/openai/types/fine_tuning/checkpoints/permission_create_params.py
./.venv/Lib/site-packages/openai/types/fine_tuning/checkpoints/permission_create_response.py
./.venv/Lib/site-packages/openai/types/fine_tuning/checkpoints/permission_delete_response.py
./.venv/Lib/site-packages/openai/types/fine_tuning/checkpoints/permission_list_params.py
./.venv/Lib/site-packages/openai/types/fine_tuning/checkpoints/permission_list_response.py
./.venv/Lib/site-packages/openai/types/fine_tuning/checkpoints/permission_retrieve_params.py
./.venv/Lib/site-packages/openai/types/fine_tuning/checkpoints/permission_retrieve_response.py
./.venv/Lib/site-packages/openai/types/fine_tuning/dpo_hyperparameters.py
./.venv/Lib/site-packages/openai/types/fine_tuning/dpo_hyperparameters_param.py
./.venv/Lib/site-packages/openai/types/fine_tuning/dpo_method.py
./.venv/Lib/site-packages/openai/types/fine_tuning/dpo_method_param.py
./.venv/Lib/site-packages/openai/types/fine_tuning/fine_tuning_job.py
./.venv/Lib/site-packages/openai/types/fine_tuning/fine_tuning_job_event.py
./.venv/Lib/site-packages/openai/types/fine_tuning/fine_tuning_job_integration.py
./.venv/Lib/site-packages/openai/types/fine_tuning/fine_tuning_job_wandb_integration.py
./.venv/Lib/site-packages/openai/types/fine_tuning/fine_tuning_job_wandb_integration_object.py
./.venv/Lib/site-packages/openai/types/fine_tuning/job_create_params.py
./.venv/Lib/site-packages/openai/types/fine_tuning/job_list_events_params.py
./.venv/Lib/site-packages/openai/types/fine_tuning/job_list_params.py
./.venv/Lib/site-packages/openai/types/fine_tuning/jobs/__init__.py
./.venv/Lib/site-packages/openai/types/fine_tuning/jobs/checkpoint_list_params.py
./.venv/Lib/site-packages/openai/types/fine_tuning/jobs/fine_tuning_job_checkpoint.py
./.venv/Lib/site-packages/openai/types/fine_tuning/reinforcement_hyperparameters.py
./.venv/Lib/site-packages/openai/types/fine_tuning/reinforcement_hyperparameters_param.py
./.venv/Lib/site-packages/openai/types/fine_tuning/reinforcement_method.py
./.venv/Lib/site-packages/openai/types/fine_tuning/reinforcement_method_param.py
./.venv/Lib/site-packages/openai/types/fine_tuning/supervised_hyperparameters.py
./.venv/Lib/site-packages/openai/types/fine_tuning/supervised_hyperparameters_param.py
./.venv/Lib/site-packages/openai/types/fine_tuning/supervised_method.py
./.venv/Lib/site-packages/openai/types/fine_tuning/supervised_method_param.py
./.venv/Lib/site-packages/openai/types/graders/__init__.py
./.venv/Lib/site-packages/openai/types/graders/grader_inputs.py
./.venv/Lib/site-packages/openai/types/graders/grader_inputs_param.py
./.venv/Lib/site-packages/openai/types/graders/label_model_grader.py
./.venv/Lib/site-packages/openai/types/graders/label_model_grader_param.py
./.venv/Lib/site-packages/openai/types/graders/multi_grader.py
./.venv/Lib/site-packages/openai/types/graders/multi_grader_param.py
./.venv/Lib/site-packages/openai/types/graders/python_grader.py
./.venv/Lib/site-packages/openai/types/graders/python_grader_param.py
./.venv/Lib/site-packages/openai/types/graders/score_model_grader.py
./.venv/Lib/site-packages/openai/types/graders/score_model_grader_param.py
./.venv/Lib/site-packages/openai/types/graders/string_check_grader.py
./.venv/Lib/site-packages/openai/types/graders/string_check_grader_param.py
./.venv/Lib/site-packages/openai/types/graders/text_similarity_grader.py
./.venv/Lib/site-packages/openai/types/graders/text_similarity_grader_param.py
./.venv/Lib/site-packages/openai/types/image.py
./.venv/Lib/site-packages/openai/types/image_create_variation_params.py
./.venv/Lib/site-packages/openai/types/image_edit_completed_event.py
./.venv/Lib/site-packages/openai/types/image_edit_params.py
./.venv/Lib/site-packages/openai/types/image_edit_partial_image_event.py
./.venv/Lib/site-packages/openai/types/image_edit_stream_event.py
./.venv/Lib/site-packages/openai/types/image_gen_completed_event.py
./.venv/Lib/site-packages/openai/types/image_gen_partial_image_event.py
./.venv/Lib/site-packages/openai/types/image_gen_stream_event.py
./.venv/Lib/site-packages/openai/types/image_generate_params.py
./.venv/Lib/site-packages/openai/types/image_input_reference_param.py
./.venv/Lib/site-packages/openai/types/image_model.py
./.venv/Lib/site-packages/openai/types/images_response.py
./.venv/Lib/site-packages/openai/types/model.py
./.venv/Lib/site-packages/openai/types/model_deleted.py
./.venv/Lib/site-packages/openai/types/moderation.py
./.venv/Lib/site-packages/openai/types/moderation_create_params.py
./.venv/Lib/site-packages/openai/types/moderation_create_response.py
./.venv/Lib/site-packages/openai/types/moderation_image_url_input_param.py
./.venv/Lib/site-packages/openai/types/moderation_model.py
./.venv/Lib/site-packages/openai/types/moderation_multi_modal_input_param.py
./.venv/Lib/site-packages/openai/types/moderation_text_input_param.py
./.venv/Lib/site-packages/openai/types/other_file_chunking_strategy_object.py
./.venv/Lib/site-packages/openai/types/realtime/__init__.py
./.venv/Lib/site-packages/openai/types/realtime/audio_transcription.py
./.venv/Lib/site-packages/openai/types/realtime/audio_transcription_param.py
./.venv/Lib/site-packages/openai/types/realtime/call_accept_params.py
./.venv/Lib/site-packages/openai/types/realtime/call_create_params.py
./.venv/Lib/site-packages/openai/types/realtime/call_refer_params.py
./.venv/Lib/site-packages/openai/types/realtime/call_reject_params.py
./.venv/Lib/site-packages/openai/types/realtime/client_secret_create_params.py
./.venv/Lib/site-packages/openai/types/realtime/client_secret_create_response.py
./.venv/Lib/site-packages/openai/types/realtime/conversation_created_event.py
./.venv/Lib/site-packages/openai/types/realtime/conversation_item.py
./.venv/Lib/site-packages/openai/types/realtime/conversation_item_added.py
./.venv/Lib/site-packages/openai/types/realtime/conversation_item_create_event.py
./.venv/Lib/site-packages/openai/types/realtime/conversation_item_create_event_param.py
./.venv/Lib/site-packages/openai/types/realtime/conversation_item_created_event.py
./.venv/Lib/site-packages/openai/types/realtime/conversation_item_delete_event.py
./.venv/Lib/site-packages/openai/types/realtime/conversation_item_delete_event_param.py
./.venv/Lib/site-packages/openai/types/realtime/conversation_item_deleted_event.py
./.venv/Lib/site-packages/openai/types/realtime/conversation_item_done.py
./.venv/Lib/site-packages/openai/types/realtime/conversation_item_input_audio_transcription_completed_event.py
./.venv/Lib/site-packages/openai/types/realtime/conversation_item_input_audio_transcription_delta_event.py
./.venv/Lib/site-packages/openai/types/realtime/conversation_item_input_audio_transcription_failed_event.py
./.venv/Lib/site-packages/openai/types/realtime/conversation_item_input_audio_transcription_segment.py
./.venv/Lib/site-packages/openai/types/realtime/conversation_item_param.py
./.venv/Lib/site-packages/openai/types/realtime/conversation_item_retrieve_event.py
./.venv/Lib/site-packages/openai/types/realtime/conversation_item_retrieve_event_param.py
./.venv/Lib/site-packages/openai/types/realtime/conversation_item_truncate_event.py
./.venv/Lib/site-packages/openai/types/realtime/conversation_item_truncate_event_param.py
./.venv/Lib/site-packages/openai/types/realtime/conversation_item_truncated_event.py
./.venv/Lib/site-packages/openai/types/realtime/input_audio_buffer_append_event.py
./.venv/Lib/site-packages/openai/types/realtime/input_audio_buffer_append_event_param.py
./.venv/Lib/site-packages/openai/types/realtime/input_audio_buffer_clear_event.py
./.venv/Lib/site-packages/openai/types/realtime/input_audio_buffer_clear_event_param.py
./.venv/Lib/site-packages/openai/types/realtime/input_audio_buffer_cleared_event.py
./.venv/Lib/site-packages/openai/types/realtime/input_audio_buffer_commit_event.py
./.venv/Lib/site-packages/openai/types/realtime/input_audio_buffer_commit_event_param.py
./.venv/Lib/site-packages/openai/types/realtime/input_audio_buffer_committed_event.py
./.venv/Lib/site-packages/openai/types/realtime/input_audio_buffer_dtmf_event_received_event.py
./.venv/Lib/site-packages/openai/types/realtime/input_audio_buffer_speech_started_event.py
./.venv/Lib/site-packages/openai/types/realtime/input_audio_buffer_speech_stopped_event.py
./.venv/Lib/site-packages/openai/types/realtime/input_audio_buffer_timeout_triggered.py
./.venv/Lib/site-packages/openai/types/realtime/log_prob_properties.py
./.venv/Lib/site-packages/openai/types/realtime/mcp_list_tools_completed.py
./.venv/Lib/site-packages/openai/types/realtime/mcp_list_tools_failed.py
./.venv/Lib/site-packages/openai/types/realtime/mcp_list_tools_in_progress.py
./.venv/Lib/site-packages/openai/types/realtime/noise_reduction_type.py
./.venv/Lib/site-packages/openai/types/realtime/output_audio_buffer_clear_event.py
./.venv/Lib/site-packages/openai/types/realtime/output_audio_buffer_clear_event_param.py
./.venv/Lib/site-packages/openai/types/realtime/rate_limits_updated_event.py
./.venv/Lib/site-packages/openai/types/realtime/realtime_audio_config.py
./.venv/Lib/site-packages/openai/types/realtime/realtime_audio_config_input.py
./.venv/Lib/site-packages/openai/types/realtime/realtime_audio_config_input_param.py
./.venv/Lib/site-packages/openai/types/realtime/realtime_audio_config_output.py
./.venv/Lib/site-packages/openai/types/realtime/realtime_audio_config_output_param.py
./.venv/Lib/site-packages/openai/types/realtime/realtime_audio_config_param.py
./.venv/Lib/site-packages/openai/types/realtime/realtime_audio_formats.py
./.venv/Lib/site-packages/openai/types/realtime/realtime_audio_formats_param.py
./.venv/Lib/site-packages/openai/types/realtime/realtime_audio_input_turn_detection.py
./.venv/Lib/site-packages/openai/types/realtime/realtime_audio_input_turn_detection_param.py
./.venv/Lib/site-packages/openai/types/realtime/realtime_client_event.py
./.venv/Lib/site-packages/openai/types/realtime/realtime_client_event_param.py
./.venv/Lib/site-packages/openai/types/realtime/realtime_connect_params.py
./.venv/Lib/site-packages/openai/types/realtime/realtime_conversation_item_assistant_message.py
./.venv/Lib/site-packages/openai/types/realtime/realtime_conversation_item_assistant_message_param.py
./.venv/Lib/site-packages/openai/types/realtime/realtime_conversation_item_function_call.py
./.venv/Lib/site-packages/openai/types/realtime/realtime_conversation_item_function_call_output.py
./.venv/Lib/site-packages/openai/types/realtime/realtime_conversation_item_function_call_output_param.py
./.venv/Lib/site-packages/openai/types/realtime/realtime_conversation_item_function_call_param.py
./.venv/Lib/site-packages/openai/types/realtime/realtime_conversation_item_system_message.py
./.venv/Lib/site-packages/openai/types/realtime/realtime_conversation_item_system_message_param.py
./.venv/Lib/site-packages/openai/types/realtime/realtime_conversation_item_user_message.py
./.venv/Lib/site-packages/openai/types/realtime/realtime_conversation_item_user_message_param.py
./.venv/Lib/site-packages/openai/types/realtime/realtime_error.py
./.venv/Lib/site-packages/openai/types/realtime/realtime_error_event.py
./.venv/Lib/site-packages/openai/types/realtime/realtime_function_tool.py
./.venv/Lib/site-packages/openai/types/realtime/realtime_function_tool_param.py
./.venv/Lib/site-packages/openai/types/realtime/realtime_mcp_approval_request.py
./.venv/Lib/site-packages/openai/types/realtime/realtime_mcp_approval_request_param.py
./.venv/Lib/site-packages/openai/types/realtime/realtime_mcp_approval_response.py
./.venv/Lib/site-packages/openai/types/realtime/realtime_mcp_approval_response_param.py
./.venv/Lib/site-packages/openai/types/realtime/realtime_mcp_list_tools.py
./.venv/Lib/site-packages/openai/types/realtime/realtime_mcp_list_tools_param.py
./.venv/Lib/site-packages/openai/types/realtime/realtime_mcp_protocol_error.py
./.venv/Lib/site-packages/openai/types/realtime/realtime_mcp_protocol_error_param.py
./.venv/Lib/site-packages/openai/types/realtime/realtime_mcp_tool_call.py
./.venv/Lib/site-packages/openai/types/realtime/realtime_mcp_tool_call_param.py
./.venv/Lib/site-packages/openai/types/realtime/realtime_mcp_tool_execution_error.py
./.venv/Lib/site-packages/openai/types/realtime/realtime_mcp_tool_execution_error_param.py
./.venv/Lib/site-packages/openai/types/realtime/realtime_mcphttp_error.py
./.venv/Lib/site-packages/openai/types/realtime/realtime_mcphttp_error_param.py
./.venv/Lib/site-packages/openai/types/realtime/realtime_reasoning.py
./.venv/Lib/site-packages/openai/types/realtime/realtime_reasoning_effort.py
./.venv/Lib/site-packages/openai/types/realtime/realtime_reasoning_param.py
./.venv/Lib/site-packages/openai/types/realtime/realtime_response.py
./.venv/Lib/site-packages/openai/types/realtime/realtime_response_create_audio_output.py
./.venv/Lib/site-packages/openai/types/realtime/realtime_response_create_audio_output_param.py
./.venv/Lib/site-packages/openai/types/realtime/realtime_response_create_mcp_tool.py
./.venv/Lib/site-packages/openai/types/realtime/realtime_response_create_mcp_tool_param.py
./.venv/Lib/site-packages/openai/types/realtime/realtime_response_create_params.py
./.venv/Lib/site-packages/openai/types/realtime/realtime_response_create_params_param.py
./.venv/Lib/site-packages/openai/types/realtime/realtime_response_status.py
./.venv/Lib/site-packages/openai/types/realtime/realtime_response_usage.py
./.venv/Lib/site-packages/openai/types/realtime/realtime_response_usage_input_token_details.py
./.venv/Lib/site-packages/openai/types/realtime/realtime_response_usage_output_token_details.py
./.venv/Lib/site-packages/openai/types/realtime/realtime_server_event.py
./.venv/Lib/site-packages/openai/types/realtime/realtime_session_create_request.py
./.venv/Lib/site-packages/openai/types/realtime/realtime_session_create_request_param.py
./.venv/Lib/site-packages/openai/types/realtime/realtime_session_create_response.py
./.venv/Lib/site-packages/openai/types/realtime/realtime_tool_choice_config.py
./.venv/Lib/site-packages/openai/types/realtime/realtime_tool_choice_config_param.py
./.venv/Lib/site-packages/openai/types/realtime/realtime_tools_config.py
./.venv/Lib/site-packages/openai/types/realtime/realtime_tools_config_param.py
./.venv/Lib/site-packages/openai/types/realtime/realtime_tools_config_union.py
./.venv/Lib/site-packages/openai/types/realtime/realtime_tools_config_union_param.py
./.venv/Lib/site-packages/openai/types/realtime/realtime_tracing_config.py
./.venv/Lib/site-packages/openai/types/realtime/realtime_tracing_config_param.py
./.venv/Lib/site-packages/openai/types/realtime/realtime_transcription_session_audio.py
./.venv/Lib/site-packages/openai/types/realtime/realtime_transcription_session_audio_input.py
./.venv/Lib/site-packages/openai/types/realtime/realtime_transcription_session_audio_input_param.py
./.venv/Lib/site-packages/openai/types/realtime/realtime_transcription_session_audio_input_turn_detection.py
./.venv/Lib/site-packages/openai/types/realtime/realtime_transcription_session_audio_input_turn_detection_param.py
./.venv/Lib/site-packages/openai/types/realtime/realtime_transcription_session_audio_param.py
./.venv/Lib/site-packages/openai/types/realtime/realtime_transcription_session_create_request.py
./.venv/Lib/site-packages/openai/types/realtime/realtime_transcription_session_create_request_param.py
./.venv/Lib/site-packages/openai/types/realtime/realtime_transcription_session_create_response.py
./.venv/Lib/site-packages/openai/types/realtime/realtime_transcription_session_turn_detection.py
./.venv/Lib/site-packages/openai/types/realtime/realtime_truncation.py
./.venv/Lib/site-packages/openai/types/realtime/realtime_truncation_param.py
./.venv/Lib/site-packages/openai/types/realtime/realtime_truncation_retention_ratio.py
./.venv/Lib/site-packages/openai/types/realtime/realtime_truncation_retention_ratio_param.py
./.venv/Lib/site-packages/openai/types/realtime/response_audio_delta_event.py
./.venv/Lib/site-packages/openai/types/realtime/response_audio_done_event.py
./.venv/Lib/site-packages/openai/types/realtime/response_audio_transcript_delta_event.py
./.venv/Lib/site-packages/openai/types/realtime/response_audio_transcript_done_event.py
./.venv/Lib/site-packages/openai/types/realtime/response_cancel_event.py
./.venv/Lib/site-packages/openai/types/realtime/response_cancel_event_param.py
./.venv/Lib/site-packages/openai/types/realtime/response_content_part_added_event.py
./.venv/Lib/site-packages/openai/types/realtime/response_content_part_done_event.py
./.venv/Lib/site-packages/openai/types/realtime/response_create_event.py
./.venv/Lib/site-packages/openai/types/realtime/response_create_event_param.py
./.venv/Lib/site-packages/openai/types/realtime/response_created_event.py
./.venv/Lib/site-packages/openai/types/realtime/response_done_event.py
./.venv/Lib/site-packages/openai/types/realtime/response_function_call_arguments_delta_event.py
./.venv/Lib/site-packages/openai/types/realtime/response_function_call_arguments_done_event.py
./.venv/Lib/site-packages/openai/types/realtime/response_mcp_call_arguments_delta.py
./.venv/Lib/site-packages/openai/types/realtime/response_mcp_call_arguments_done.py
./.venv/Lib/site-packages/openai/types/realtime/response_mcp_call_completed.py
./.venv/Lib/site-packages/openai/types/realtime/response_mcp_call_failed.py
./.venv/Lib/site-packages/openai/types/realtime/response_mcp_call_in_progress.py
./.venv/Lib/site-packages/openai/types/realtime/response_output_item_added_event.py
./.venv/Lib/site-packages/openai/types/realtime/response_output_item_done_event.py
./.venv/Lib/site-packages/openai/types/realtime/response_text_delta_event.py
./.venv/Lib/site-packages/openai/types/realtime/response_text_done_event.py
./.venv/Lib/site-packages/openai/types/realtime/session_created_event.py
./.venv/Lib/site-packages/openai/types/realtime/session_update_event.py
./.venv/Lib/site-packages/openai/types/realtime/session_update_event_param.py
./.venv/Lib/site-packages/openai/types/realtime/session_updated_event.py
./.venv/Lib/site-packages/openai/types/responses/__init__.py
./.venv/Lib/site-packages/openai/types/responses/apply_patch_tool.py
./.venv/Lib/site-packages/openai/types/responses/apply_patch_tool_param.py
./.venv/Lib/site-packages/openai/types/responses/compacted_response.py
./.venv/Lib/site-packages/openai/types/responses/computer_action.py
./.venv/Lib/site-packages/openai/types/responses/computer_action_list.py
./.venv/Lib/site-packages/openai/types/responses/computer_action_list_param.py
./.venv/Lib/site-packages/openai/types/responses/computer_action_param.py
./.venv/Lib/site-packages/openai/types/responses/computer_tool.py
./.venv/Lib/site-packages/openai/types/responses/computer_tool_param.py
./.venv/Lib/site-packages/openai/types/responses/computer_use_preview_tool.py
./.venv/Lib/site-packages/openai/types/responses/computer_use_preview_tool_param.py
./.venv/Lib/site-packages/openai/types/responses/container_auto.py
./.venv/Lib/site-packages/openai/types/responses/container_auto_param.py
./.venv/Lib/site-packages/openai/types/responses/container_network_policy_allowlist.py
./.venv/Lib/site-packages/openai/types/responses/container_network_policy_allowlist_param.py
./.venv/Lib/site-packages/openai/types/responses/container_network_policy_disabled.py
./.venv/Lib/site-packages/openai/types/responses/container_network_policy_disabled_param.py
./.venv/Lib/site-packages/openai/types/responses/container_network_policy_domain_secret.py
./.venv/Lib/site-packages/openai/types/responses/container_network_policy_domain_secret_param.py
./.venv/Lib/site-packages/openai/types/responses/container_reference.py
./.venv/Lib/site-packages/openai/types/responses/container_reference_param.py
./.venv/Lib/site-packages/openai/types/responses/custom_tool.py
./.venv/Lib/site-packages/openai/types/responses/custom_tool_param.py
./.venv/Lib/site-packages/openai/types/responses/easy_input_message.py
./.venv/Lib/site-packages/openai/types/responses/easy_input_message_param.py
./.venv/Lib/site-packages/openai/types/responses/file_search_tool.py
./.venv/Lib/site-packages/openai/types/responses/file_search_tool_param.py
./.venv/Lib/site-packages/openai/types/responses/function_shell_tool.py
./.venv/Lib/site-packages/openai/types/responses/function_shell_tool_param.py
./.venv/Lib/site-packages/openai/types/responses/function_tool.py
./.venv/Lib/site-packages/openai/types/responses/function_tool_param.py
./.venv/Lib/site-packages/openai/types/responses/inline_skill.py
./.venv/Lib/site-packages/openai/types/responses/inline_skill_param.py
./.venv/Lib/site-packages/openai/types/responses/inline_skill_source.py
./.venv/Lib/site-packages/openai/types/responses/inline_skill_source_param.py
./.venv/Lib/site-packages/openai/types/responses/input_item_list_params.py
./.venv/Lib/site-packages/openai/types/responses/input_token_count_params.py
./.venv/Lib/site-packages/openai/types/responses/input_token_count_response.py
./.venv/Lib/site-packages/openai/types/responses/local_environment.py
./.venv/Lib/site-packages/openai/types/responses/local_environment_param.py
./.venv/Lib/site-packages/openai/types/responses/local_skill.py
./.venv/Lib/site-packages/openai/types/responses/local_skill_param.py
./.venv/Lib/site-packages/openai/types/responses/namespace_tool.py
./.venv/Lib/site-packages/openai/types/responses/namespace_tool_param.py
./.venv/Lib/site-packages/openai/types/responses/parsed_response.py
./.venv/Lib/site-packages/openai/types/responses/response.py
./.venv/Lib/site-packages/openai/types/responses/response_apply_patch_tool_call.py
./.venv/Lib/site-packages/openai/types/responses/response_apply_patch_tool_call_output.py
./.venv/Lib/site-packages/openai/types/responses/response_audio_delta_event.py
./.venv/Lib/site-packages/openai/types/responses/response_audio_done_event.py
./.venv/Lib/site-packages/openai/types/responses/response_audio_transcript_delta_event.py
./.venv/Lib/site-packages/openai/types/responses/response_audio_transcript_done_event.py
./.venv/Lib/site-packages/openai/types/responses/response_code_interpreter_call_code_delta_event.py
./.venv/Lib/site-packages/openai/types/responses/response_code_interpreter_call_code_done_event.py
./.venv/Lib/site-packages/openai/types/responses/response_code_interpreter_call_completed_event.py
./.venv/Lib/site-packages/openai/types/responses/response_code_interpreter_call_in_progress_event.py
./.venv/Lib/site-packages/openai/types/responses/response_code_interpreter_call_interpreting_event.py
./.venv/Lib/site-packages/openai/types/responses/response_code_interpreter_tool_call.py
./.venv/Lib/site-packages/openai/types/responses/response_code_interpreter_tool_call_param.py
./.venv/Lib/site-packages/openai/types/responses/response_compact_params.py
./.venv/Lib/site-packages/openai/types/responses/response_compaction_item.py
./.venv/Lib/site-packages/openai/types/responses/response_compaction_item_param.py
./.venv/Lib/site-packages/openai/types/responses/response_compaction_item_param_param.py
./.venv/Lib/site-packages/openai/types/responses/response_completed_event.py
./.venv/Lib/site-packages/openai/types/responses/response_computer_tool_call.py
./.venv/Lib/site-packages/openai/types/responses/response_computer_tool_call_output_item.py
./.venv/Lib/site-packages/openai/types/responses/response_computer_tool_call_output_screenshot.py
./.venv/Lib/site-packages/openai/types/responses/response_computer_tool_call_output_screenshot_param.py
./.venv/Lib/site-packages/openai/types/responses/response_computer_tool_call_param.py
./.venv/Lib/site-packages/openai/types/responses/response_container_reference.py
./.venv/Lib/site-packages/openai/types/responses/response_content_part_added_event.py
./.venv/Lib/site-packages/openai/types/responses/response_content_part_done_event.py
./.venv/Lib/site-packages/openai/types/responses/response_conversation_param.py
./.venv/Lib/site-packages/openai/types/responses/response_conversation_param_param.py
./.venv/Lib/site-packages/openai/types/responses/response_create_params.py
./.venv/Lib/site-packages/openai/types/responses/response_created_event.py
./.venv/Lib/site-packages/openai/types/responses/response_custom_tool_call.py
./.venv/Lib/site-packages/openai/types/responses/response_custom_tool_call_input_delta_event.py
./.venv/Lib/site-packages/openai/types/responses/response_custom_tool_call_input_done_event.py
./.venv/Lib/site-packages/openai/types/responses/response_custom_tool_call_item.py
./.venv/Lib/site-packages/openai/types/responses/response_custom_tool_call_output.py
./.venv/Lib/site-packages/openai/types/responses/response_custom_tool_call_output_item.py
./.venv/Lib/site-packages/openai/types/responses/response_custom_tool_call_output_param.py
./.venv/Lib/site-packages/openai/types/responses/response_custom_tool_call_param.py
./.venv/Lib/site-packages/openai/types/responses/response_error.py
./.venv/Lib/site-packages/openai/types/responses/response_error_event.py
./.venv/Lib/site-packages/openai/types/responses/response_failed_event.py
./.venv/Lib/site-packages/openai/types/responses/response_file_search_call_completed_event.py
./.venv/Lib/site-packages/openai/types/responses/response_file_search_call_in_progress_event.py
./.venv/Lib/site-packages/openai/types/responses/response_file_search_call_searching_event.py
./.venv/Lib/site-packages/openai/types/responses/response_file_search_tool_call.py
./.venv/Lib/site-packages/openai/types/responses/response_file_search_tool_call_param.py
./.venv/Lib/site-packages/openai/types/responses/response_format_text_config.py
./.venv/Lib/site-packages/openai/types/responses/response_format_text_config_param.py
./.venv/Lib/site-packages/openai/types/responses/response_format_text_json_schema_config.py
./.venv/Lib/site-packages/openai/types/responses/response_format_text_json_schema_config_param.py
./.venv/Lib/site-packages/openai/types/responses/response_function_call_arguments_delta_event.py
./.venv/Lib/site-packages/openai/types/responses/response_function_call_arguments_done_event.py
./.venv/Lib/site-packages/openai/types/responses/response_function_call_output_item.py
./.venv/Lib/site-packages/openai/types/responses/response_function_call_output_item_list.py
./.venv/Lib/site-packages/openai/types/responses/response_function_call_output_item_list_param.py
./.venv/Lib/site-packages/openai/types/responses/response_function_call_output_item_param.py
./.venv/Lib/site-packages/openai/types/responses/response_function_shell_call_output_content.py
./.venv/Lib/site-packages/openai/types/responses/response_function_shell_call_output_content_param.py
./.venv/Lib/site-packages/openai/types/responses/response_function_shell_tool_call.py
./.venv/Lib/site-packages/openai/types/responses/response_function_shell_tool_call_output.py
./.venv/Lib/site-packages/openai/types/responses/response_function_tool_call.py
./.venv/Lib/site-packages/openai/types/responses/response_function_tool_call_item.py
./.venv/Lib/site-packages/openai/types/responses/response_function_tool_call_output_item.py
./.venv/Lib/site-packages/openai/types/responses/response_function_tool_call_param.py
./.venv/Lib/site-packages/openai/types/responses/response_function_web_search.py
./.venv/Lib/site-packages/openai/types/responses/response_function_web_search_param.py
./.venv/Lib/site-packages/openai/types/responses/response_image_gen_call_completed_event.py
./.venv/Lib/site-packages/openai/types/responses/response_image_gen_call_generating_event.py
./.venv/Lib/site-packages/openai/types/responses/response_image_gen_call_in_progress_event.py
./.venv/Lib/site-packages/openai/types/responses/response_image_gen_call_partial_image_event.py
./.venv/Lib/site-packages/openai/types/responses/response_in_progress_event.py
./.venv/Lib/site-packages/openai/types/responses/response_includable.py
./.venv/Lib/site-packages/openai/types/responses/response_incomplete_event.py
./.venv/Lib/site-packages/openai/types/responses/response_input.py
./.venv/Lib/site-packages/openai/types/responses/response_input_audio.py
./.venv/Lib/site-packages/openai/types/responses/response_input_audio_param.py
./.venv/Lib/site-packages/openai/types/responses/response_input_content.py
./.venv/Lib/site-packages/openai/types/responses/response_input_content_param.py
./.venv/Lib/site-packages/openai/types/responses/response_input_file.py
./.venv/Lib/site-packages/openai/types/responses/response_input_file_content.py
./.venv/Lib/site-packages/openai/types/responses/response_input_file_content_param.py
./.venv/Lib/site-packages/openai/types/responses/response_input_file_param.py
./.venv/Lib/site-packages/openai/types/responses/response_input_image.py
./.venv/Lib/site-packages/openai/types/responses/response_input_image_content.py
./.venv/Lib/site-packages/openai/types/responses/response_input_image_content_param.py
./.venv/Lib/site-packages/openai/types/responses/response_input_image_param.py
./.venv/Lib/site-packages/openai/types/responses/response_input_item.py
./.venv/Lib/site-packages/openai/types/responses/response_input_item_param.py
./.venv/Lib/site-packages/openai/types/responses/response_input_message_content_list.py
./.venv/Lib/site-packages/openai/types/responses/response_input_message_content_list_param.py
./.venv/Lib/site-packages/openai/types/responses/response_input_message_item.py
./.venv/Lib/site-packages/openai/types/responses/response_input_param.py
./.venv/Lib/site-packages/openai/types/responses/response_input_text.py
./.venv/Lib/site-packages/openai/types/responses/response_input_text_content.py
./.venv/Lib/site-packages/openai/types/responses/response_input_text_content_param.py
./.venv/Lib/site-packages/openai/types/responses/response_input_text_param.py
./.venv/Lib/site-packages/openai/types/responses/response_item.py
./.venv/Lib/site-packages/openai/types/responses/response_item_list.py
./.venv/Lib/site-packages/openai/types/responses/response_local_environment.py
./.venv/Lib/site-packages/openai/types/responses/response_mcp_call_arguments_delta_event.py
./.venv/Lib/site-packages/openai/types/responses/response_mcp_call_arguments_done_event.py
./.venv/Lib/site-packages/openai/types/responses/response_mcp_call_completed_event.py
./.venv/Lib/site-packages/openai/types/responses/response_mcp_call_failed_event.py
./.venv/Lib/site-packages/openai/types/responses/response_mcp_call_in_progress_event.py
./.venv/Lib/site-packages/openai/types/responses/response_mcp_list_tools_completed_event.py
./.venv/Lib/site-packages/openai/types/responses/response_mcp_list_tools_failed_event.py
./.venv/Lib/site-packages/openai/types/responses/response_mcp_list_tools_in_progress_event.py
./.venv/Lib/site-packages/openai/types/responses/response_output_item.py
./.venv/Lib/site-packages/openai/types/responses/response_output_item_added_event.py
./.venv/Lib/site-packages/openai/types/responses/response_output_item_done_event.py
./.venv/Lib/site-packages/openai/types/responses/response_output_message.py
./.venv/Lib/site-packages/openai/types/responses/response_output_message_param.py
./.venv/Lib/site-packages/openai/types/responses/response_output_refusal.py
./.venv/Lib/site-packages/openai/types/responses/response_output_refusal_param.py
./.venv/Lib/site-packages/openai/types/responses/response_output_text.py
./.venv/Lib/site-packages/openai/types/responses/response_output_text_annotation_added_event.py
./.venv/Lib/site-packages/openai/types/responses/response_output_text_param.py
./.venv/Lib/site-packages/openai/types/responses/response_prompt.py
./.venv/Lib/site-packages/openai/types/responses/response_prompt_param.py
./.venv/Lib/site-packages/openai/types/responses/response_queued_event.py
./.venv/Lib/site-packages/openai/types/responses/response_reasoning_item.py
./.venv/Lib/site-packages/openai/types/responses/response_reasoning_item_param.py
./.venv/Lib/site-packages/openai/types/responses/response_reasoning_summary_part_added_event.py
./.venv/Lib/site-packages/openai/types/responses/response_reasoning_summary_part_done_event.py
./.venv/Lib/site-packages/openai/types/responses/response_reasoning_summary_text_delta_event.py
./.venv/Lib/site-packages/openai/types/responses/response_reasoning_summary_text_done_event.py
./.venv/Lib/site-packages/openai/types/responses/response_reasoning_text_delta_event.py
./.venv/Lib/site-packages/openai/types/responses/response_reasoning_text_done_event.py
./.venv/Lib/site-packages/openai/types/responses/response_refusal_delta_event.py
./.venv/Lib/site-packages/openai/types/responses/response_refusal_done_event.py
./.venv/Lib/site-packages/openai/types/responses/response_retrieve_params.py
./.venv/Lib/site-packages/openai/types/responses/response_status.py
./.venv/Lib/site-packages/openai/types/responses/response_stream_event.py
./.venv/Lib/site-packages/openai/types/responses/response_text_config.py
./.venv/Lib/site-packages/openai/types/responses/response_text_config_param.py
./.venv/Lib/site-packages/openai/types/responses/response_text_delta_event.py
./.venv/Lib/site-packages/openai/types/responses/response_text_done_event.py
./.venv/Lib/site-packages/openai/types/responses/response_tool_search_call.py
./.venv/Lib/site-packages/openai/types/responses/response_tool_search_output_item.py
./.venv/Lib/site-packages/openai/types/responses/response_tool_search_output_item_param.py
./.venv/Lib/site-packages/openai/types/responses/response_tool_search_output_item_param_param.py
./.venv/Lib/site-packages/openai/types/responses/response_usage.py
./.venv/Lib/site-packages/openai/types/responses/response_web_search_call_completed_event.py
./.venv/Lib/site-packages/openai/types/responses/response_web_search_call_in_progress_event.py
./.venv/Lib/site-packages/openai/types/responses/response_web_search_call_searching_event.py
./.venv/Lib/site-packages/openai/types/responses/responses_client_event.py
./.venv/Lib/site-packages/openai/types/responses/responses_client_event_param.py
./.venv/Lib/site-packages/openai/types/responses/responses_server_event.py
./.venv/Lib/site-packages/openai/types/responses/skill_reference.py
./.venv/Lib/site-packages/openai/types/responses/skill_reference_param.py
./.venv/Lib/site-packages/openai/types/responses/tool.py
./.venv/Lib/site-packages/openai/types/responses/tool_choice_allowed.py
./.venv/Lib/site-packages/openai/types/responses/tool_choice_allowed_param.py
./.venv/Lib/site-packages/openai/types/responses/tool_choice_apply_patch.py
./.venv/Lib/site-packages/openai/types/responses/tool_choice_apply_patch_param.py
./.venv/Lib/site-packages/openai/types/responses/tool_choice_custom.py
./.venv/Lib/site-packages/openai/types/responses/tool_choice_custom_param.py
./.venv/Lib/site-packages/openai/types/responses/tool_choice_function.py
./.venv/Lib/site-packages/openai/types/responses/tool_choice_function_param.py
./.venv/Lib/site-packages/openai/types/responses/tool_choice_mcp.py
./.venv/Lib/site-packages/openai/types/responses/tool_choice_mcp_param.py
./.venv/Lib/site-packages/openai/types/responses/tool_choice_options.py
./.venv/Lib/site-packages/openai/types/responses/tool_choice_shell.py
./.venv/Lib/site-packages/openai/types/responses/tool_choice_shell_param.py
./.venv/Lib/site-packages/openai/types/responses/tool_choice_types.py
./.venv/Lib/site-packages/openai/types/responses/tool_choice_types_param.py
./.venv/Lib/site-packages/openai/types/responses/tool_param.py
./.venv/Lib/site-packages/openai/types/responses/tool_search_tool.py
./.venv/Lib/site-packages/openai/types/responses/tool_search_tool_param.py
./.venv/Lib/site-packages/openai/types/responses/web_search_preview_tool.py
./.venv/Lib/site-packages/openai/types/responses/web_search_preview_tool_param.py
./.venv/Lib/site-packages/openai/types/responses/web_search_tool.py
./.venv/Lib/site-packages/openai/types/responses/web_search_tool_param.py
./.venv/Lib/site-packages/openai/types/shared/__init__.py
./.venv/Lib/site-packages/openai/types/shared/all_models.py
./.venv/Lib/site-packages/openai/types/shared/chat_model.py
./.venv/Lib/site-packages/openai/types/shared/comparison_filter.py
./.venv/Lib/site-packages/openai/types/shared/compound_filter.py
./.venv/Lib/site-packages/openai/types/shared/custom_tool_input_format.py
./.venv/Lib/site-packages/openai/types/shared/error_object.py
./.venv/Lib/site-packages/openai/types/shared/function_definition.py
./.venv/Lib/site-packages/openai/types/shared/function_parameters.py
./.venv/Lib/site-packages/openai/types/shared/metadata.py
./.venv/Lib/site-packages/openai/types/shared/oauth_error_code.py
./.venv/Lib/site-packages/openai/types/shared/reasoning.py
./.venv/Lib/site-packages/openai/types/shared/reasoning_effort.py
./.venv/Lib/site-packages/openai/types/shared/response_format_json_object.py
./.venv/Lib/site-packages/openai/types/shared/response_format_json_schema.py
./.venv/Lib/site-packages/openai/types/shared/response_format_text.py
./.venv/Lib/site-packages/openai/types/shared/response_format_text_grammar.py
./.venv/Lib/site-packages/openai/types/shared/response_format_text_python.py
./.venv/Lib/site-packages/openai/types/shared/responses_model.py
./.venv/Lib/site-packages/openai/types/shared_params/__init__.py
./.venv/Lib/site-packages/openai/types/shared_params/chat_model.py
./.venv/Lib/site-packages/openai/types/shared_params/comparison_filter.py
./.venv/Lib/site-packages/openai/types/shared_params/compound_filter.py
./.venv/Lib/site-packages/openai/types/shared_params/custom_tool_input_format.py
./.venv/Lib/site-packages/openai/types/shared_params/function_definition.py
./.venv/Lib/site-packages/openai/types/shared_params/function_parameters.py
./.venv/Lib/site-packages/openai/types/shared_params/metadata.py
./.venv/Lib/site-packages/openai/types/shared_params/oauth_error_code.py
./.venv/Lib/site-packages/openai/types/shared_params/reasoning.py
./.venv/Lib/site-packages/openai/types/shared_params/reasoning_effort.py
./.venv/Lib/site-packages/openai/types/shared_params/response_format_json_object.py
./.venv/Lib/site-packages/openai/types/shared_params/response_format_json_schema.py
./.venv/Lib/site-packages/openai/types/shared_params/response_format_text.py
./.venv/Lib/site-packages/openai/types/shared_params/responses_model.py
./.venv/Lib/site-packages/openai/types/skill.py
./.venv/Lib/site-packages/openai/types/skill_create_params.py
./.venv/Lib/site-packages/openai/types/skill_list.py
./.venv/Lib/site-packages/openai/types/skill_list_params.py
./.venv/Lib/site-packages/openai/types/skill_update_params.py
./.venv/Lib/site-packages/openai/types/skills/__init__.py
./.venv/Lib/site-packages/openai/types/skills/deleted_skill_version.py
./.venv/Lib/site-packages/openai/types/skills/skill_version.py
./.venv/Lib/site-packages/openai/types/skills/skill_version_list.py
./.venv/Lib/site-packages/openai/types/skills/version_create_params.py
./.venv/Lib/site-packages/openai/types/skills/version_list_params.py
./.venv/Lib/site-packages/openai/types/skills/versions/__init__.py
./.venv/Lib/site-packages/openai/types/static_file_chunking_strategy.py
./.venv/Lib/site-packages/openai/types/static_file_chunking_strategy_object.py
./.venv/Lib/site-packages/openai/types/static_file_chunking_strategy_object_param.py
./.venv/Lib/site-packages/openai/types/static_file_chunking_strategy_param.py
./.venv/Lib/site-packages/openai/types/upload.py
./.venv/Lib/site-packages/openai/types/upload_complete_params.py
./.venv/Lib/site-packages/openai/types/upload_create_params.py
./.venv/Lib/site-packages/openai/types/uploads/__init__.py
./.venv/Lib/site-packages/openai/types/uploads/part_create_params.py
./.venv/Lib/site-packages/openai/types/uploads/upload_part.py
./.venv/Lib/site-packages/openai/types/vector_store.py
./.venv/Lib/site-packages/openai/types/vector_store_create_params.py
./.venv/Lib/site-packages/openai/types/vector_store_deleted.py
./.venv/Lib/site-packages/openai/types/vector_store_list_params.py
./.venv/Lib/site-packages/openai/types/vector_store_search_params.py
./.venv/Lib/site-packages/openai/types/vector_store_search_response.py
./.venv/Lib/site-packages/openai/types/vector_store_update_params.py
./.venv/Lib/site-packages/openai/types/vector_stores/__init__.py
./.venv/Lib/site-packages/openai/types/vector_stores/file_batch_create_params.py
./.venv/Lib/site-packages/openai/types/vector_stores/file_batch_list_files_params.py
./.venv/Lib/site-packages/openai/types/vector_stores/file_content_response.py
./.venv/Lib/site-packages/openai/types/vector_stores/file_create_params.py
./.venv/Lib/site-packages/openai/types/vector_stores/file_list_params.py
./.venv/Lib/site-packages/openai/types/vector_stores/file_update_params.py
./.venv/Lib/site-packages/openai/types/vector_stores/vector_store_file.py
./.venv/Lib/site-packages/openai/types/vector_stores/vector_store_file_batch.py
./.venv/Lib/site-packages/openai/types/vector_stores/vector_store_file_deleted.py
./.venv/Lib/site-packages/openai/types/video.py
./.venv/Lib/site-packages/openai/types/video_create_character_params.py
./.venv/Lib/site-packages/openai/types/video_create_character_response.py
./.venv/Lib/site-packages/openai/types/video_create_error.py
./.venv/Lib/site-packages/openai/types/video_create_params.py
./.venv/Lib/site-packages/openai/types/video_delete_response.py
./.venv/Lib/site-packages/openai/types/video_download_content_params.py
./.venv/Lib/site-packages/openai/types/video_edit_params.py
./.venv/Lib/site-packages/openai/types/video_extend_params.py
./.venv/Lib/site-packages/openai/types/video_get_character_response.py
./.venv/Lib/site-packages/openai/types/video_list_params.py
./.venv/Lib/site-packages/openai/types/video_model.py
./.venv/Lib/site-packages/openai/types/video_model_param.py
./.venv/Lib/site-packages/openai/types/video_remix_params.py
./.venv/Lib/site-packages/openai/types/video_seconds.py
./.venv/Lib/site-packages/openai/types/video_size.py
./.venv/Lib/site-packages/openai/types/webhooks/__init__.py
./.venv/Lib/site-packages/openai/types/webhooks/batch_cancelled_webhook_event.py
./.venv/Lib/site-packages/openai/types/webhooks/batch_completed_webhook_event.py
./.venv/Lib/site-packages/openai/types/webhooks/batch_expired_webhook_event.py
./.venv/Lib/site-packages/openai/types/webhooks/batch_failed_webhook_event.py
./.venv/Lib/site-packages/openai/types/webhooks/eval_run_canceled_webhook_event.py
./.venv/Lib/site-packages/openai/types/webhooks/eval_run_failed_webhook_event.py
./.venv/Lib/site-packages/openai/types/webhooks/eval_run_succeeded_webhook_event.py
./.venv/Lib/site-packages/openai/types/webhooks/fine_tuning_job_cancelled_webhook_event.py
./.venv/Lib/site-packages/openai/types/webhooks/fine_tuning_job_failed_webhook_event.py
./.venv/Lib/site-packages/openai/types/webhooks/fine_tuning_job_succeeded_webhook_event.py
./.venv/Lib/site-packages/openai/types/webhooks/realtime_call_incoming_webhook_event.py
./.venv/Lib/site-packages/openai/types/webhooks/response_cancelled_webhook_event.py
./.venv/Lib/site-packages/openai/types/webhooks/response_completed_webhook_event.py
./.venv/Lib/site-packages/openai/types/webhooks/response_failed_webhook_event.py
./.venv/Lib/site-packages/openai/types/webhooks/response_incomplete_webhook_event.py
./.venv/Lib/site-packages/openai/types/webhooks/unwrap_webhook_event.py
./.venv/Lib/site-packages/openai/types/websocket_connection_options.py
./.venv/Lib/site-packages/openai/types/websocket_reconnection.py
./.venv/Lib/site-packages/openai/version.py
./.venv/Lib/site-packages/opentelemetry/_events/__init__.py
./.venv/Lib/site-packages/opentelemetry/_logs/__init__.py
./.venv/Lib/site-packages/opentelemetry/_logs/_internal/__init__.py
./.venv/Lib/site-packages/opentelemetry/_logs/severity/__init__.py
./.venv/Lib/site-packages/opentelemetry/attributes/__init__.py
./.venv/Lib/site-packages/opentelemetry/baggage/__init__.py
./.venv/Lib/site-packages/opentelemetry/baggage/propagation/__init__.py
./.venv/Lib/site-packages/opentelemetry/context/__init__.py
./.venv/Lib/site-packages/opentelemetry/context/context.py
./.venv/Lib/site-packages/opentelemetry/context/contextvars_context.py
./.venv/Lib/site-packages/opentelemetry/environment_variables/__init__.py
./.venv/Lib/site-packages/opentelemetry/exporter/otlp/proto/common/__init__.py
./.venv/Lib/site-packages/opentelemetry/exporter/otlp/proto/common/_internal/__init__.py
./.venv/Lib/site-packages/opentelemetry/exporter/otlp/proto/common/_internal/_log_encoder/__init__.py
./.venv/Lib/site-packages/opentelemetry/exporter/otlp/proto/common/_internal/metrics_encoder/__init__.py
./.venv/Lib/site-packages/opentelemetry/exporter/otlp/proto/common/_internal/trace_encoder/__init__.py
./.venv/Lib/site-packages/opentelemetry/exporter/otlp/proto/common/_log_encoder.py
./.venv/Lib/site-packages/opentelemetry/exporter/otlp/proto/common/metrics_encoder.py
./.venv/Lib/site-packages/opentelemetry/exporter/otlp/proto/common/trace_encoder.py
./.venv/Lib/site-packages/opentelemetry/exporter/otlp/proto/common/version/__init__.py
./.venv/Lib/site-packages/opentelemetry/exporter/otlp/proto/grpc/__init__.py
./.venv/Lib/site-packages/opentelemetry/exporter/otlp/proto/grpc/_log_exporter/__init__.py
./.venv/Lib/site-packages/opentelemetry/exporter/otlp/proto/grpc/exporter.py
./.venv/Lib/site-packages/opentelemetry/exporter/otlp/proto/grpc/metric_exporter/__init__.py
./.venv/Lib/site-packages/opentelemetry/exporter/otlp/proto/grpc/trace_exporter/__init__.py
./.venv/Lib/site-packages/opentelemetry/exporter/otlp/proto/grpc/version/__init__.py
./.venv/Lib/site-packages/opentelemetry/exporter/otlp/proto/http/__init__.py
./.venv/Lib/site-packages/opentelemetry/exporter/otlp/proto/http/_common/__init__.py
./.venv/Lib/site-packages/opentelemetry/exporter/otlp/proto/http/_log_exporter/__init__.py
./.venv/Lib/site-packages/opentelemetry/exporter/otlp/proto/http/metric_exporter/__init__.py
./.venv/Lib/site-packages/opentelemetry/exporter/otlp/proto/http/trace_exporter/__init__.py
./.venv/Lib/site-packages/opentelemetry/exporter/otlp/proto/http/trace_exporter/encoder/__init__.py
./.venv/Lib/site-packages/opentelemetry/exporter/otlp/proto/http/version/__init__.py
./.venv/Lib/site-packages/opentelemetry/exporter/otlp/version/__init__.py
./.venv/Lib/site-packages/opentelemetry/metrics/__init__.py
./.venv/Lib/site-packages/opentelemetry/metrics/_internal/__init__.py
./.venv/Lib/site-packages/opentelemetry/metrics/_internal/instrument.py
./.venv/Lib/site-packages/opentelemetry/metrics/_internal/observation.py
./.venv/Lib/site-packages/opentelemetry/propagate/__init__.py
./.venv/Lib/site-packages/opentelemetry/propagators/_envcarrier.py
./.venv/Lib/site-packages/opentelemetry/propagators/composite.py
./.venv/Lib/site-packages/opentelemetry/propagators/textmap.py
./.venv/Lib/site-packages/opentelemetry/proto/__init__.py
./.venv/Lib/site-packages/opentelemetry/proto/collector/__init__.py
./.venv/Lib/site-packages/opentelemetry/proto/collector/logs/v1/logs_service_pb2.py
./.venv/Lib/site-packages/opentelemetry/proto/collector/logs/v1/logs_service_pb2_grpc.py
./.venv/Lib/site-packages/opentelemetry/proto/collector/metrics/__init__.py
./.venv/Lib/site-packages/opentelemetry/proto/collector/metrics/v1/__init__.py
./.venv/Lib/site-packages/opentelemetry/proto/collector/metrics/v1/metrics_service_pb2.py
./.venv/Lib/site-packages/opentelemetry/proto/collector/metrics/v1/metrics_service_pb2_grpc.py
./.venv/Lib/site-packages/opentelemetry/proto/collector/profiles/v1development/profiles_service_pb2.py
./.venv/Lib/site-packages/opentelemetry/proto/collector/profiles/v1development/profiles_service_pb2_grpc.py
./.venv/Lib/site-packages/opentelemetry/proto/collector/trace/__init__.py
./.venv/Lib/site-packages/opentelemetry/proto/collector/trace/v1/__init__.py
./.venv/Lib/site-packages/opentelemetry/proto/collector/trace/v1/trace_service_pb2.py
./.venv/Lib/site-packages/opentelemetry/proto/collector/trace/v1/trace_service_pb2_grpc.py
./.venv/Lib/site-packages/opentelemetry/proto/common/__init__.py
./.venv/Lib/site-packages/opentelemetry/proto/common/v1/__init__.py
./.venv/Lib/site-packages/opentelemetry/proto/common/v1/common_pb2.py
./.venv/Lib/site-packages/opentelemetry/proto/logs/v1/logs_pb2.py
./.venv/Lib/site-packages/opentelemetry/proto/metrics/__init__.py
./.venv/Lib/site-packages/opentelemetry/proto/metrics/v1/__init__.py
./.venv/Lib/site-packages/opentelemetry/proto/metrics/v1/metrics_pb2.py
./.venv/Lib/site-packages/opentelemetry/proto/profiles/v1development/profiles_pb2.py
./.venv/Lib/site-packages/opentelemetry/proto/resource/__init__.py
./.venv/Lib/site-packages/opentelemetry/proto/resource/v1/__init__.py
./.venv/Lib/site-packages/opentelemetry/proto/resource/v1/resource_pb2.py
./.venv/Lib/site-packages/opentelemetry/proto/trace/__init__.py
./.venv/Lib/site-packages/opentelemetry/proto/trace/v1/__init__.py
./.venv/Lib/site-packages/opentelemetry/proto/trace/v1/trace_pb2.py
./.venv/Lib/site-packages/opentelemetry/proto/version/__init__.py
./.venv/Lib/site-packages/opentelemetry/sdk/_configuration/__init__.py
./.venv/Lib/site-packages/opentelemetry/sdk/_configuration/_common.py
./.venv/Lib/site-packages/opentelemetry/sdk/_configuration/_exceptions.py
./.venv/Lib/site-packages/opentelemetry/sdk/_configuration/_meter_provider.py
./.venv/Lib/site-packages/opentelemetry/sdk/_configuration/_propagator.py
./.venv/Lib/site-packages/opentelemetry/sdk/_configuration/_resource.py
./.venv/Lib/site-packages/opentelemetry/sdk/_configuration/_tracer_provider.py
./.venv/Lib/site-packages/opentelemetry/sdk/_configuration/file/__init__.py
./.venv/Lib/site-packages/opentelemetry/sdk/_configuration/file/_env_substitution.py
./.venv/Lib/site-packages/opentelemetry/sdk/_configuration/file/_loader.py
./.venv/Lib/site-packages/opentelemetry/sdk/_configuration/models.py
./.venv/Lib/site-packages/opentelemetry/sdk/_events/__init__.py
./.venv/Lib/site-packages/opentelemetry/sdk/_logs/__init__.py
./.venv/Lib/site-packages/opentelemetry/sdk/_logs/_internal/__init__.py
./.venv/Lib/site-packages/opentelemetry/sdk/_logs/_internal/_logger_metrics.py
./.venv/Lib/site-packages/opentelemetry/sdk/_logs/_internal/export/__init__.py
./.venv/Lib/site-packages/opentelemetry/sdk/_logs/_internal/export/in_memory_log_exporter.py
./.venv/Lib/site-packages/opentelemetry/sdk/_logs/export/__init__.py
./.venv/Lib/site-packages/opentelemetry/sdk/_shared_internal/__init__.py
./.venv/Lib/site-packages/opentelemetry/sdk/_shared_internal/_processor_metrics.py
./.venv/Lib/site-packages/opentelemetry/sdk/environment_variables/__init__.py
./.venv/Lib/site-packages/opentelemetry/sdk/error_handler/__init__.py
./.venv/Lib/site-packages/opentelemetry/sdk/metrics/__init__.py
./.venv/Lib/site-packages/opentelemetry/sdk/metrics/_internal/__init__.py
./.venv/Lib/site-packages/opentelemetry/sdk/metrics/_internal/_view_instrument_match.py
./.venv/Lib/site-packages/opentelemetry/sdk/metrics/_internal/aggregation.py
./.venv/Lib/site-packages/opentelemetry/sdk/metrics/_internal/exceptions.py
./.venv/Lib/site-packages/opentelemetry/sdk/metrics/_internal/exemplar/__init__.py
./.venv/Lib/site-packages/opentelemetry/sdk/metrics/_internal/exemplar/exemplar.py
./.venv/Lib/site-packages/opentelemetry/sdk/metrics/_internal/exemplar/exemplar_filter.py
./.venv/Lib/site-packages/opentelemetry/sdk/metrics/_internal/exemplar/exemplar_reservoir.py
./.venv/Lib/site-packages/opentelemetry/sdk/metrics/_internal/exponential_histogram/__init__.py
./.venv/Lib/site-packages/opentelemetry/sdk/metrics/_internal/exponential_histogram/buckets.py
./.venv/Lib/site-packages/opentelemetry/sdk/metrics/_internal/exponential_histogram/mapping/__init__.py
./.venv/Lib/site-packages/opentelemetry/sdk/metrics/_internal/exponential_histogram/mapping/errors.py
./.venv/Lib/site-packages/opentelemetry/sdk/metrics/_internal/exponential_histogram/mapping/exponent_mapping.py
./.venv/Lib/site-packages/opentelemetry/sdk/metrics/_internal/exponential_histogram/mapping/ieee_754.py
./.venv/Lib/site-packages/opentelemetry/sdk/metrics/_internal/exponential_histogram/mapping/logarithm_mapping.py
./.venv/Lib/site-packages/opentelemetry/sdk/metrics/_internal/export/__init__.py
./.venv/Lib/site-packages/opentelemetry/sdk/metrics/_internal/export/_metric_reader_metrics.py
./.venv/Lib/site-packages/opentelemetry/sdk/metrics/_internal/instrument.py
./.venv/Lib/site-packages/opentelemetry/sdk/metrics/_internal/measurement.py
./.venv/Lib/site-packages/opentelemetry/sdk/metrics/_internal/measurement_consumer.py
./.venv/Lib/site-packages/opentelemetry/sdk/metrics/_internal/metric_reader_storage.py
./.venv/Lib/site-packages/opentelemetry/sdk/metrics/_internal/point.py
./.venv/Lib/site-packages/opentelemetry/sdk/metrics/_internal/sdk_configuration.py
./.venv/Lib/site-packages/opentelemetry/sdk/metrics/_internal/view.py
./.venv/Lib/site-packages/opentelemetry/sdk/metrics/export/__init__.py
./.venv/Lib/site-packages/opentelemetry/sdk/metrics/view/__init__.py
./.venv/Lib/site-packages/opentelemetry/sdk/resources/__init__.py
./.venv/Lib/site-packages/opentelemetry/sdk/trace/__init__.py
./.venv/Lib/site-packages/opentelemetry/sdk/trace/_sampling_experimental/__init__.py
./.venv/Lib/site-packages/opentelemetry/sdk/trace/_sampling_experimental/_always_off.py
./.venv/Lib/site-packages/opentelemetry/sdk/trace/_sampling_experimental/_always_on.py
./.venv/Lib/site-packages/opentelemetry/sdk/trace/_sampling_experimental/_composable.py
./.venv/Lib/site-packages/opentelemetry/sdk/trace/_sampling_experimental/_parent_threshold.py
./.venv/Lib/site-packages/opentelemetry/sdk/trace/_sampling_experimental/_rule_based.py
./.venv/Lib/site-packages/opentelemetry/sdk/trace/_sampling_experimental/_sampler.py
./.venv/Lib/site-packages/opentelemetry/sdk/trace/_sampling_experimental/_trace_state.py
./.venv/Lib/site-packages/opentelemetry/sdk/trace/_sampling_experimental/_traceid_ratio.py
./.venv/Lib/site-packages/opentelemetry/sdk/trace/_sampling_experimental/_util.py
./.venv/Lib/site-packages/opentelemetry/sdk/trace/_tracer_metrics.py
./.venv/Lib/site-packages/opentelemetry/sdk/trace/export/__init__.py
./.venv/Lib/site-packages/opentelemetry/sdk/trace/export/in_memory_span_exporter.py
./.venv/Lib/site-packages/opentelemetry/sdk/trace/id_generator.py
./.venv/Lib/site-packages/opentelemetry/sdk/trace/sampling.py
./.venv/Lib/site-packages/opentelemetry/sdk/util/__init__.py
./.venv/Lib/site-packages/opentelemetry/sdk/util/_configurator.py
./.venv/Lib/site-packages/opentelemetry/sdk/util/instrumentation.py
./.venv/Lib/site-packages/opentelemetry/sdk/version/__init__.py
./.venv/Lib/site-packages/opentelemetry/semconv/__init__.py
./.venv/Lib/site-packages/opentelemetry/semconv/_incubating/attributes/app_attributes.py
./.venv/Lib/site-packages/opentelemetry/semconv/_incubating/attributes/artifact_attributes.py
./.venv/Lib/site-packages/opentelemetry/semconv/_incubating/attributes/aws_attributes.py
./.venv/Lib/site-packages/opentelemetry/semconv/_incubating/attributes/az_attributes.py
./.venv/Lib/site-packages/opentelemetry/semconv/_incubating/attributes/azure_attributes.py
./.venv/Lib/site-packages/opentelemetry/semconv/_incubating/attributes/browser_attributes.py
./.venv/Lib/site-packages/opentelemetry/semconv/_incubating/attributes/cassandra_attributes.py
./.venv/Lib/site-packages/opentelemetry/semconv/_incubating/attributes/cicd_attributes.py
./.venv/Lib/site-packages/opentelemetry/semconv/_incubating/attributes/client_attributes.py
./.venv/Lib/site-packages/opentelemetry/semconv/_incubating/attributes/cloud_attributes.py
./.venv/Lib/site-packages/opentelemetry/semconv/_incubating/attributes/cloudevents_attributes.py
./.venv/Lib/site-packages/opentelemetry/semconv/_incubating/attributes/cloudfoundry_attributes.py
./.venv/Lib/site-packages/opentelemetry/semconv/_incubating/attributes/code_attributes.py
./.venv/Lib/site-packages/opentelemetry/semconv/_incubating/attributes/container_attributes.py
./.venv/Lib/site-packages/opentelemetry/semconv/_incubating/attributes/cpu_attributes.py
./.venv/Lib/site-packages/opentelemetry/semconv/_incubating/attributes/cpython_attributes.py
./.venv/Lib/site-packages/opentelemetry/semconv/_incubating/attributes/db_attributes.py
./.venv/Lib/site-packages/opentelemetry/semconv/_incubating/attributes/deployment_attributes.py
./.venv/Lib/site-packages/opentelemetry/semconv/_incubating/attributes/destination_attributes.py
./.venv/Lib/site-packages/opentelemetry/semconv/_incubating/attributes/device_attributes.py
./.venv/Lib/site-packages/opentelemetry/semconv/_incubating/attributes/disk_attributes.py
./.venv/Lib/site-packages/opentelemetry/semconv/_incubating/attributes/dns_attributes.py
./.venv/Lib/site-packages/opentelemetry/semconv/_incubating/attributes/elasticsearch_attributes.py
./.venv/Lib/site-packages/opentelemetry/semconv/_incubating/attributes/enduser_attributes.py
./.venv/Lib/site-packages/opentelemetry/semconv/_incubating/attributes/error_attributes.py
./.venv/Lib/site-packages/opentelemetry/semconv/_incubating/attributes/event_attributes.py
./.venv/Lib/site-packages/opentelemetry/semconv/_incubating/attributes/exception_attributes.py
./.venv/Lib/site-packages/opentelemetry/semconv/_incubating/attributes/faas_attributes.py
./.venv/Lib/site-packages/opentelemetry/semconv/_incubating/attributes/feature_flag_attributes.py
./.venv/Lib/site-packages/opentelemetry/semconv/_incubating/attributes/file_attributes.py
./.venv/Lib/site-packages/opentelemetry/semconv/_incubating/attributes/gcp_attributes.py
./.venv/Lib/site-packages/opentelemetry/semconv/_incubating/attributes/gen_ai_attributes.py
./.venv/Lib/site-packages/opentelemetry/semconv/_incubating/attributes/geo_attributes.py
./.venv/Lib/site-packages/opentelemetry/semconv/_incubating/attributes/graphql_attributes.py
./.venv/Lib/site-packages/opentelemetry/semconv/_incubating/attributes/heroku_attributes.py
./.venv/Lib/site-packages/opentelemetry/semconv/_incubating/attributes/host_attributes.py
./.venv/Lib/site-packages/opentelemetry/semconv/_incubating/attributes/http_attributes.py
./.venv/Lib/site-packages/opentelemetry/semconv/_incubating/attributes/hw_attributes.py
./.venv/Lib/site-packages/opentelemetry/semconv/_incubating/attributes/jsonrpc_attributes.py
./.venv/Lib/site-packages/opentelemetry/semconv/_incubating/attributes/k8s_attributes.py
./.venv/Lib/site-packages/opentelemetry/semconv/_incubating/attributes/linux_attributes.py
./.venv/Lib/site-packages/opentelemetry/semconv/_incubating/attributes/log_attributes.py
./.venv/Lib/site-packages/opentelemetry/semconv/_incubating/attributes/mainframe_attributes.py
./.venv/Lib/site-packages/opentelemetry/semconv/_incubating/attributes/mcp_attributes.py
./.venv/Lib/site-packages/opentelemetry/semconv/_incubating/attributes/message_attributes.py
./.venv/Lib/site-packages/opentelemetry/semconv/_incubating/attributes/messaging_attributes.py
./.venv/Lib/site-packages/opentelemetry/semconv/_incubating/attributes/net_attributes.py
./.venv/Lib/site-packages/opentelemetry/semconv/_incubating/attributes/network_attributes.py
./.venv/Lib/site-packages/opentelemetry/semconv/_incubating/attributes/nfs_attributes.py
./.venv/Lib/site-packages/opentelemetry/semconv/_incubating/attributes/oci_attributes.py
./.venv/Lib/site-packages/opentelemetry/semconv/_incubating/attributes/onc_rpc_attributes.py
./.venv/Lib/site-packages/opentelemetry/semconv/_incubating/attributes/openai_attributes.py
./.venv/Lib/site-packages/opentelemetry/semconv/_incubating/attributes/openshift_attributes.py
./.venv/Lib/site-packages/opentelemetry/semconv/_incubating/attributes/opentracing_attributes.py
./.venv/Lib/site-packages/opentelemetry/semconv/_incubating/attributes/oracle_attributes.py
./.venv/Lib/site-packages/opentelemetry/semconv/_incubating/attributes/oracle_cloud_attributes.py
./.venv/Lib/site-packages/opentelemetry/semconv/_incubating/attributes/os_attributes.py
./.venv/Lib/site-packages/opentelemetry/semconv/_incubating/attributes/otel_attributes.py
./.venv/Lib/site-packages/opentelemetry/semconv/_incubating/attributes/other_attributes.py
./.venv/Lib/site-packages/opentelemetry/semconv/_incubating/attributes/peer_attributes.py
./.venv/Lib/site-packages/opentelemetry/semconv/_incubating/attributes/pool_attributes.py
./.venv/Lib/site-packages/opentelemetry/semconv/_incubating/attributes/pprof_attributes.py
./.venv/Lib/site-packages/opentelemetry/semconv/_incubating/attributes/process_attributes.py
./.venv/Lib/site-packages/opentelemetry/semconv/_incubating/attributes/profile_attributes.py
./.venv/Lib/site-packages/opentelemetry/semconv/_incubating/attributes/rpc_attributes.py
./.venv/Lib/site-packages/opentelemetry/semconv/_incubating/attributes/security_rule_attributes.py
./.venv/Lib/site-packages/opentelemetry/semconv/_incubating/attributes/server_attributes.py
./.venv/Lib/site-packages/opentelemetry/semconv/_incubating/attributes/service_attributes.py
./.venv/Lib/site-packages/opentelemetry/semconv/_incubating/attributes/session_attributes.py
./.venv/Lib/site-packages/opentelemetry/semconv/_incubating/attributes/source_attributes.py
./.venv/Lib/site-packages/opentelemetry/semconv/_incubating/attributes/system_attributes.py
./.venv/Lib/site-packages/opentelemetry/semconv/_incubating/attributes/telemetry_attributes.py
./.venv/Lib/site-packages/opentelemetry/semconv/_incubating/attributes/test_attributes.py
./.venv/Lib/site-packages/opentelemetry/semconv/_incubating/attributes/thread_attributes.py
./.venv/Lib/site-packages/opentelemetry/semconv/_incubating/attributes/tls_attributes.py
./.venv/Lib/site-packages/opentelemetry/semconv/_incubating/attributes/url_attributes.py
./.venv/Lib/site-packages/opentelemetry/semconv/_incubating/attributes/user_agent_attributes.py
./.venv/Lib/site-packages/opentelemetry/semconv/_incubating/attributes/user_attributes.py
./.venv/Lib/site-packages/opentelemetry/semconv/_incubating/attributes/vcs_attributes.py
./.venv/Lib/site-packages/opentelemetry/semconv/_incubating/attributes/webengine_attributes.py
./.venv/Lib/site-packages/opentelemetry/semconv/_incubating/attributes/zos_attributes.py
./.venv/Lib/site-packages/opentelemetry/semconv/_incubating/metrics/azure_metrics.py
./.venv/Lib/site-packages/opentelemetry/semconv/_incubating/metrics/cicd_metrics.py
./.venv/Lib/site-packages/opentelemetry/semconv/_incubating/metrics/container_metrics.py
./.venv/Lib/site-packages/opentelemetry/semconv/_incubating/metrics/cpu_metrics.py
./.venv/Lib/site-packages/opentelemetry/semconv/_incubating/metrics/cpython_metrics.py
./.venv/Lib/site-packages/opentelemetry/semconv/_incubating/metrics/db_metrics.py
./.venv/Lib/site-packages/opentelemetry/semconv/_incubating/metrics/dns_metrics.py
./.venv/Lib/site-packages/opentelemetry/semconv/_incubating/metrics/faas_metrics.py
./.venv/Lib/site-packages/opentelemetry/semconv/_incubating/metrics/gen_ai_metrics.py
./.venv/Lib/site-packages/opentelemetry/semconv/_incubating/metrics/http_metrics.py
./.venv/Lib/site-packages/opentelemetry/semconv/_incubating/metrics/hw_metrics.py
./.venv/Lib/site-packages/opentelemetry/semconv/_incubating/metrics/k8s_metrics.py
./.venv/Lib/site-packages/opentelemetry/semconv/_incubating/metrics/mcp_metrics.py
./.venv/Lib/site-packages/opentelemetry/semconv/_incubating/metrics/messaging_metrics.py
./.venv/Lib/site-packages/opentelemetry/semconv/_incubating/metrics/nfs_metrics.py
./.venv/Lib/site-packages/opentelemetry/semconv/_incubating/metrics/openshift_metrics.py
./.venv/Lib/site-packages/opentelemetry/semconv/_incubating/metrics/otel_metrics.py
./.venv/Lib/site-packages/opentelemetry/semconv/_incubating/metrics/process_metrics.py
./.venv/Lib/site-packages/opentelemetry/semconv/_incubating/metrics/rpc_metrics.py
./.venv/Lib/site-packages/opentelemetry/semconv/_incubating/metrics/system_metrics.py
./.venv/Lib/site-packages/opentelemetry/semconv/_incubating/metrics/vcs_metrics.py
./.venv/Lib/site-packages/opentelemetry/semconv/attributes/__init__.py
./.venv/Lib/site-packages/opentelemetry/semconv/attributes/client_attributes.py
./.venv/Lib/site-packages/opentelemetry/semconv/attributes/code_attributes.py
./.venv/Lib/site-packages/opentelemetry/semconv/attributes/db_attributes.py
./.venv/Lib/site-packages/opentelemetry/semconv/attributes/error_attributes.py
./.venv/Lib/site-packages/opentelemetry/semconv/attributes/exception_attributes.py
./.venv/Lib/site-packages/opentelemetry/semconv/attributes/http_attributes.py
./.venv/Lib/site-packages/opentelemetry/semconv/attributes/network_attributes.py
./.venv/Lib/site-packages/opentelemetry/semconv/attributes/otel_attributes.py
./.venv/Lib/site-packages/opentelemetry/semconv/attributes/server_attributes.py
./.venv/Lib/site-packages/opentelemetry/semconv/attributes/service_attributes.py
./.venv/Lib/site-packages/opentelemetry/semconv/attributes/telemetry_attributes.py
./.venv/Lib/site-packages/opentelemetry/semconv/attributes/url_attributes.py
./.venv/Lib/site-packages/opentelemetry/semconv/attributes/user_agent_attributes.py
./.venv/Lib/site-packages/opentelemetry/semconv/metrics/__init__.py
./.venv/Lib/site-packages/opentelemetry/semconv/metrics/db_metrics.py
./.venv/Lib/site-packages/opentelemetry/semconv/metrics/http_metrics.py
./.venv/Lib/site-packages/opentelemetry/semconv/resource/__init__.py
./.venv/Lib/site-packages/opentelemetry/semconv/schemas.py
./.venv/Lib/site-packages/opentelemetry/semconv/trace/__init__.py
./.venv/Lib/site-packages/opentelemetry/semconv/version/__init__.py
./.venv/Lib/site-packages/opentelemetry/trace/__init__.py
./.venv/Lib/site-packages/opentelemetry/trace/propagation/__init__.py
./.venv/Lib/site-packages/opentelemetry/trace/propagation/tracecontext.py
./.venv/Lib/site-packages/opentelemetry/trace/span.py
./.venv/Lib/site-packages/opentelemetry/trace/status.py
./.venv/Lib/site-packages/opentelemetry/util/_decorator.py
./.venv/Lib/site-packages/opentelemetry/util/_importlib_metadata.py
./.venv/Lib/site-packages/opentelemetry/util/_once.py
./.venv/Lib/site-packages/opentelemetry/util/_providers.py
./.venv/Lib/site-packages/opentelemetry/util/re.py
./.venv/Lib/site-packages/opentelemetry/util/types.py
./.venv/Lib/site-packages/opentelemetry/version/__init__.py
./.venv/Lib/site-packages/packaging/__init__.py
./.venv/Lib/site-packages/packaging/_elffile.py
./.venv/Lib/site-packages/packaging/_manylinux.py
./.venv/Lib/site-packages/packaging/_musllinux.py
./.venv/Lib/site-packages/packaging/_parser.py
./.venv/Lib/site-packages/packaging/_structures.py
./.venv/Lib/site-packages/packaging/_tokenizer.py
./.venv/Lib/site-packages/packaging/dependency_groups.py
./.venv/Lib/site-packages/packaging/direct_url.py
./.venv/Lib/site-packages/packaging/errors.py
./.venv/Lib/site-packages/packaging/licenses/__init__.py
./.venv/Lib/site-packages/packaging/licenses/_spdx.py
./.venv/Lib/site-packages/packaging/markers.py
./.venv/Lib/site-packages/packaging/metadata.py
./.venv/Lib/site-packages/packaging/pylock.py
./.venv/Lib/site-packages/packaging/requirements.py
./.venv/Lib/site-packages/packaging/specifiers.py
./.venv/Lib/site-packages/packaging/tags.py
./.venv/Lib/site-packages/packaging/utils.py
./.venv/Lib/site-packages/packaging/version.py
./.venv/Lib/site-packages/pathspec/__init__.py
./.venv/Lib/site-packages/pathspec/_backends/__init__.py
./.venv/Lib/site-packages/pathspec/_backends/_utils.py
./.venv/Lib/site-packages/pathspec/_backends/agg.py
./.venv/Lib/site-packages/pathspec/_backends/hyperscan/__init__.py
./.venv/Lib/site-packages/pathspec/_backends/hyperscan/_base.py
./.venv/Lib/site-packages/pathspec/_backends/hyperscan/base.py
./.venv/Lib/site-packages/pathspec/_backends/hyperscan/gitignore.py
./.venv/Lib/site-packages/pathspec/_backends/hyperscan/pathspec.py
./.venv/Lib/site-packages/pathspec/_backends/re2/__init__.py
./.venv/Lib/site-packages/pathspec/_backends/re2/_base.py
./.venv/Lib/site-packages/pathspec/_backends/re2/base.py
./.venv/Lib/site-packages/pathspec/_backends/re2/gitignore.py
./.venv/Lib/site-packages/pathspec/_backends/re2/pathspec.py
./.venv/Lib/site-packages/pathspec/_backends/simple/__init__.py
./.venv/Lib/site-packages/pathspec/_backends/simple/gitignore.py
./.venv/Lib/site-packages/pathspec/_backends/simple/pathspec.py
./.venv/Lib/site-packages/pathspec/_meta.py
./.venv/Lib/site-packages/pathspec/_typing.py
./.venv/Lib/site-packages/pathspec/_version.py
./.venv/Lib/site-packages/pathspec/backend.py
./.venv/Lib/site-packages/pathspec/gitignore.py
./.venv/Lib/site-packages/pathspec/pathspec.py
./.venv/Lib/site-packages/pathspec/pattern.py
./.venv/Lib/site-packages/pathspec/patterns/__init__.py
./.venv/Lib/site-packages/pathspec/patterns/gitignore/__init__.py
./.venv/Lib/site-packages/pathspec/patterns/gitignore/base.py
./.venv/Lib/site-packages/pathspec/patterns/gitignore/basic.py
./.venv/Lib/site-packages/pathspec/patterns/gitignore/spec.py
./.venv/Lib/site-packages/pathspec/patterns/gitwildmatch.py
./.venv/Lib/site-packages/pathspec/util.py
./.venv/Lib/site-packages/pip/__init__.py
./.venv/Lib/site-packages/pip/__main__.py
./.venv/Lib/site-packages/pip/__pip-runner__.py
./.venv/Lib/site-packages/pip/_internal/__init__.py
./.venv/Lib/site-packages/pip/_internal/build_env.py
./.venv/Lib/site-packages/pip/_internal/cache.py
./.venv/Lib/site-packages/pip/_internal/cli/__init__.py
./.venv/Lib/site-packages/pip/_internal/cli/autocompletion.py
./.venv/Lib/site-packages/pip/_internal/cli/base_command.py
./.venv/Lib/site-packages/pip/_internal/cli/cmdoptions.py
./.venv/Lib/site-packages/pip/_internal/cli/command_context.py
./.venv/Lib/site-packages/pip/_internal/cli/index_command.py
./.venv/Lib/site-packages/pip/_internal/cli/main.py
./.venv/Lib/site-packages/pip/_internal/cli/main_parser.py
./.venv/Lib/site-packages/pip/_internal/cli/parser.py
./.venv/Lib/site-packages/pip/_internal/cli/progress_bars.py
./.venv/Lib/site-packages/pip/_internal/cli/req_command.py
./.venv/Lib/site-packages/pip/_internal/cli/spinners.py
./.venv/Lib/site-packages/pip/_internal/cli/status_codes.py
./.venv/Lib/site-packages/pip/_internal/commands/__init__.py
./.venv/Lib/site-packages/pip/_internal/commands/cache.py
./.venv/Lib/site-packages/pip/_internal/commands/check.py
./.venv/Lib/site-packages/pip/_internal/commands/completion.py
./.venv/Lib/site-packages/pip/_internal/commands/configuration.py
./.venv/Lib/site-packages/pip/_internal/commands/debug.py
./.venv/Lib/site-packages/pip/_internal/commands/download.py
./.venv/Lib/site-packages/pip/_internal/commands/freeze.py
./.venv/Lib/site-packages/pip/_internal/commands/hash.py
./.venv/Lib/site-packages/pip/_internal/commands/help.py
./.venv/Lib/site-packages/pip/_internal/commands/index.py
./.venv/Lib/site-packages/pip/_internal/commands/inspect.py
./.venv/Lib/site-packages/pip/_internal/commands/install.py
./.venv/Lib/site-packages/pip/_internal/commands/list.py
./.venv/Lib/site-packages/pip/_internal/commands/lock.py
./.venv/Lib/site-packages/pip/_internal/commands/search.py
./.venv/Lib/site-packages/pip/_internal/commands/show.py
./.venv/Lib/site-packages/pip/_internal/commands/uninstall.py
./.venv/Lib/site-packages/pip/_internal/commands/wheel.py
./.venv/Lib/site-packages/pip/_internal/configuration.py
./.venv/Lib/site-packages/pip/_internal/distributions/__init__.py
./.venv/Lib/site-packages/pip/_internal/distributions/base.py
./.venv/Lib/site-packages/pip/_internal/distributions/installed.py
./.venv/Lib/site-packages/pip/_internal/distributions/sdist.py
./.venv/Lib/site-packages/pip/_internal/distributions/wheel.py
./.venv/Lib/site-packages/pip/_internal/exceptions.py
./.venv/Lib/site-packages/pip/_internal/index/__init__.py
./.venv/Lib/site-packages/pip/_internal/index/collector.py
./.venv/Lib/site-packages/pip/_internal/index/package_finder.py
./.venv/Lib/site-packages/pip/_internal/index/sources.py
./.venv/Lib/site-packages/pip/_internal/locations/__init__.py
./.venv/Lib/site-packages/pip/_internal/locations/_distutils.py
./.venv/Lib/site-packages/pip/_internal/locations/_sysconfig.py
./.venv/Lib/site-packages/pip/_internal/locations/base.py
./.venv/Lib/site-packages/pip/_internal/main.py
./.venv/Lib/site-packages/pip/_internal/metadata/__init__.py
./.venv/Lib/site-packages/pip/_internal/metadata/_json.py
./.venv/Lib/site-packages/pip/_internal/metadata/base.py
./.venv/Lib/site-packages/pip/_internal/metadata/importlib/__init__.py
./.venv/Lib/site-packages/pip/_internal/metadata/importlib/_compat.py
./.venv/Lib/site-packages/pip/_internal/metadata/importlib/_dists.py
./.venv/Lib/site-packages/pip/_internal/metadata/importlib/_envs.py
./.venv/Lib/site-packages/pip/_internal/metadata/pkg_resources.py
./.venv/Lib/site-packages/pip/_internal/models/__init__.py
./.venv/Lib/site-packages/pip/_internal/models/candidate.py
./.venv/Lib/site-packages/pip/_internal/models/direct_url.py
./.venv/Lib/site-packages/pip/_internal/models/format_control.py
./.venv/Lib/site-packages/pip/_internal/models/index.py
./.venv/Lib/site-packages/pip/_internal/models/installation_report.py
./.venv/Lib/site-packages/pip/_internal/models/link.py
./.venv/Lib/site-packages/pip/_internal/models/release_control.py
./.venv/Lib/site-packages/pip/_internal/models/scheme.py
./.venv/Lib/site-packages/pip/_internal/models/search_scope.py
./.venv/Lib/site-packages/pip/_internal/models/selection_prefs.py
./.venv/Lib/site-packages/pip/_internal/models/target_python.py
./.venv/Lib/site-packages/pip/_internal/models/wheel.py
./.venv/Lib/site-packages/pip/_internal/network/__init__.py
./.venv/Lib/site-packages/pip/_internal/network/auth.py
./.venv/Lib/site-packages/pip/_internal/network/cache.py
./.venv/Lib/site-packages/pip/_internal/network/download.py
./.venv/Lib/site-packages/pip/_internal/network/lazy_wheel.py
./.venv/Lib/site-packages/pip/_internal/network/session.py
./.venv/Lib/site-packages/pip/_internal/network/utils.py
./.venv/Lib/site-packages/pip/_internal/network/xmlrpc.py
./.venv/Lib/site-packages/pip/_internal/operations/__init__.py
./.venv/Lib/site-packages/pip/_internal/operations/build/__init__.py
./.venv/Lib/site-packages/pip/_internal/operations/build/build_tracker.py
./.venv/Lib/site-packages/pip/_internal/operations/build/metadata.py
./.venv/Lib/site-packages/pip/_internal/operations/build/metadata_editable.py
./.venv/Lib/site-packages/pip/_internal/operations/build/wheel.py
./.venv/Lib/site-packages/pip/_internal/operations/build/wheel_editable.py
./.venv/Lib/site-packages/pip/_internal/operations/check.py
./.venv/Lib/site-packages/pip/_internal/operations/freeze.py
./.venv/Lib/site-packages/pip/_internal/operations/install/__init__.py
./.venv/Lib/site-packages/pip/_internal/operations/install/wheel.py
./.venv/Lib/site-packages/pip/_internal/operations/prepare.py
./.venv/Lib/site-packages/pip/_internal/pyproject.py
./.venv/Lib/site-packages/pip/_internal/req/__init__.py
./.venv/Lib/site-packages/pip/_internal/req/constructors.py
./.venv/Lib/site-packages/pip/_internal/req/pep723.py
./.venv/Lib/site-packages/pip/_internal/req/req_dependency_group.py
./.venv/Lib/site-packages/pip/_internal/req/req_file.py
./.venv/Lib/site-packages/pip/_internal/req/req_install.py
./.venv/Lib/site-packages/pip/_internal/req/req_set.py
./.venv/Lib/site-packages/pip/_internal/req/req_uninstall.py
./.venv/Lib/site-packages/pip/_internal/resolution/__init__.py
./.venv/Lib/site-packages/pip/_internal/resolution/base.py
./.venv/Lib/site-packages/pip/_internal/resolution/legacy/__init__.py
./.venv/Lib/site-packages/pip/_internal/resolution/legacy/resolver.py
./.venv/Lib/site-packages/pip/_internal/resolution/resolvelib/__init__.py
./.venv/Lib/site-packages/pip/_internal/resolution/resolvelib/base.py
./.venv/Lib/site-packages/pip/_internal/resolution/resolvelib/candidates.py
./.venv/Lib/site-packages/pip/_internal/resolution/resolvelib/factory.py
./.venv/Lib/site-packages/pip/_internal/resolution/resolvelib/found_candidates.py
./.venv/Lib/site-packages/pip/_internal/resolution/resolvelib/provider.py
./.venv/Lib/site-packages/pip/_internal/resolution/resolvelib/reporter.py
./.venv/Lib/site-packages/pip/_internal/resolution/resolvelib/requirements.py
./.venv/Lib/site-packages/pip/_internal/resolution/resolvelib/resolver.py
./.venv/Lib/site-packages/pip/_internal/self_outdated_check.py
./.venv/Lib/site-packages/pip/_internal/utils/__init__.py
./.venv/Lib/site-packages/pip/_internal/utils/_jaraco_text.py
./.venv/Lib/site-packages/pip/_internal/utils/_log.py
./.venv/Lib/site-packages/pip/_internal/utils/appdirs.py
./.venv/Lib/site-packages/pip/_internal/utils/compat.py
./.venv/Lib/site-packages/pip/_internal/utils/compatibility_tags.py
./.venv/Lib/site-packages/pip/_internal/utils/datetime.py
./.venv/Lib/site-packages/pip/_internal/utils/deprecation.py
./.venv/Lib/site-packages/pip/_internal/utils/direct_url_helpers.py
./.venv/Lib/site-packages/pip/_internal/utils/egg_link.py
./.venv/Lib/site-packages/pip/_internal/utils/entrypoints.py
./.venv/Lib/site-packages/pip/_internal/utils/filesystem.py
./.venv/Lib/site-packages/pip/_internal/utils/filetypes.py
./.venv/Lib/site-packages/pip/_internal/utils/glibc.py
./.venv/Lib/site-packages/pip/_internal/utils/hashes.py
./.venv/Lib/site-packages/pip/_internal/utils/logging.py
./.venv/Lib/site-packages/pip/_internal/utils/misc.py
./.venv/Lib/site-packages/pip/_internal/utils/packaging.py
./.venv/Lib/site-packages/pip/_internal/utils/pylock.py
./.venv/Lib/site-packages/pip/_internal/utils/retry.py
./.venv/Lib/site-packages/pip/_internal/utils/subprocess.py
./.venv/Lib/site-packages/pip/_internal/utils/temp_dir.py
./.venv/Lib/site-packages/pip/_internal/utils/unpacking.py
./.venv/Lib/site-packages/pip/_internal/utils/urls.py
./.venv/Lib/site-packages/pip/_internal/utils/virtualenv.py
./.venv/Lib/site-packages/pip/_internal/utils/wheel.py
./.venv/Lib/site-packages/pip/_internal/vcs/__init__.py
./.venv/Lib/site-packages/pip/_internal/vcs/bazaar.py
./.venv/Lib/site-packages/pip/_internal/vcs/git.py
./.venv/Lib/site-packages/pip/_internal/vcs/mercurial.py
./.venv/Lib/site-packages/pip/_internal/vcs/subversion.py
./.venv/Lib/site-packages/pip/_internal/vcs/versioncontrol.py
./.venv/Lib/site-packages/pip/_internal/wheel_builder.py
./.venv/Lib/site-packages/pip/_vendor/__init__.py
./.venv/Lib/site-packages/pip/_vendor/cachecontrol/__init__.py
./.venv/Lib/site-packages/pip/_vendor/cachecontrol/_cmd.py
./.venv/Lib/site-packages/pip/_vendor/cachecontrol/adapter.py
./.venv/Lib/site-packages/pip/_vendor/cachecontrol/cache.py
./.venv/Lib/site-packages/pip/_vendor/cachecontrol/caches/__init__.py
./.venv/Lib/site-packages/pip/_vendor/cachecontrol/caches/file_cache.py
./.venv/Lib/site-packages/pip/_vendor/cachecontrol/caches/redis_cache.py
./.venv/Lib/site-packages/pip/_vendor/cachecontrol/controller.py
./.venv/Lib/site-packages/pip/_vendor/cachecontrol/filewrapper.py
./.venv/Lib/site-packages/pip/_vendor/cachecontrol/heuristics.py
./.venv/Lib/site-packages/pip/_vendor/cachecontrol/serialize.py
./.venv/Lib/site-packages/pip/_vendor/cachecontrol/wrapper.py
./.venv/Lib/site-packages/pip/_vendor/certifi/__init__.py
./.venv/Lib/site-packages/pip/_vendor/certifi/__main__.py
./.venv/Lib/site-packages/pip/_vendor/certifi/core.py
./.venv/Lib/site-packages/pip/_vendor/distlib/__init__.py
./.venv/Lib/site-packages/pip/_vendor/distlib/compat.py
./.venv/Lib/site-packages/pip/_vendor/distlib/resources.py
./.venv/Lib/site-packages/pip/_vendor/distlib/scripts.py
./.venv/Lib/site-packages/pip/_vendor/distlib/util.py
./.venv/Lib/site-packages/pip/_vendor/distro/__init__.py
./.venv/Lib/site-packages/pip/_vendor/distro/__main__.py
./.venv/Lib/site-packages/pip/_vendor/distro/distro.py
./.venv/Lib/site-packages/pip/_vendor/idna/__init__.py
./.venv/Lib/site-packages/pip/_vendor/idna/codec.py
./.venv/Lib/site-packages/pip/_vendor/idna/compat.py
./.venv/Lib/site-packages/pip/_vendor/idna/core.py
./.venv/Lib/site-packages/pip/_vendor/idna/idnadata.py
./.venv/Lib/site-packages/pip/_vendor/idna/intranges.py
./.venv/Lib/site-packages/pip/_vendor/idna/package_data.py
./.venv/Lib/site-packages/pip/_vendor/idna/uts46data.py
./.venv/Lib/site-packages/pip/_vendor/msgpack/__init__.py
./.venv/Lib/site-packages/pip/_vendor/msgpack/exceptions.py
./.venv/Lib/site-packages/pip/_vendor/msgpack/ext.py
./.venv/Lib/site-packages/pip/_vendor/msgpack/fallback.py
./.venv/Lib/site-packages/pip/_vendor/packaging/__init__.py
./.venv/Lib/site-packages/pip/_vendor/packaging/_elffile.py
./.venv/Lib/site-packages/pip/_vendor/packaging/_manylinux.py
./.venv/Lib/site-packages/pip/_vendor/packaging/_musllinux.py
./.venv/Lib/site-packages/pip/_vendor/packaging/_parser.py
./.venv/Lib/site-packages/pip/_vendor/packaging/_structures.py
./.venv/Lib/site-packages/pip/_vendor/packaging/_tokenizer.py
./.venv/Lib/site-packages/pip/_vendor/packaging/dependency_groups.py
./.venv/Lib/site-packages/pip/_vendor/packaging/direct_url.py
./.venv/Lib/site-packages/pip/_vendor/packaging/errors.py
./.venv/Lib/site-packages/pip/_vendor/packaging/licenses/__init__.py
./.venv/Lib/site-packages/pip/_vendor/packaging/licenses/_spdx.py
./.venv/Lib/site-packages/pip/_vendor/packaging/markers.py
./.venv/Lib/site-packages/pip/_vendor/packaging/metadata.py
./.venv/Lib/site-packages/pip/_vendor/packaging/pylock.py
./.venv/Lib/site-packages/pip/_vendor/packaging/requirements.py
./.venv/Lib/site-packages/pip/_vendor/packaging/specifiers.py
./.venv/Lib/site-packages/pip/_vendor/packaging/tags.py
./.venv/Lib/site-packages/pip/_vendor/packaging/utils.py
./.venv/Lib/site-packages/pip/_vendor/packaging/version.py
./.venv/Lib/site-packages/pip/_vendor/pkg_resources/__init__.py
./.venv/Lib/site-packages/pip/_vendor/platformdirs/__init__.py
./.venv/Lib/site-packages/pip/_vendor/platformdirs/__main__.py
./.venv/Lib/site-packages/pip/_vendor/platformdirs/android.py
./.venv/Lib/site-packages/pip/_vendor/platformdirs/api.py
./.venv/Lib/site-packages/pip/_vendor/platformdirs/macos.py
./.venv/Lib/site-packages/pip/_vendor/platformdirs/unix.py
./.venv/Lib/site-packages/pip/_vendor/platformdirs/version.py
./.venv/Lib/site-packages/pip/_vendor/platformdirs/windows.py
./.venv/Lib/site-packages/pip/_vendor/pygments/__init__.py
./.venv/Lib/site-packages/pip/_vendor/pygments/__main__.py
./.venv/Lib/site-packages/pip/_vendor/pygments/console.py
./.venv/Lib/site-packages/pip/_vendor/pygments/filter.py
./.venv/Lib/site-packages/pip/_vendor/pygments/filters/__init__.py
./.venv/Lib/site-packages/pip/_vendor/pygments/formatter.py
./.venv/Lib/site-packages/pip/_vendor/pygments/formatters/__init__.py
./.venv/Lib/site-packages/pip/_vendor/pygments/formatters/_mapping.py
./.venv/Lib/site-packages/pip/_vendor/pygments/lexer.py
./.venv/Lib/site-packages/pip/_vendor/pygments/lexers/__init__.py
./.venv/Lib/site-packages/pip/_vendor/pygments/lexers/_mapping.py
./.venv/Lib/site-packages/pip/_vendor/pygments/lexers/python.py
./.venv/Lib/site-packages/pip/_vendor/pygments/modeline.py
./.venv/Lib/site-packages/pip/_vendor/pygments/plugin.py
./.venv/Lib/site-packages/pip/_vendor/pygments/regexopt.py
./.venv/Lib/site-packages/pip/_vendor/pygments/scanner.py
./.venv/Lib/site-packages/pip/_vendor/pygments/sphinxext.py
./.venv/Lib/site-packages/pip/_vendor/pygments/style.py
./.venv/Lib/site-packages/pip/_vendor/pygments/styles/__init__.py
./.venv/Lib/site-packages/pip/_vendor/pygments/styles/_mapping.py
./.venv/Lib/site-packages/pip/_vendor/pygments/token.py
./.venv/Lib/site-packages/pip/_vendor/pygments/unistring.py
./.venv/Lib/site-packages/pip/_vendor/pygments/util.py
./.venv/Lib/site-packages/pip/_vendor/pyproject_hooks/__init__.py
./.venv/Lib/site-packages/pip/_vendor/pyproject_hooks/_impl.py
./.venv/Lib/site-packages/pip/_vendor/pyproject_hooks/_in_process/__init__.py
./.venv/Lib/site-packages/pip/_vendor/pyproject_hooks/_in_process/_in_process.py
./.venv/Lib/site-packages/pip/_vendor/requests/__init__.py
./.venv/Lib/site-packages/pip/_vendor/requests/__version__.py
./.venv/Lib/site-packages/pip/_vendor/requests/_internal_utils.py
./.venv/Lib/site-packages/pip/_vendor/requests/adapters.py
./.venv/Lib/site-packages/pip/_vendor/requests/api.py
./.venv/Lib/site-packages/pip/_vendor/requests/auth.py
./.venv/Lib/site-packages/pip/_vendor/requests/certs.py
./.venv/Lib/site-packages/pip/_vendor/requests/compat.py
./.venv/Lib/site-packages/pip/_vendor/requests/cookies.py
./.venv/Lib/site-packages/pip/_vendor/requests/exceptions.py
./.venv/Lib/site-packages/pip/_vendor/requests/help.py
./.venv/Lib/site-packages/pip/_vendor/requests/hooks.py
./.venv/Lib/site-packages/pip/_vendor/requests/models.py
./.venv/Lib/site-packages/pip/_vendor/requests/packages.py
./.venv/Lib/site-packages/pip/_vendor/requests/sessions.py
./.venv/Lib/site-packages/pip/_vendor/requests/status_codes.py
./.venv/Lib/site-packages/pip/_vendor/requests/structures.py
./.venv/Lib/site-packages/pip/_vendor/requests/utils.py
./.venv/Lib/site-packages/pip/_vendor/resolvelib/__init__.py
./.venv/Lib/site-packages/pip/_vendor/resolvelib/providers.py
./.venv/Lib/site-packages/pip/_vendor/resolvelib/reporters.py
./.venv/Lib/site-packages/pip/_vendor/resolvelib/resolvers/__init__.py
./.venv/Lib/site-packages/pip/_vendor/resolvelib/resolvers/abstract.py
./.venv/Lib/site-packages/pip/_vendor/resolvelib/resolvers/criterion.py
./.venv/Lib/site-packages/pip/_vendor/resolvelib/resolvers/exceptions.py
./.venv/Lib/site-packages/pip/_vendor/resolvelib/resolvers/resolution.py
./.venv/Lib/site-packages/pip/_vendor/resolvelib/structs.py
./.venv/Lib/site-packages/pip/_vendor/rich/__init__.py
./.venv/Lib/site-packages/pip/_vendor/rich/__main__.py
./.venv/Lib/site-packages/pip/_vendor/rich/_cell_widths.py
./.venv/Lib/site-packages/pip/_vendor/rich/_emoji_codes.py
./.venv/Lib/site-packages/pip/_vendor/rich/_emoji_replace.py
./.venv/Lib/site-packages/pip/_vendor/rich/_export_format.py
./.venv/Lib/site-packages/pip/_vendor/rich/_extension.py
./.venv/Lib/site-packages/pip/_vendor/rich/_fileno.py
./.venv/Lib/site-packages/pip/_vendor/rich/_inspect.py
./.venv/Lib/site-packages/pip/_vendor/rich/_log_render.py
./.venv/Lib/site-packages/pip/_vendor/rich/_loop.py
./.venv/Lib/site-packages/pip/_vendor/rich/_null_file.py
./.venv/Lib/site-packages/pip/_vendor/rich/_palettes.py
./.venv/Lib/site-packages/pip/_vendor/rich/_pick.py
./.venv/Lib/site-packages/pip/_vendor/rich/_ratio.py
./.venv/Lib/site-packages/pip/_vendor/rich/_spinners.py
./.venv/Lib/site-packages/pip/_vendor/rich/_stack.py
./.venv/Lib/site-packages/pip/_vendor/rich/_timer.py
./.venv/Lib/site-packages/pip/_vendor/rich/_win32_console.py
./.venv/Lib/site-packages/pip/_vendor/rich/_windows.py
./.venv/Lib/site-packages/pip/_vendor/rich/_windows_renderer.py
./.venv/Lib/site-packages/pip/_vendor/rich/_wrap.py
./.venv/Lib/site-packages/pip/_vendor/rich/abc.py
./.venv/Lib/site-packages/pip/_vendor/rich/align.py
./.venv/Lib/site-packages/pip/_vendor/rich/ansi.py
./.venv/Lib/site-packages/pip/_vendor/rich/bar.py
./.venv/Lib/site-packages/pip/_vendor/rich/box.py
./.venv/Lib/site-packages/pip/_vendor/rich/cells.py
./.venv/Lib/site-packages/pip/_vendor/rich/color.py
./.venv/Lib/site-packages/pip/_vendor/rich/color_triplet.py
./.venv/Lib/site-packages/pip/_vendor/rich/columns.py
./.venv/Lib/site-packages/pip/_vendor/rich/console.py
./.venv/Lib/site-packages/pip/_vendor/rich/constrain.py
./.venv/Lib/site-packages/pip/_vendor/rich/containers.py
./.venv/Lib/site-packages/pip/_vendor/rich/control.py
./.venv/Lib/site-packages/pip/_vendor/rich/default_styles.py
./.venv/Lib/site-packages/pip/_vendor/rich/diagnose.py
./.venv/Lib/site-packages/pip/_vendor/rich/emoji.py
./.venv/Lib/site-packages/pip/_vendor/rich/errors.py
./.venv/Lib/site-packages/pip/_vendor/rich/file_proxy.py
./.venv/Lib/site-packages/pip/_vendor/rich/filesize.py
./.venv/Lib/site-packages/pip/_vendor/rich/highlighter.py
./.venv/Lib/site-packages/pip/_vendor/rich/json.py
./.venv/Lib/site-packages/pip/_vendor/rich/jupyter.py
./.venv/Lib/site-packages/pip/_vendor/rich/layout.py
./.venv/Lib/site-packages/pip/_vendor/rich/live.py
./.venv/Lib/site-packages/pip/_vendor/rich/live_render.py
./.venv/Lib/site-packages/pip/_vendor/rich/logging.py
./.venv/Lib/site-packages/pip/_vendor/rich/markup.py
./.venv/Lib/site-packages/pip/_vendor/rich/measure.py
./.venv/Lib/site-packages/pip/_vendor/rich/padding.py
./.venv/Lib/site-packages/pip/_vendor/rich/pager.py
./.venv/Lib/site-packages/pip/_vendor/rich/palette.py
./.venv/Lib/site-packages/pip/_vendor/rich/panel.py
./.venv/Lib/site-packages/pip/_vendor/rich/pretty.py
./.venv/Lib/site-packages/pip/_vendor/rich/progress.py
./.venv/Lib/site-packages/pip/_vendor/rich/progress_bar.py
./.venv/Lib/site-packages/pip/_vendor/rich/prompt.py
./.venv/Lib/site-packages/pip/_vendor/rich/protocol.py
./.venv/Lib/site-packages/pip/_vendor/rich/region.py
./.venv/Lib/site-packages/pip/_vendor/rich/repr.py
./.venv/Lib/site-packages/pip/_vendor/rich/rule.py
./.venv/Lib/site-packages/pip/_vendor/rich/scope.py
./.venv/Lib/site-packages/pip/_vendor/rich/screen.py
./.venv/Lib/site-packages/pip/_vendor/rich/segment.py
./.venv/Lib/site-packages/pip/_vendor/rich/spinner.py
./.venv/Lib/site-packages/pip/_vendor/rich/status.py
./.venv/Lib/site-packages/pip/_vendor/rich/style.py
./.venv/Lib/site-packages/pip/_vendor/rich/styled.py
./.venv/Lib/site-packages/pip/_vendor/rich/syntax.py
./.venv/Lib/site-packages/pip/_vendor/rich/table.py
./.venv/Lib/site-packages/pip/_vendor/rich/terminal_theme.py
./.venv/Lib/site-packages/pip/_vendor/rich/text.py
./.venv/Lib/site-packages/pip/_vendor/rich/theme.py
./.venv/Lib/site-packages/pip/_vendor/rich/themes.py
./.venv/Lib/site-packages/pip/_vendor/rich/traceback.py
./.venv/Lib/site-packages/pip/_vendor/rich/tree.py
./.venv/Lib/site-packages/pip/_vendor/tomli/__init__.py
./.venv/Lib/site-packages/pip/_vendor/tomli/_parser.py
./.venv/Lib/site-packages/pip/_vendor/tomli/_re.py
./.venv/Lib/site-packages/pip/_vendor/tomli/_types.py
./.venv/Lib/site-packages/pip/_vendor/tomli_w/__init__.py
./.venv/Lib/site-packages/pip/_vendor/tomli_w/_writer.py
./.venv/Lib/site-packages/pip/_vendor/truststore/__init__.py
./.venv/Lib/site-packages/pip/_vendor/truststore/_api.py
./.venv/Lib/site-packages/pip/_vendor/truststore/_macos.py
./.venv/Lib/site-packages/pip/_vendor/truststore/_openssl.py
./.venv/Lib/site-packages/pip/_vendor/truststore/_ssl_constants.py
./.venv/Lib/site-packages/pip/_vendor/truststore/_windows.py
./.venv/Lib/site-packages/pip/_vendor/urllib3/__init__.py
./.venv/Lib/site-packages/pip/_vendor/urllib3/_base_connection.py
./.venv/Lib/site-packages/pip/_vendor/urllib3/_collections.py
./.venv/Lib/site-packages/pip/_vendor/urllib3/_request_methods.py
./.venv/Lib/site-packages/pip/_vendor/urllib3/_version.py
./.venv/Lib/site-packages/pip/_vendor/urllib3/connection.py
./.venv/Lib/site-packages/pip/_vendor/urllib3/connectionpool.py
./.venv/Lib/site-packages/pip/_vendor/urllib3/contrib/__init__.py
./.venv/Lib/site-packages/pip/_vendor/urllib3/contrib/emscripten/__init__.py
./.venv/Lib/site-packages/pip/_vendor/urllib3/contrib/emscripten/connection.py
./.venv/Lib/site-packages/pip/_vendor/urllib3/contrib/emscripten/fetch.py
./.venv/Lib/site-packages/pip/_vendor/urllib3/contrib/emscripten/request.py
./.venv/Lib/site-packages/pip/_vendor/urllib3/contrib/emscripten/response.py
./.venv/Lib/site-packages/pip/_vendor/urllib3/contrib/pyopenssl.py
./.venv/Lib/site-packages/pip/_vendor/urllib3/contrib/socks.py
./.venv/Lib/site-packages/pip/_vendor/urllib3/exceptions.py
./.venv/Lib/site-packages/pip/_vendor/urllib3/fields.py
./.venv/Lib/site-packages/pip/_vendor/urllib3/filepost.py
./.venv/Lib/site-packages/pip/_vendor/urllib3/http2/__init__.py
./.venv/Lib/site-packages/pip/_vendor/urllib3/http2/connection.py
./.venv/Lib/site-packages/pip/_vendor/urllib3/http2/probe.py
./.venv/Lib/site-packages/pip/_vendor/urllib3/poolmanager.py
./.venv/Lib/site-packages/pip/_vendor/urllib3/response.py
./.venv/Lib/site-packages/pip/_vendor/urllib3/util/__init__.py
./.venv/Lib/site-packages/pip/_vendor/urllib3/util/connection.py
./.venv/Lib/site-packages/pip/_vendor/urllib3/util/proxy.py
./.venv/Lib/site-packages/pip/_vendor/urllib3/util/request.py
./.venv/Lib/site-packages/pip/_vendor/urllib3/util/response.py
./.venv/Lib/site-packages/pip/_vendor/urllib3/util/retry.py
./.venv/Lib/site-packages/pip/_vendor/urllib3/util/ssl_.py
./.venv/Lib/site-packages/pip/_vendor/urllib3/util/ssl_match_hostname.py
./.venv/Lib/site-packages/pip/_vendor/urllib3/util/ssltransport.py
./.venv/Lib/site-packages/pip/_vendor/urllib3/util/timeout.py
./.venv/Lib/site-packages/pip/_vendor/urllib3/util/url.py
./.venv/Lib/site-packages/pip/_vendor/urllib3/util/util.py
./.venv/Lib/site-packages/pip/_vendor/urllib3/util/wait.py
./.venv/Lib/site-packages/pluggy/__init__.py
./.venv/Lib/site-packages/pluggy/_callers.py
./.venv/Lib/site-packages/pluggy/_hooks.py
./.venv/Lib/site-packages/pluggy/_manager.py
./.venv/Lib/site-packages/pluggy/_result.py
./.venv/Lib/site-packages/pluggy/_tracing.py
./.venv/Lib/site-packages/pluggy/_version.py
./.venv/Lib/site-packages/pluggy/_warnings.py
./.venv/Lib/site-packages/portalocker/__about__.py
./.venv/Lib/site-packages/portalocker/__init__.py
./.venv/Lib/site-packages/portalocker/__main__.py
./.venv/Lib/site-packages/portalocker/constants.py
./.venv/Lib/site-packages/portalocker/exceptions.py
./.venv/Lib/site-packages/portalocker/portalocker.py
./.venv/Lib/site-packages/portalocker/redis.py
./.venv/Lib/site-packages/portalocker/types.py
./.venv/Lib/site-packages/portalocker/utils.py
./.venv/Lib/site-packages/posthog/__init__.py
./.venv/Lib/site-packages/posthog/ai/__init__.py
./.venv/Lib/site-packages/posthog/ai/anthropic/__init__.py
./.venv/Lib/site-packages/posthog/ai/anthropic/anthropic.py
./.venv/Lib/site-packages/posthog/ai/anthropic/anthropic_async.py
./.venv/Lib/site-packages/posthog/ai/anthropic/anthropic_converter.py
./.venv/Lib/site-packages/posthog/ai/anthropic/anthropic_providers.py
./.venv/Lib/site-packages/posthog/ai/claude_agent_sdk/__init__.py
./.venv/Lib/site-packages/posthog/ai/claude_agent_sdk/client.py
./.venv/Lib/site-packages/posthog/ai/claude_agent_sdk/processor.py
./.venv/Lib/site-packages/posthog/ai/gemini/__init__.py
./.venv/Lib/site-packages/posthog/ai/gemini/gemini.py
./.venv/Lib/site-packages/posthog/ai/gemini/gemini_async.py
./.venv/Lib/site-packages/posthog/ai/gemini/gemini_converter.py
./.venv/Lib/site-packages/posthog/ai/langchain/__init__.py
./.venv/Lib/site-packages/posthog/ai/langchain/callbacks.py
./.venv/Lib/site-packages/posthog/ai/openai/__init__.py
./.venv/Lib/site-packages/posthog/ai/openai/openai.py
./.venv/Lib/site-packages/posthog/ai/openai/openai_async.py
./.venv/Lib/site-packages/posthog/ai/openai/openai_converter.py
./.venv/Lib/site-packages/posthog/ai/openai/openai_providers.py
./.venv/Lib/site-packages/posthog/ai/openai_agents/__init__.py
./.venv/Lib/site-packages/posthog/ai/openai_agents/processor.py
./.venv/Lib/site-packages/posthog/ai/otel/__init__.py
./.venv/Lib/site-packages/posthog/ai/otel/exporter.py
./.venv/Lib/site-packages/posthog/ai/otel/processor.py
./.venv/Lib/site-packages/posthog/ai/otel/spans.py
./.venv/Lib/site-packages/posthog/ai/prompts.py
./.venv/Lib/site-packages/posthog/ai/sanitization.py
./.venv/Lib/site-packages/posthog/ai/types.py
./.venv/Lib/site-packages/posthog/ai/utils.py
./.venv/Lib/site-packages/posthog/args.py
./.venv/Lib/site-packages/posthog/client.py
./.venv/Lib/site-packages/posthog/consumer.py
./.venv/Lib/site-packages/posthog/contexts.py
./.venv/Lib/site-packages/posthog/exception_capture.py
./.venv/Lib/site-packages/posthog/exception_utils.py
./.venv/Lib/site-packages/posthog/feature_flag_evaluations.py
./.venv/Lib/site-packages/posthog/feature_flags.py
./.venv/Lib/site-packages/posthog/flag_definition_cache.py
./.venv/Lib/site-packages/posthog/integrations/__init__.py
./.venv/Lib/site-packages/posthog/integrations/django.py
./.venv/Lib/site-packages/posthog/poller.py
./.venv/Lib/site-packages/posthog/request.py
./.venv/Lib/site-packages/posthog/test/__init__.py
./.venv/Lib/site-packages/posthog/test/ai/__init__.py
./.venv/Lib/site-packages/posthog/test/ai/claude_agent_sdk/__init__.py
./.venv/Lib/site-packages/posthog/test/ai/claude_agent_sdk/test_processor.py
./.venv/Lib/site-packages/posthog/test/ai/openai_agents/__init__.py
./.venv/Lib/site-packages/posthog/test/ai/openai_agents/test_processor.py
./.venv/Lib/site-packages/posthog/test/ai/otel/__init__.py
./.venv/Lib/site-packages/posthog/test/ai/otel/conftest.py
./.venv/Lib/site-packages/posthog/test/ai/otel/test_exporter.py
./.venv/Lib/site-packages/posthog/test/ai/otel/test_processor.py
./.venv/Lib/site-packages/posthog/test/ai/otel/test_spans.py
./.venv/Lib/site-packages/posthog/test/ai/test_prompts.py
./.venv/Lib/site-packages/posthog/test/ai/test_sanitization.py
./.venv/Lib/site-packages/posthog/test/ai/test_system_prompts.py
./.venv/Lib/site-packages/posthog/test/ai/test_tokens_source.py
./.venv/Lib/site-packages/posthog/test/test_before_send.py
./.venv/Lib/site-packages/posthog/test/test_client.py
./.venv/Lib/site-packages/posthog/test/test_consumer.py
./.venv/Lib/site-packages/posthog/test/test_contexts.py
./.venv/Lib/site-packages/posthog/test/test_evaluate_flags.py
./.venv/Lib/site-packages/posthog/test/test_exception_capture.py
./.venv/Lib/site-packages/posthog/test/test_feature_flag.py
./.venv/Lib/site-packages/posthog/test/test_feature_flag_result.py
./.venv/Lib/site-packages/posthog/test/test_feature_flags.py
./.venv/Lib/site-packages/posthog/test/test_flag_definition_cache.py
./.venv/Lib/site-packages/posthog/test/test_module.py
./.venv/Lib/site-packages/posthog/test/test_request.py
./.venv/Lib/site-packages/posthog/test/test_size_limited_dict.py
./.venv/Lib/site-packages/posthog/test/test_types.py
./.venv/Lib/site-packages/posthog/test/test_utils.py
./.venv/Lib/site-packages/posthog/types.py
./.venv/Lib/site-packages/posthog/utils.py
./.venv/Lib/site-packages/posthog/version.py
./.venv/Lib/site-packages/prometheus_client/__init__.py
./.venv/Lib/site-packages/prometheus_client/aiohttp/__init__.py
./.venv/Lib/site-packages/prometheus_client/aiohttp/exposition.py
./.venv/Lib/site-packages/prometheus_client/asgi.py
./.venv/Lib/site-packages/prometheus_client/bridge/__init__.py
./.venv/Lib/site-packages/prometheus_client/bridge/graphite.py
./.venv/Lib/site-packages/prometheus_client/context_managers.py
./.venv/Lib/site-packages/prometheus_client/core.py
./.venv/Lib/site-packages/prometheus_client/decorator.py
./.venv/Lib/site-packages/prometheus_client/django/__init__.py
./.venv/Lib/site-packages/prometheus_client/django/exposition.py
./.venv/Lib/site-packages/prometheus_client/exposition.py
./.venv/Lib/site-packages/prometheus_client/gc_collector.py
./.venv/Lib/site-packages/prometheus_client/metrics.py
./.venv/Lib/site-packages/prometheus_client/metrics_core.py
./.venv/Lib/site-packages/prometheus_client/mmap_dict.py
./.venv/Lib/site-packages/prometheus_client/multiprocess.py
./.venv/Lib/site-packages/prometheus_client/openmetrics/__init__.py
./.venv/Lib/site-packages/prometheus_client/openmetrics/exposition.py
./.venv/Lib/site-packages/prometheus_client/openmetrics/parser.py
./.venv/Lib/site-packages/prometheus_client/parser.py
./.venv/Lib/site-packages/prometheus_client/platform_collector.py
./.venv/Lib/site-packages/prometheus_client/process_collector.py
./.venv/Lib/site-packages/prometheus_client/registry.py
./.venv/Lib/site-packages/prometheus_client/samples.py
./.venv/Lib/site-packages/prometheus_client/twisted/__init__.py
./.venv/Lib/site-packages/prometheus_client/twisted/_exposition.py
./.venv/Lib/site-packages/prometheus_client/utils.py
./.venv/Lib/site-packages/prometheus_client/validation.py
./.venv/Lib/site-packages/prometheus_client/values.py
./.venv/Lib/site-packages/propcache/__init__.py
./.venv/Lib/site-packages/propcache/_helpers.py
./.venv/Lib/site-packages/propcache/_helpers_py.py
./.venv/Lib/site-packages/propcache/api.py
./.venv/Lib/site-packages/psutil/__init__.py
./.venv/Lib/site-packages/psutil/_common.py
./.venv/Lib/site-packages/psutil/_ntuples.py
./.venv/Lib/site-packages/psutil/_psaix.py
./.venv/Lib/site-packages/psutil/_psbsd.py
./.venv/Lib/site-packages/psutil/_pslinux.py
./.venv/Lib/site-packages/psutil/_psosx.py
./.venv/Lib/site-packages/psutil/_psposix.py
./.venv/Lib/site-packages/psutil/_pssunos.py
./.venv/Lib/site-packages/psutil/_pswindows.py
./.venv/Lib/site-packages/py.py
./.venv/Lib/site-packages/pycparser/__init__.py
./.venv/Lib/site-packages/pycparser/_ast_gen.py
./.venv/Lib/site-packages/pycparser/ast_transforms.py
./.venv/Lib/site-packages/pycparser/c_ast.py
./.venv/Lib/site-packages/pycparser/c_generator.py
./.venv/Lib/site-packages/pycparser/c_lexer.py
./.venv/Lib/site-packages/pycparser/c_parser.py
./.venv/Lib/site-packages/pydantic/__init__.py
./.venv/Lib/site-packages/pydantic/_internal/__init__.py
./.venv/Lib/site-packages/pydantic/_internal/_config.py
./.venv/Lib/site-packages/pydantic/_internal/_core_metadata.py
./.venv/Lib/site-packages/pydantic/_internal/_core_utils.py
./.venv/Lib/site-packages/pydantic/_internal/_dataclasses.py
./.venv/Lib/site-packages/pydantic/_internal/_decorators.py
./.venv/Lib/site-packages/pydantic/_internal/_decorators_v1.py
./.venv/Lib/site-packages/pydantic/_internal/_discriminated_union.py
./.venv/Lib/site-packages/pydantic/_internal/_docs_extraction.py
./.venv/Lib/site-packages/pydantic/_internal/_fields.py
./.venv/Lib/site-packages/pydantic/_internal/_forward_ref.py
./.venv/Lib/site-packages/pydantic/_internal/_generate_schema.py
./.venv/Lib/site-packages/pydantic/_internal/_generics.py
./.venv/Lib/site-packages/pydantic/_internal/_git.py
./.venv/Lib/site-packages/pydantic/_internal/_import_utils.py
./.venv/Lib/site-packages/pydantic/_internal/_internal_dataclass.py
./.venv/Lib/site-packages/pydantic/_internal/_known_annotated_metadata.py
./.venv/Lib/site-packages/pydantic/_internal/_mock_val_ser.py
./.venv/Lib/site-packages/pydantic/_internal/_model_construction.py
./.venv/Lib/site-packages/pydantic/_internal/_namespace_utils.py
./.venv/Lib/site-packages/pydantic/_internal/_repr.py
./.venv/Lib/site-packages/pydantic/_internal/_schema_gather.py
./.venv/Lib/site-packages/pydantic/_internal/_schema_generation_shared.py
./.venv/Lib/site-packages/pydantic/_internal/_serializers.py
./.venv/Lib/site-packages/pydantic/_internal/_signature.py
./.venv/Lib/site-packages/pydantic/_internal/_typing_extra.py
./.venv/Lib/site-packages/pydantic/_internal/_utils.py
./.venv/Lib/site-packages/pydantic/_internal/_validate_call.py
./.venv/Lib/site-packages/pydantic/_internal/_validators.py
./.venv/Lib/site-packages/pydantic/_migration.py
./.venv/Lib/site-packages/pydantic/alias_generators.py
./.venv/Lib/site-packages/pydantic/aliases.py
./.venv/Lib/site-packages/pydantic/annotated_handlers.py
./.venv/Lib/site-packages/pydantic/class_validators.py
./.venv/Lib/site-packages/pydantic/color.py
./.venv/Lib/site-packages/pydantic/config.py
./.venv/Lib/site-packages/pydantic/dataclasses.py
./.venv/Lib/site-packages/pydantic/datetime_parse.py
./.venv/Lib/site-packages/pydantic/decorator.py
./.venv/Lib/site-packages/pydantic/deprecated/__init__.py
./.venv/Lib/site-packages/pydantic/deprecated/class_validators.py
./.venv/Lib/site-packages/pydantic/deprecated/config.py
./.venv/Lib/site-packages/pydantic/deprecated/copy_internals.py
./.venv/Lib/site-packages/pydantic/deprecated/decorator.py
./.venv/Lib/site-packages/pydantic/deprecated/json.py
./.venv/Lib/site-packages/pydantic/deprecated/parse.py
./.venv/Lib/site-packages/pydantic/deprecated/tools.py
./.venv/Lib/site-packages/pydantic/env_settings.py
./.venv/Lib/site-packages/pydantic/error_wrappers.py
./.venv/Lib/site-packages/pydantic/errors.py
./.venv/Lib/site-packages/pydantic/experimental/__init__.py
./.venv/Lib/site-packages/pydantic/experimental/arguments_schema.py
./.venv/Lib/site-packages/pydantic/experimental/missing_sentinel.py
./.venv/Lib/site-packages/pydantic/experimental/pipeline.py
./.venv/Lib/site-packages/pydantic/fields.py
./.venv/Lib/site-packages/pydantic/functional_serializers.py
./.venv/Lib/site-packages/pydantic/functional_validators.py
./.venv/Lib/site-packages/pydantic/generics.py
./.venv/Lib/site-packages/pydantic/json.py
./.venv/Lib/site-packages/pydantic/json_schema.py
./.venv/Lib/site-packages/pydantic/main.py
./.venv/Lib/site-packages/pydantic/mypy.py
./.venv/Lib/site-packages/pydantic/networks.py
./.venv/Lib/site-packages/pydantic/parse.py
./.venv/Lib/site-packages/pydantic/plugin/__init__.py
./.venv/Lib/site-packages/pydantic/plugin/_loader.py
./.venv/Lib/site-packages/pydantic/plugin/_schema_validator.py
./.venv/Lib/site-packages/pydantic/root_model.py
./.venv/Lib/site-packages/pydantic/schema.py
./.venv/Lib/site-packages/pydantic/tools.py
./.venv/Lib/site-packages/pydantic/type_adapter.py
./.venv/Lib/site-packages/pydantic/types.py
./.venv/Lib/site-packages/pydantic/typing.py
./.venv/Lib/site-packages/pydantic/utils.py
./.venv/Lib/site-packages/pydantic/v1/__init__.py
./.venv/Lib/site-packages/pydantic/v1/_hypothesis_plugin.py
./.venv/Lib/site-packages/pydantic/v1/annotated_types.py
./.venv/Lib/site-packages/pydantic/v1/class_validators.py
./.venv/Lib/site-packages/pydantic/v1/color.py
./.venv/Lib/site-packages/pydantic/v1/config.py
./.venv/Lib/site-packages/pydantic/v1/dataclasses.py
./.venv/Lib/site-packages/pydantic/v1/datetime_parse.py
./.venv/Lib/site-packages/pydantic/v1/decorator.py
./.venv/Lib/site-packages/pydantic/v1/env_settings.py
./.venv/Lib/site-packages/pydantic/v1/error_wrappers.py
./.venv/Lib/site-packages/pydantic/v1/errors.py
./.venv/Lib/site-packages/pydantic/v1/fields.py
./.venv/Lib/site-packages/pydantic/v1/generics.py
./.venv/Lib/site-packages/pydantic/v1/json.py
./.venv/Lib/site-packages/pydantic/v1/main.py
./.venv/Lib/site-packages/pydantic/v1/mypy.py
./.venv/Lib/site-packages/pydantic/v1/networks.py
./.venv/Lib/site-packages/pydantic/v1/parse.py
./.venv/Lib/site-packages/pydantic/v1/schema.py
./.venv/Lib/site-packages/pydantic/v1/tools.py
./.venv/Lib/site-packages/pydantic/v1/types.py
./.venv/Lib/site-packages/pydantic/v1/typing.py
./.venv/Lib/site-packages/pydantic/v1/utils.py
./.venv/Lib/site-packages/pydantic/v1/validators.py
./.venv/Lib/site-packages/pydantic/v1/version.py
./.venv/Lib/site-packages/pydantic/validate_call_decorator.py
./.venv/Lib/site-packages/pydantic/validators.py
./.venv/Lib/site-packages/pydantic/version.py
./.venv/Lib/site-packages/pydantic/warnings.py
./.venv/Lib/site-packages/pydantic_core/__init__.py
./.venv/Lib/site-packages/pydantic_core/core_schema.py
./.venv/Lib/site-packages/pydantic_settings/__init__.py
./.venv/Lib/site-packages/pydantic_settings/exceptions.py
./.venv/Lib/site-packages/pydantic_settings/main.py
./.venv/Lib/site-packages/pydantic_settings/sources/__init__.py
./.venv/Lib/site-packages/pydantic_settings/sources/base.py
./.venv/Lib/site-packages/pydantic_settings/sources/providers/__init__.py
./.venv/Lib/site-packages/pydantic_settings/sources/providers/aws.py
./.venv/Lib/site-packages/pydantic_settings/sources/providers/azure.py
./.venv/Lib/site-packages/pydantic_settings/sources/providers/cli.py
./.venv/Lib/site-packages/pydantic_settings/sources/providers/dotenv.py
./.venv/Lib/site-packages/pydantic_settings/sources/providers/env.py
./.venv/Lib/site-packages/pydantic_settings/sources/providers/gcp.py
./.venv/Lib/site-packages/pydantic_settings/sources/providers/json.py
./.venv/Lib/site-packages/pydantic_settings/sources/providers/nested_secrets.py
./.venv/Lib/site-packages/pydantic_settings/sources/providers/pyproject.py
./.venv/Lib/site-packages/pydantic_settings/sources/providers/secrets.py
./.venv/Lib/site-packages/pydantic_settings/sources/providers/toml.py
./.venv/Lib/site-packages/pydantic_settings/sources/providers/yaml.py
./.venv/Lib/site-packages/pydantic_settings/sources/types.py
./.venv/Lib/site-packages/pydantic_settings/sources/utils.py
./.venv/Lib/site-packages/pydantic_settings/utils.py
./.venv/Lib/site-packages/pydantic_settings/version.py
./.venv/Lib/site-packages/pygments/__init__.py
./.venv/Lib/site-packages/pygments/__main__.py
./.venv/Lib/site-packages/pygments/cmdline.py
./.venv/Lib/site-packages/pygments/console.py
./.venv/Lib/site-packages/pygments/filter.py
./.venv/Lib/site-packages/pygments/filters/__init__.py
./.venv/Lib/site-packages/pygments/formatter.py
./.venv/Lib/site-packages/pygments/formatters/__init__.py
./.venv/Lib/site-packages/pygments/formatters/_mapping.py
./.venv/Lib/site-packages/pygments/formatters/bbcode.py
./.venv/Lib/site-packages/pygments/formatters/groff.py
./.venv/Lib/site-packages/pygments/formatters/html.py
./.venv/Lib/site-packages/pygments/formatters/img.py
./.venv/Lib/site-packages/pygments/formatters/irc.py
./.venv/Lib/site-packages/pygments/formatters/latex.py
./.venv/Lib/site-packages/pygments/formatters/other.py
./.venv/Lib/site-packages/pygments/formatters/pangomarkup.py
./.venv/Lib/site-packages/pygments/formatters/rtf.py
./.venv/Lib/site-packages/pygments/formatters/svg.py
./.venv/Lib/site-packages/pygments/formatters/terminal.py
./.venv/Lib/site-packages/pygments/formatters/terminal256.py
./.venv/Lib/site-packages/pygments/lexer.py
./.venv/Lib/site-packages/pygments/lexers/__init__.py
./.venv/Lib/site-packages/pygments/lexers/_ada_builtins.py
./.venv/Lib/site-packages/pygments/lexers/_asy_builtins.py
./.venv/Lib/site-packages/pygments/lexers/_cl_builtins.py
./.venv/Lib/site-packages/pygments/lexers/_cocoa_builtins.py
./.venv/Lib/site-packages/pygments/lexers/_csound_builtins.py
./.venv/Lib/site-packages/pygments/lexers/_css_builtins.py
./.venv/Lib/site-packages/pygments/lexers/_googlesql_builtins.py
./.venv/Lib/site-packages/pygments/lexers/_julia_builtins.py
./.venv/Lib/site-packages/pygments/lexers/_lasso_builtins.py
./.venv/Lib/site-packages/pygments/lexers/_lilypond_builtins.py
./.venv/Lib/site-packages/pygments/lexers/_lua_builtins.py
./.venv/Lib/site-packages/pygments/lexers/_luau_builtins.py
./.venv/Lib/site-packages/pygments/lexers/_mapping.py
./.venv/Lib/site-packages/pygments/lexers/_mql_builtins.py
./.venv/Lib/site-packages/pygments/lexers/_mysql_builtins.py
./.venv/Lib/site-packages/pygments/lexers/_openedge_builtins.py
./.venv/Lib/site-packages/pygments/lexers/_php_builtins.py
./.venv/Lib/site-packages/pygments/lexers/_postgres_builtins.py
./.venv/Lib/site-packages/pygments/lexers/_qlik_builtins.py
./.venv/Lib/site-packages/pygments/lexers/_scheme_builtins.py
./.venv/Lib/site-packages/pygments/lexers/_scilab_builtins.py
./.venv/Lib/site-packages/pygments/lexers/_sourcemod_builtins.py
./.venv/Lib/site-packages/pygments/lexers/_sql_builtins.py
./.venv/Lib/site-packages/pygments/lexers/_stan_builtins.py
./.venv/Lib/site-packages/pygments/lexers/_stata_builtins.py
./.venv/Lib/site-packages/pygments/lexers/_tsql_builtins.py
./.venv/Lib/site-packages/pygments/lexers/_usd_builtins.py
./.venv/Lib/site-packages/pygments/lexers/_vbscript_builtins.py
./.venv/Lib/site-packages/pygments/lexers/_vim_builtins.py
./.venv/Lib/site-packages/pygments/lexers/actionscript.py
./.venv/Lib/site-packages/pygments/lexers/ada.py
./.venv/Lib/site-packages/pygments/lexers/agile.py
./.venv/Lib/site-packages/pygments/lexers/algebra.py
./.venv/Lib/site-packages/pygments/lexers/ambient.py
./.venv/Lib/site-packages/pygments/lexers/amdgpu.py
./.venv/Lib/site-packages/pygments/lexers/ampl.py
./.venv/Lib/site-packages/pygments/lexers/apdlexer.py
./.venv/Lib/site-packages/pygments/lexers/apl.py
./.venv/Lib/site-packages/pygments/lexers/archetype.py
./.venv/Lib/site-packages/pygments/lexers/arrow.py
./.venv/Lib/site-packages/pygments/lexers/arturo.py
./.venv/Lib/site-packages/pygments/lexers/asc.py
./.venv/Lib/site-packages/pygments/lexers/asm.py
./.venv/Lib/site-packages/pygments/lexers/asn1.py
./.venv/Lib/site-packages/pygments/lexers/automation.py
./.venv/Lib/site-packages/pygments/lexers/bare.py
./.venv/Lib/site-packages/pygments/lexers/basic.py
./.venv/Lib/site-packages/pygments/lexers/bdd.py
./.venv/Lib/site-packages/pygments/lexers/berry.py
./.venv/Lib/site-packages/pygments/lexers/bibtex.py
./.venv/Lib/site-packages/pygments/lexers/blueprint.py
./.venv/Lib/site-packages/pygments/lexers/boa.py
./.venv/Lib/site-packages/pygments/lexers/bqn.py
./.venv/Lib/site-packages/pygments/lexers/business.py
./.venv/Lib/site-packages/pygments/lexers/c_cpp.py
./.venv/Lib/site-packages/pygments/lexers/c_like.py
./.venv/Lib/site-packages/pygments/lexers/capnproto.py
./.venv/Lib/site-packages/pygments/lexers/carbon.py
./.venv/Lib/site-packages/pygments/lexers/cddl.py
./.venv/Lib/site-packages/pygments/lexers/chapel.py
./.venv/Lib/site-packages/pygments/lexers/clean.py
./.venv/Lib/site-packages/pygments/lexers/codeql.py
./.venv/Lib/site-packages/pygments/lexers/comal.py
./.venv/Lib/site-packages/pygments/lexers/compiled.py
./.venv/Lib/site-packages/pygments/lexers/configs.py
./.venv/Lib/site-packages/pygments/lexers/console.py
./.venv/Lib/site-packages/pygments/lexers/cplint.py
./.venv/Lib/site-packages/pygments/lexers/crystal.py
./.venv/Lib/site-packages/pygments/lexers/csound.py
./.venv/Lib/site-packages/pygments/lexers/css.py
./.venv/Lib/site-packages/pygments/lexers/d.py
./.venv/Lib/site-packages/pygments/lexers/dalvik.py
./.venv/Lib/site-packages/pygments/lexers/data.py
./.venv/Lib/site-packages/pygments/lexers/dax.py
./.venv/Lib/site-packages/pygments/lexers/devicetree.py
./.venv/Lib/site-packages/pygments/lexers/diff.py
./.venv/Lib/site-packages/pygments/lexers/dns.py
./.venv/Lib/site-packages/pygments/lexers/dotnet.py
./.venv/Lib/site-packages/pygments/lexers/dsls.py
./.venv/Lib/site-packages/pygments/lexers/dylan.py
./.venv/Lib/site-packages/pygments/lexers/ecl.py
./.venv/Lib/site-packages/pygments/lexers/eiffel.py
./.venv/Lib/site-packages/pygments/lexers/elm.py
./.venv/Lib/site-packages/pygments/lexers/elpi.py
./.venv/Lib/site-packages/pygments/lexers/email.py
./.venv/Lib/site-packages/pygments/lexers/erlang.py
./.venv/Lib/site-packages/pygments/lexers/esoteric.py
./.venv/Lib/site-packages/pygments/lexers/ezhil.py
./.venv/Lib/site-packages/pygments/lexers/factor.py
./.venv/Lib/site-packages/pygments/lexers/fantom.py
./.venv/Lib/site-packages/pygments/lexers/felix.py
./.venv/Lib/site-packages/pygments/lexers/fift.py
./.venv/Lib/site-packages/pygments/lexers/floscript.py
./.venv/Lib/site-packages/pygments/lexers/forth.py
./.venv/Lib/site-packages/pygments/lexers/fortran.py
./.venv/Lib/site-packages/pygments/lexers/foxpro.py
./.venv/Lib/site-packages/pygments/lexers/freefem.py
./.venv/Lib/site-packages/pygments/lexers/func.py
./.venv/Lib/site-packages/pygments/lexers/functional.py
./.venv/Lib/site-packages/pygments/lexers/futhark.py
./.venv/Lib/site-packages/pygments/lexers/gcodelexer.py
./.venv/Lib/site-packages/pygments/lexers/gdscript.py
./.venv/Lib/site-packages/pygments/lexers/gleam.py
./.venv/Lib/site-packages/pygments/lexers/go.py
./.venv/Lib/site-packages/pygments/lexers/grammar_notation.py
./.venv/Lib/site-packages/pygments/lexers/graph.py
./.venv/Lib/site-packages/pygments/lexers/graphics.py
./.venv/Lib/site-packages/pygments/lexers/graphql.py
./.venv/Lib/site-packages/pygments/lexers/graphviz.py
./.venv/Lib/site-packages/pygments/lexers/gsql.py
./.venv/Lib/site-packages/pygments/lexers/hare.py
./.venv/Lib/site-packages/pygments/lexers/haskell.py
./.venv/Lib/site-packages/pygments/lexers/haxe.py
./.venv/Lib/site-packages/pygments/lexers/hdl.py
./.venv/Lib/site-packages/pygments/lexers/hexdump.py
./.venv/Lib/site-packages/pygments/lexers/html.py
./.venv/Lib/site-packages/pygments/lexers/idl.py
./.venv/Lib/site-packages/pygments/lexers/igor.py
./.venv/Lib/site-packages/pygments/lexers/inferno.py
./.venv/Lib/site-packages/pygments/lexers/installers.py
./.venv/Lib/site-packages/pygments/lexers/int_fiction.py
./.venv/Lib/site-packages/pygments/lexers/iolang.py
./.venv/Lib/site-packages/pygments/lexers/j.py
./.venv/Lib/site-packages/pygments/lexers/javascript.py
./.venv/Lib/site-packages/pygments/lexers/jmespath.py
./.venv/Lib/site-packages/pygments/lexers/jslt.py
./.venv/Lib/site-packages/pygments/lexers/json5.py
./.venv/Lib/site-packages/pygments/lexers/jsonnet.py
./.venv/Lib/site-packages/pygments/lexers/jsx.py
./.venv/Lib/site-packages/pygments/lexers/julia.py
./.venv/Lib/site-packages/pygments/lexers/jvm.py
./.venv/Lib/site-packages/pygments/lexers/kuin.py
./.venv/Lib/site-packages/pygments/lexers/kusto.py
./.venv/Lib/site-packages/pygments/lexers/ldap.py
./.venv/Lib/site-packages/pygments/lexers/lean.py
./.venv/Lib/site-packages/pygments/lexers/lilypond.py
./.venv/Lib/site-packages/pygments/lexers/lisp.py
./.venv/Lib/site-packages/pygments/lexers/macaulay2.py
./.venv/Lib/site-packages/pygments/lexers/make.py
./.venv/Lib/site-packages/pygments/lexers/maple.py
./.venv/Lib/site-packages/pygments/lexers/markup.py
./.venv/Lib/site-packages/pygments/lexers/math.py
./.venv/Lib/site-packages/pygments/lexers/matlab.py
./.venv/Lib/site-packages/pygments/lexers/maxima.py
./.venv/Lib/site-packages/pygments/lexers/meson.py
./.venv/Lib/site-packages/pygments/lexers/mime.py
./.venv/Lib/site-packages/pygments/lexers/minecraft.py
./.venv/Lib/site-packages/pygments/lexers/mips.py
./.venv/Lib/site-packages/pygments/lexers/ml.py
./.venv/Lib/site-packages/pygments/lexers/modeling.py
./.venv/Lib/site-packages/pygments/lexers/modula2.py
./.venv/Lib/site-packages/pygments/lexers/mojo.py
./.venv/Lib/site-packages/pygments/lexers/monte.py
./.venv/Lib/site-packages/pygments/lexers/mosel.py
./.venv/Lib/site-packages/pygments/lexers/ncl.py
./.venv/Lib/site-packages/pygments/lexers/nimrod.py
./.venv/Lib/site-packages/pygments/lexers/nit.py
./.venv/Lib/site-packages/pygments/lexers/nix.py
./.venv/Lib/site-packages/pygments/lexers/numbair.py
./.venv/Lib/site-packages/pygments/lexers/oberon.py
./.venv/Lib/site-packages/pygments/lexers/objective.py
./.venv/Lib/site-packages/pygments/lexers/ooc.py
./.venv/Lib/site-packages/pygments/lexers/openscad.py
./.venv/Lib/site-packages/pygments/lexers/other.py
./.venv/Lib/site-packages/pygments/lexers/parasail.py
./.venv/Lib/site-packages/pygments/lexers/parsers.py
./.venv/Lib/site-packages/pygments/lexers/pascal.py
./.venv/Lib/site-packages/pygments/lexers/pawn.py
./.venv/Lib/site-packages/pygments/lexers/pddl.py
./.venv/Lib/site-packages/pygments/lexers/perl.py
./.venv/Lib/site-packages/pygments/lexers/phix.py
./.venv/Lib/site-packages/pygments/lexers/php.py
./.venv/Lib/site-packages/pygments/lexers/pointless.py
./.venv/Lib/site-packages/pygments/lexers/pony.py
./.venv/Lib/site-packages/pygments/lexers/praat.py
./.venv/Lib/site-packages/pygments/lexers/procfile.py
./.venv/Lib/site-packages/pygments/lexers/prolog.py
./.venv/Lib/site-packages/pygments/lexers/promql.py
./.venv/Lib/site-packages/pygments/lexers/prql.py
./.venv/Lib/site-packages/pygments/lexers/ptx.py
./.venv/Lib/site-packages/pygments/lexers/python.py
./.venv/Lib/site-packages/pygments/lexers/q.py
./.venv/Lib/site-packages/pygments/lexers/qlik.py
./.venv/Lib/site-packages/pygments/lexers/qvt.py
./.venv/Lib/site-packages/pygments/lexers/r.py
./.venv/Lib/site-packages/pygments/lexers/rdf.py
./.venv/Lib/site-packages/pygments/lexers/rebol.py
./.venv/Lib/site-packages/pygments/lexers/rego.py
./.venv/Lib/site-packages/pygments/lexers/rell.py
./.venv/Lib/site-packages/pygments/lexers/resource.py
./.venv/Lib/site-packages/pygments/lexers/ride.py
./.venv/Lib/site-packages/pygments/lexers/rita.py
./.venv/Lib/site-packages/pygments/lexers/rnc.py
./.venv/Lib/site-packages/pygments/lexers/roboconf.py
./.venv/Lib/site-packages/pygments/lexers/robotframework.py
./.venv/Lib/site-packages/pygments/lexers/ruby.py
./.venv/Lib/site-packages/pygments/lexers/rust.py
./.venv/Lib/site-packages/pygments/lexers/sas.py
./.venv/Lib/site-packages/pygments/lexers/savi.py
./.venv/Lib/site-packages/pygments/lexers/scdoc.py
./.venv/Lib/site-packages/pygments/lexers/scripting.py
./.venv/Lib/site-packages/pygments/lexers/sgf.py
./.venv/Lib/site-packages/pygments/lexers/shell.py
./.venv/Lib/site-packages/pygments/lexers/sieve.py
./.venv/Lib/site-packages/pygments/lexers/slash.py
./.venv/Lib/site-packages/pygments/lexers/smalltalk.py
./.venv/Lib/site-packages/pygments/lexers/smithy.py
./.venv/Lib/site-packages/pygments/lexers/smv.py
./.venv/Lib/site-packages/pygments/lexers/snobol.py
./.venv/Lib/site-packages/pygments/lexers/solidity.py
./.venv/Lib/site-packages/pygments/lexers/soong.py
./.venv/Lib/site-packages/pygments/lexers/sophia.py
./.venv/Lib/site-packages/pygments/lexers/special.py
./.venv/Lib/site-packages/pygments/lexers/spice.py
./.venv/Lib/site-packages/pygments/lexers/sql.py
./.venv/Lib/site-packages/pygments/lexers/srcinfo.py
./.venv/Lib/site-packages/pygments/lexers/stata.py
./.venv/Lib/site-packages/pygments/lexers/supercollider.py
./.venv/Lib/site-packages/pygments/lexers/tablegen.py
./.venv/Lib/site-packages/pygments/lexers/tact.py
./.venv/Lib/site-packages/pygments/lexers/tal.py
./.venv/Lib/site-packages/pygments/lexers/tcl.py
./.venv/Lib/site-packages/pygments/lexers/teal.py
./.venv/Lib/site-packages/pygments/lexers/templates.py
./.venv/Lib/site-packages/pygments/lexers/teraterm.py
./.venv/Lib/site-packages/pygments/lexers/testing.py
./.venv/Lib/site-packages/pygments/lexers/text.py
./.venv/Lib/site-packages/pygments/lexers/textedit.py
./.venv/Lib/site-packages/pygments/lexers/textfmts.py
./.venv/Lib/site-packages/pygments/lexers/theorem.py
./.venv/Lib/site-packages/pygments/lexers/thingsdb.py
./.venv/Lib/site-packages/pygments/lexers/tlb.py
./.venv/Lib/site-packages/pygments/lexers/tls.py
./.venv/Lib/site-packages/pygments/lexers/tnt.py
./.venv/Lib/site-packages/pygments/lexers/trafficscript.py
./.venv/Lib/site-packages/pygments/lexers/typoscript.py
./.venv/Lib/site-packages/pygments/lexers/typst.py
./.venv/Lib/site-packages/pygments/lexers/ul4.py
./.venv/Lib/site-packages/pygments/lexers/unicon.py
./.venv/Lib/site-packages/pygments/lexers/urbi.py
./.venv/Lib/site-packages/pygments/lexers/usd.py
./.venv/Lib/site-packages/pygments/lexers/varnish.py
./.venv/Lib/site-packages/pygments/lexers/verification.py
./.venv/Lib/site-packages/pygments/lexers/verifpal.py
./.venv/Lib/site-packages/pygments/lexers/vip.py
./.venv/Lib/site-packages/pygments/lexers/vyper.py
./.venv/Lib/site-packages/pygments/lexers/web.py
./.venv/Lib/site-packages/pygments/lexers/webassembly.py
./.venv/Lib/site-packages/pygments/lexers/webidl.py
./.venv/Lib/site-packages/pygments/lexers/webmisc.py
./.venv/Lib/site-packages/pygments/lexers/wgsl.py
./.venv/Lib/site-packages/pygments/lexers/whiley.py
./.venv/Lib/site-packages/pygments/lexers/wowtoc.py
./.venv/Lib/site-packages/pygments/lexers/wren.py
./.venv/Lib/site-packages/pygments/lexers/x10.py
./.venv/Lib/site-packages/pygments/lexers/xorg.py
./.venv/Lib/site-packages/pygments/lexers/yang.py
./.venv/Lib/site-packages/pygments/lexers/yara.py
./.venv/Lib/site-packages/pygments/lexers/zig.py
./.venv/Lib/site-packages/pygments/modeline.py
./.venv/Lib/site-packages/pygments/plugin.py
./.venv/Lib/site-packages/pygments/regexopt.py
./.venv/Lib/site-packages/pygments/scanner.py
./.venv/Lib/site-packages/pygments/sphinxext.py
./.venv/Lib/site-packages/pygments/style.py
./.venv/Lib/site-packages/pygments/styles/__init__.py
./.venv/Lib/site-packages/pygments/styles/_mapping.py
./.venv/Lib/site-packages/pygments/styles/abap.py
./.venv/Lib/site-packages/pygments/styles/algol.py
./.venv/Lib/site-packages/pygments/styles/algol_nu.py
./.venv/Lib/site-packages/pygments/styles/arduino.py
./.venv/Lib/site-packages/pygments/styles/autumn.py
./.venv/Lib/site-packages/pygments/styles/borland.py
./.venv/Lib/site-packages/pygments/styles/bw.py
./.venv/Lib/site-packages/pygments/styles/coffee.py
./.venv/Lib/site-packages/pygments/styles/colorful.py
./.venv/Lib/site-packages/pygments/styles/default.py
./.venv/Lib/site-packages/pygments/styles/dracula.py
./.venv/Lib/site-packages/pygments/styles/emacs.py
./.venv/Lib/site-packages/pygments/styles/friendly.py
./.venv/Lib/site-packages/pygments/styles/friendly_grayscale.py
./.venv/Lib/site-packages/pygments/styles/fruity.py
./.venv/Lib/site-packages/pygments/styles/gh_dark.py
./.venv/Lib/site-packages/pygments/styles/gruvbox.py
./.venv/Lib/site-packages/pygments/styles/igor.py
./.venv/Lib/site-packages/pygments/styles/inkpot.py
./.venv/Lib/site-packages/pygments/styles/lightbulb.py
./.venv/Lib/site-packages/pygments/styles/lilypond.py
./.venv/Lib/site-packages/pygments/styles/lovelace.py
./.venv/Lib/site-packages/pygments/styles/manni.py
./.venv/Lib/site-packages/pygments/styles/material.py
./.venv/Lib/site-packages/pygments/styles/monokai.py
./.venv/Lib/site-packages/pygments/styles/murphy.py
./.venv/Lib/site-packages/pygments/styles/native.py
./.venv/Lib/site-packages/pygments/styles/nord.py
./.venv/Lib/site-packages/pygments/styles/onedark.py
./.venv/Lib/site-packages/pygments/styles/paraiso_dark.py
./.venv/Lib/site-packages/pygments/styles/paraiso_light.py
./.venv/Lib/site-packages/pygments/styles/pastie.py
./.venv/Lib/site-packages/pygments/styles/perldoc.py
./.venv/Lib/site-packages/pygments/styles/rainbow_dash.py
./.venv/Lib/site-packages/pygments/styles/rrt.py
./.venv/Lib/site-packages/pygments/styles/sas.py
./.venv/Lib/site-packages/pygments/styles/solarized.py
./.venv/Lib/site-packages/pygments/styles/staroffice.py
./.venv/Lib/site-packages/pygments/styles/stata_dark.py
./.venv/Lib/site-packages/pygments/styles/stata_light.py
./.venv/Lib/site-packages/pygments/styles/tango.py
./.venv/Lib/site-packages/pygments/styles/trac.py
./.venv/Lib/site-packages/pygments/styles/vim.py
./.venv/Lib/site-packages/pygments/styles/vs.py
./.venv/Lib/site-packages/pygments/styles/xcode.py
./.venv/Lib/site-packages/pygments/styles/zenburn.py
./.venv/Lib/site-packages/pygments/token.py
./.venv/Lib/site-packages/pygments/unistring.py
./.venv/Lib/site-packages/pygments/util.py
./.venv/Lib/site-packages/pytest/__init__.py
./.venv/Lib/site-packages/pytest/__main__.py
./.venv/Lib/site-packages/pytest_asyncio/__init__.py
./.venv/Lib/site-packages/pytest_asyncio/plugin.py
./.venv/Lib/site-packages/pytest_benchmark/__init__.py
./.venv/Lib/site-packages/pytest_benchmark/__main__.py
./.venv/Lib/site-packages/pytest_benchmark/cli.py
./.venv/Lib/site-packages/pytest_benchmark/compat.py
./.venv/Lib/site-packages/pytest_benchmark/csv.py
./.venv/Lib/site-packages/pytest_benchmark/fixture.py
./.venv/Lib/site-packages/pytest_benchmark/histogram.py
./.venv/Lib/site-packages/pytest_benchmark/hookspec.py
./.venv/Lib/site-packages/pytest_benchmark/logger.py
./.venv/Lib/site-packages/pytest_benchmark/plugin.py
./.venv/Lib/site-packages/pytest_benchmark/session.py
./.venv/Lib/site-packages/pytest_benchmark/stats.py
./.venv/Lib/site-packages/pytest_benchmark/storage/__init__.py
./.venv/Lib/site-packages/pytest_benchmark/storage/elasticsearch.py
./.venv/Lib/site-packages/pytest_benchmark/storage/file.py
./.venv/Lib/site-packages/pytest_benchmark/table.py
./.venv/Lib/site-packages/pytest_benchmark/timers.py
./.venv/Lib/site-packages/pytest_benchmark/utils.py
./.venv/Lib/site-packages/pytest_cov/__init__.py
./.venv/Lib/site-packages/pytest_cov/engine.py
./.venv/Lib/site-packages/pytest_cov/plugin.py
./.venv/Lib/site-packages/pytest_env/__init__.py
./.venv/Lib/site-packages/pytest_env/plugin.py
./.venv/Lib/site-packages/pytest_env/version.py
./.venv/Lib/site-packages/pytest_mock/__init__.py
./.venv/Lib/site-packages/pytest_mock/_util.py
./.venv/Lib/site-packages/pytest_mock/_version.py
./.venv/Lib/site-packages/pytest_mock/plugin.py
./.venv/Lib/site-packages/pytest_timeout.py
./.venv/Lib/site-packages/python_multipart/__init__.py
./.venv/Lib/site-packages/python_multipart/decoders.py
./.venv/Lib/site-packages/python_multipart/exceptions.py
./.venv/Lib/site-packages/python_multipart/multipart.py
./.venv/Lib/site-packages/pythoncom.py
./.venv/Lib/site-packages/pythonwin/pywin/Demos/app/basictimerapp.py
./.venv/Lib/site-packages/pythonwin/pywin/Demos/app/customprint.py
./.venv/Lib/site-packages/pythonwin/pywin/Demos/app/demoutils.py
./.venv/Lib/site-packages/pythonwin/pywin/Demos/app/dlgappdemo.py
./.venv/Lib/site-packages/pythonwin/pywin/Demos/app/dojobapp.py
./.venv/Lib/site-packages/pythonwin/pywin/Demos/app/helloapp.py
./.venv/Lib/site-packages/pythonwin/pywin/Demos/cmdserver.py
./.venv/Lib/site-packages/pythonwin/pywin/Demos/createwin.py
./.venv/Lib/site-packages/pythonwin/pywin/Demos/demoutils.py
./.venv/Lib/site-packages/pythonwin/pywin/Demos/dibdemo.py
./.venv/Lib/site-packages/pythonwin/pywin/Demos/dlgtest.py
./.venv/Lib/site-packages/pythonwin/pywin/Demos/dyndlg.py
./.venv/Lib/site-packages/pythonwin/pywin/Demos/fontdemo.py
./.venv/Lib/site-packages/pythonwin/pywin/Demos/guidemo.py
./.venv/Lib/site-packages/pythonwin/pywin/Demos/hiertest.py
./.venv/Lib/site-packages/pythonwin/pywin/Demos/menutest.py
./.venv/Lib/site-packages/pythonwin/pywin/Demos/objdoc.py
./.venv/Lib/site-packages/pythonwin/pywin/Demos/ocx/demoutils.py
./.venv/Lib/site-packages/pythonwin/pywin/Demos/ocx/flash.py
./.venv/Lib/site-packages/pythonwin/pywin/Demos/ocx/msoffice.py
./.venv/Lib/site-packages/pythonwin/pywin/Demos/ocx/ocxserialtest.py
./.venv/Lib/site-packages/pythonwin/pywin/Demos/ocx/ocxtest.py
./.venv/Lib/site-packages/pythonwin/pywin/Demos/ocx/webbrowser.py
./.venv/Lib/site-packages/pythonwin/pywin/Demos/openGLDemo.py
./.venv/Lib/site-packages/pythonwin/pywin/Demos/progressbar.py
./.venv/Lib/site-packages/pythonwin/pywin/Demos/sliderdemo.py
./.venv/Lib/site-packages/pythonwin/pywin/Demos/splittst.py
./.venv/Lib/site-packages/pythonwin/pywin/Demos/threadedgui.py
./.venv/Lib/site-packages/pythonwin/pywin/Demos/toolbar.py
./.venv/Lib/site-packages/pythonwin/pywin/__init__.py
./.venv/Lib/site-packages/pythonwin/pywin/debugger/__init__.py
./.venv/Lib/site-packages/pythonwin/pywin/debugger/configui.py
./.venv/Lib/site-packages/pythonwin/pywin/debugger/dbgcon.py
./.venv/Lib/site-packages/pythonwin/pywin/debugger/dbgpyapp.py
./.venv/Lib/site-packages/pythonwin/pywin/debugger/debugger.py
./.venv/Lib/site-packages/pythonwin/pywin/debugger/fail.py
./.venv/Lib/site-packages/pythonwin/pywin/dialogs/__init__.py
./.venv/Lib/site-packages/pythonwin/pywin/dialogs/ideoptions.py
./.venv/Lib/site-packages/pythonwin/pywin/dialogs/list.py
./.venv/Lib/site-packages/pythonwin/pywin/dialogs/login.py
./.venv/Lib/site-packages/pythonwin/pywin/dialogs/status.py
./.venv/Lib/site-packages/pythonwin/pywin/docking/DockingBar.py
./.venv/Lib/site-packages/pythonwin/pywin/docking/__init__.py
./.venv/Lib/site-packages/pythonwin/pywin/framework/__init__.py
./.venv/Lib/site-packages/pythonwin/pywin/framework/app.py
./.venv/Lib/site-packages/pythonwin/pywin/framework/bitmap.py
./.venv/Lib/site-packages/pythonwin/pywin/framework/cmdline.py
./.venv/Lib/site-packages/pythonwin/pywin/framework/dbgcommands.py
./.venv/Lib/site-packages/pythonwin/pywin/framework/dlgappcore.py
./.venv/Lib/site-packages/pythonwin/pywin/framework/editor/ModuleBrowser.py
./.venv/Lib/site-packages/pythonwin/pywin/framework/editor/__init__.py
./.venv/Lib/site-packages/pythonwin/pywin/framework/editor/color/__init__.py
./.venv/Lib/site-packages/pythonwin/pywin/framework/editor/color/coloreditor.py
./.venv/Lib/site-packages/pythonwin/pywin/framework/editor/configui.py
./.venv/Lib/site-packages/pythonwin/pywin/framework/editor/document.py
./.venv/Lib/site-packages/pythonwin/pywin/framework/editor/editor.py
./.venv/Lib/site-packages/pythonwin/pywin/framework/editor/frame.py
./.venv/Lib/site-packages/pythonwin/pywin/framework/editor/template.py
./.venv/Lib/site-packages/pythonwin/pywin/framework/editor/vss.py
./.venv/Lib/site-packages/pythonwin/pywin/framework/help.py
./.venv/Lib/site-packages/pythonwin/pywin/framework/interact.py
./.venv/Lib/site-packages/pythonwin/pywin/framework/intpyapp.py
./.venv/Lib/site-packages/pythonwin/pywin/framework/intpydde.py
./.venv/Lib/site-packages/pythonwin/pywin/framework/scriptutils.py
./.venv/Lib/site-packages/pythonwin/pywin/framework/sgrepmdi.py
./.venv/Lib/site-packages/pythonwin/pywin/framework/startup.py
./.venv/Lib/site-packages/pythonwin/pywin/framework/stdin.py
./.venv/Lib/site-packages/pythonwin/pywin/framework/toolmenu.py
./.venv/Lib/site-packages/pythonwin/pywin/framework/window.py
./.venv/Lib/site-packages/pythonwin/pywin/framework/winout.py
./.venv/Lib/site-packages/pythonwin/pywin/idle/AutoExpand.py
./.venv/Lib/site-packages/pythonwin/pywin/idle/AutoIndent.py
./.venv/Lib/site-packages/pythonwin/pywin/idle/CallTips.py
./.venv/Lib/site-packages/pythonwin/pywin/idle/FormatParagraph.py
./.venv/Lib/site-packages/pythonwin/pywin/idle/IdleHistory.py
./.venv/Lib/site-packages/pythonwin/pywin/idle/PyParse.py
./.venv/Lib/site-packages/pythonwin/pywin/idle/__init__.py
./.venv/Lib/site-packages/pythonwin/pywin/mfc/__init__.py
./.venv/Lib/site-packages/pythonwin/pywin/mfc/activex.py
./.venv/Lib/site-packages/pythonwin/pywin/mfc/afxres.py
./.venv/Lib/site-packages/pythonwin/pywin/mfc/dialog.py
./.venv/Lib/site-packages/pythonwin/pywin/mfc/docview.py
./.venv/Lib/site-packages/pythonwin/pywin/mfc/object.py
./.venv/Lib/site-packages/pythonwin/pywin/mfc/thread.py
./.venv/Lib/site-packages/pythonwin/pywin/mfc/window.py
./.venv/Lib/site-packages/pythonwin/pywin/scintilla/IDLEenvironment.py
./.venv/Lib/site-packages/pythonwin/pywin/scintilla/__init__.py
./.venv/Lib/site-packages/pythonwin/pywin/scintilla/bindings.py
./.venv/Lib/site-packages/pythonwin/pywin/scintilla/config.py
./.venv/Lib/site-packages/pythonwin/pywin/scintilla/configui.py
./.venv/Lib/site-packages/pythonwin/pywin/scintilla/control.py
./.venv/Lib/site-packages/pythonwin/pywin/scintilla/document.py
./.venv/Lib/site-packages/pythonwin/pywin/scintilla/find.py
./.venv/Lib/site-packages/pythonwin/pywin/scintilla/formatter.py
./.venv/Lib/site-packages/pythonwin/pywin/scintilla/keycodes.py
./.venv/Lib/site-packages/pythonwin/pywin/scintilla/scintillacon.py
./.venv/Lib/site-packages/pythonwin/pywin/scintilla/view.py
./.venv/Lib/site-packages/pythonwin/pywin/tools/TraceCollector.py
./.venv/Lib/site-packages/pythonwin/pywin/tools/__init__.py
./.venv/Lib/site-packages/pythonwin/pywin/tools/browseProjects.py
./.venv/Lib/site-packages/pythonwin/pywin/tools/browser.py
./.venv/Lib/site-packages/pythonwin/pywin/tools/hierlist.py
./.venv/Lib/site-packages/pythonwin/pywin/tools/regedit.py
./.venv/Lib/site-packages/pythonwin/pywin/tools/regpy.py
./.venv/Lib/site-packages/pytz/__init__.py
./.venv/Lib/site-packages/pytz/exceptions.py
./.venv/Lib/site-packages/pytz/lazy.py
./.venv/Lib/site-packages/pytz/reference.py
./.venv/Lib/site-packages/pytz/tzfile.py
./.venv/Lib/site-packages/pytz/tzinfo.py
./.venv/Lib/site-packages/qdrant_client/__init__.py
./.venv/Lib/site-packages/qdrant_client/_pydantic_compat.py
./.venv/Lib/site-packages/qdrant_client/async_client_base.py
./.venv/Lib/site-packages/qdrant_client/async_qdrant_client.py
./.venv/Lib/site-packages/qdrant_client/async_qdrant_fastembed.py
./.venv/Lib/site-packages/qdrant_client/async_qdrant_remote.py
./.venv/Lib/site-packages/qdrant_client/auth/__init__.py
./.venv/Lib/site-packages/qdrant_client/auth/bearer_auth.py
./.venv/Lib/site-packages/qdrant_client/client_base.py
./.venv/Lib/site-packages/qdrant_client/common/__init__.py
./.venv/Lib/site-packages/qdrant_client/common/client_exceptions.py
./.venv/Lib/site-packages/qdrant_client/common/client_warnings.py
./.venv/Lib/site-packages/qdrant_client/common/version_check.py
./.venv/Lib/site-packages/qdrant_client/connection.py
./.venv/Lib/site-packages/qdrant_client/conversions/__init__.py
./.venv/Lib/site-packages/qdrant_client/conversions/common_types.py
./.venv/Lib/site-packages/qdrant_client/conversions/conversion.py
./.venv/Lib/site-packages/qdrant_client/embed/_inspection_cache.py
./.venv/Lib/site-packages/qdrant_client/embed/common.py
./.venv/Lib/site-packages/qdrant_client/embed/embed_inspector.py
./.venv/Lib/site-packages/qdrant_client/embed/embedder.py
./.venv/Lib/site-packages/qdrant_client/embed/model_embedder.py
./.venv/Lib/site-packages/qdrant_client/embed/models.py
./.venv/Lib/site-packages/qdrant_client/embed/schema_parser.py
./.venv/Lib/site-packages/qdrant_client/embed/type_inspector.py
./.venv/Lib/site-packages/qdrant_client/embed/utils.py
./.venv/Lib/site-packages/qdrant_client/fastembed_common.py
./.venv/Lib/site-packages/qdrant_client/grpc/__init__.py
./.venv/Lib/site-packages/qdrant_client/grpc/collections_pb2.py
./.venv/Lib/site-packages/qdrant_client/grpc/collections_pb2_grpc.py
./.venv/Lib/site-packages/qdrant_client/grpc/collections_service_pb2.py
./.venv/Lib/site-packages/qdrant_client/grpc/collections_service_pb2_grpc.py
./.venv/Lib/site-packages/qdrant_client/grpc/json_with_int_pb2.py
./.venv/Lib/site-packages/qdrant_client/grpc/json_with_int_pb2_grpc.py
./.venv/Lib/site-packages/qdrant_client/grpc/points_pb2.py
./.venv/Lib/site-packages/qdrant_client/grpc/points_pb2_grpc.py
./.venv/Lib/site-packages/qdrant_client/grpc/points_service_pb2.py
./.venv/Lib/site-packages/qdrant_client/grpc/points_service_pb2_grpc.py
./.venv/Lib/site-packages/qdrant_client/grpc/qdrant_common_pb2.py
./.venv/Lib/site-packages/qdrant_client/grpc/qdrant_common_pb2_grpc.py
./.venv/Lib/site-packages/qdrant_client/grpc/qdrant_pb2.py
./.venv/Lib/site-packages/qdrant_client/grpc/qdrant_pb2_grpc.py
./.venv/Lib/site-packages/qdrant_client/grpc/snapshots_service_pb2.py
./.venv/Lib/site-packages/qdrant_client/grpc/snapshots_service_pb2_grpc.py
./.venv/Lib/site-packages/qdrant_client/http/__init__.py
./.venv/Lib/site-packages/qdrant_client/http/api/__init__.py
./.venv/Lib/site-packages/qdrant_client/http/api/aliases_api.py
./.venv/Lib/site-packages/qdrant_client/http/api/beta_api.py
./.venv/Lib/site-packages/qdrant_client/http/api/collections_api.py
./.venv/Lib/site-packages/qdrant_client/http/api/distributed_api.py
./.venv/Lib/site-packages/qdrant_client/http/api/indexes_api.py
./.venv/Lib/site-packages/qdrant_client/http/api/points_api.py
./.venv/Lib/site-packages/qdrant_client/http/api/search_api.py
./.venv/Lib/site-packages/qdrant_client/http/api/service_api.py
./.venv/Lib/site-packages/qdrant_client/http/api/snapshots_api.py
./.venv/Lib/site-packages/qdrant_client/http/api_client.py
./.venv/Lib/site-packages/qdrant_client/http/configuration.py
./.venv/Lib/site-packages/qdrant_client/http/exceptions.py
./.venv/Lib/site-packages/qdrant_client/http/models/__init__.py
./.venv/Lib/site-packages/qdrant_client/http/models/models.py
./.venv/Lib/site-packages/qdrant_client/hybrid/__init__.py
./.venv/Lib/site-packages/qdrant_client/hybrid/formula.py
./.venv/Lib/site-packages/qdrant_client/hybrid/fusion.py
./.venv/Lib/site-packages/qdrant_client/hybrid/test_reranking.py
./.venv/Lib/site-packages/qdrant_client/local/__init__.py
./.venv/Lib/site-packages/qdrant_client/local/async_qdrant_local.py
./.venv/Lib/site-packages/qdrant_client/local/datetime_utils.py
./.venv/Lib/site-packages/qdrant_client/local/distances.py
./.venv/Lib/site-packages/qdrant_client/local/geo.py
./.venv/Lib/site-packages/qdrant_client/local/json_path_parser.py
./.venv/Lib/site-packages/qdrant_client/local/local_collection.py
./.venv/Lib/site-packages/qdrant_client/local/multi_distances.py
./.venv/Lib/site-packages/qdrant_client/local/order_by.py
./.venv/Lib/site-packages/qdrant_client/local/payload_filters.py
./.venv/Lib/site-packages/qdrant_client/local/payload_value_extractor.py
./.venv/Lib/site-packages/qdrant_client/local/payload_value_setter.py
./.venv/Lib/site-packages/qdrant_client/local/persistence.py
./.venv/Lib/site-packages/qdrant_client/local/qdrant_local.py
./.venv/Lib/site-packages/qdrant_client/local/sparse.py
./.venv/Lib/site-packages/qdrant_client/local/sparse_distances.py
./.venv/Lib/site-packages/qdrant_client/local/tests/__init__.py
./.venv/Lib/site-packages/qdrant_client/local/tests/test_datetimes.py
./.venv/Lib/site-packages/qdrant_client/local/tests/test_distances.py
./.venv/Lib/site-packages/qdrant_client/local/tests/test_payload_filters.py
./.venv/Lib/site-packages/qdrant_client/local/tests/test_payload_utils.py
./.venv/Lib/site-packages/qdrant_client/local/tests/test_referenced_vectors.py
./.venv/Lib/site-packages/qdrant_client/local/tests/test_vectors.py
./.venv/Lib/site-packages/qdrant_client/migrate/__init__.py
./.venv/Lib/site-packages/qdrant_client/migrate/migrate.py
./.venv/Lib/site-packages/qdrant_client/models/__init__.py
./.venv/Lib/site-packages/qdrant_client/parallel_processor.py
./.venv/Lib/site-packages/qdrant_client/qdrant_client.py
./.venv/Lib/site-packages/qdrant_client/qdrant_fastembed.py
./.venv/Lib/site-packages/qdrant_client/qdrant_remote.py
./.venv/Lib/site-packages/qdrant_client/uploader/__init__.py
./.venv/Lib/site-packages/qdrant_client/uploader/grpc_uploader.py
./.venv/Lib/site-packages/qdrant_client/uploader/rest_uploader.py
./.venv/Lib/site-packages/qdrant_client/uploader/uploader.py
./.venv/Lib/site-packages/redis/__init__.py
./.venv/Lib/site-packages/redis/_parsers/__init__.py
./.venv/Lib/site-packages/redis/_parsers/base.py
./.venv/Lib/site-packages/redis/_parsers/commands.py
./.venv/Lib/site-packages/redis/_parsers/encoders.py
./.venv/Lib/site-packages/redis/_parsers/helpers.py
./.venv/Lib/site-packages/redis/_parsers/hiredis.py
./.venv/Lib/site-packages/redis/_parsers/resp2.py
./.venv/Lib/site-packages/redis/_parsers/resp3.py
./.venv/Lib/site-packages/redis/_parsers/socket.py
./.venv/Lib/site-packages/redis/asyncio/__init__.py
./.venv/Lib/site-packages/redis/asyncio/client.py
./.venv/Lib/site-packages/redis/asyncio/cluster.py
./.venv/Lib/site-packages/redis/asyncio/connection.py
./.venv/Lib/site-packages/redis/asyncio/http/__init__.py
./.venv/Lib/site-packages/redis/asyncio/http/http_client.py
./.venv/Lib/site-packages/redis/asyncio/lock.py
./.venv/Lib/site-packages/redis/asyncio/multidb/__init__.py
./.venv/Lib/site-packages/redis/asyncio/multidb/client.py
./.venv/Lib/site-packages/redis/asyncio/multidb/command_executor.py
./.venv/Lib/site-packages/redis/asyncio/multidb/config.py
./.venv/Lib/site-packages/redis/asyncio/multidb/database.py
./.venv/Lib/site-packages/redis/asyncio/multidb/event.py
./.venv/Lib/site-packages/redis/asyncio/multidb/failover.py
./.venv/Lib/site-packages/redis/asyncio/multidb/failure_detector.py
./.venv/Lib/site-packages/redis/asyncio/multidb/healthcheck.py
./.venv/Lib/site-packages/redis/asyncio/observability/__init__.py
./.venv/Lib/site-packages/redis/asyncio/observability/recorder.py
./.venv/Lib/site-packages/redis/asyncio/retry.py
./.venv/Lib/site-packages/redis/asyncio/sentinel.py
./.venv/Lib/site-packages/redis/asyncio/utils.py
./.venv/Lib/site-packages/redis/auth/__init__.py
./.venv/Lib/site-packages/redis/auth/err.py
./.venv/Lib/site-packages/redis/auth/idp.py
./.venv/Lib/site-packages/redis/auth/token.py
./.venv/Lib/site-packages/redis/auth/token_manager.py
./.venv/Lib/site-packages/redis/background.py
./.venv/Lib/site-packages/redis/backoff.py
./.venv/Lib/site-packages/redis/cache.py
./.venv/Lib/site-packages/redis/client.py
./.venv/Lib/site-packages/redis/cluster.py
./.venv/Lib/site-packages/redis/commands/__init__.py
./.venv/Lib/site-packages/redis/commands/bf/__init__.py
./.venv/Lib/site-packages/redis/commands/bf/commands.py
./.venv/Lib/site-packages/redis/commands/bf/info.py
./.venv/Lib/site-packages/redis/commands/cluster.py
./.venv/Lib/site-packages/redis/commands/core.py
./.venv/Lib/site-packages/redis/commands/helpers.py
./.venv/Lib/site-packages/redis/commands/json/__init__.py
./.venv/Lib/site-packages/redis/commands/json/_util.py
./.venv/Lib/site-packages/redis/commands/json/commands.py
./.venv/Lib/site-packages/redis/commands/json/decoders.py
./.venv/Lib/site-packages/redis/commands/json/path.py
./.venv/Lib/site-packages/redis/commands/policies.py
./.venv/Lib/site-packages/redis/commands/redismodules.py
./.venv/Lib/site-packages/redis/commands/search/__init__.py
./.venv/Lib/site-packages/redis/commands/search/_util.py
./.venv/Lib/site-packages/redis/commands/search/aggregation.py
./.venv/Lib/site-packages/redis/commands/search/commands.py
./.venv/Lib/site-packages/redis/commands/search/dialect.py
./.venv/Lib/site-packages/redis/commands/search/document.py
./.venv/Lib/site-packages/redis/commands/search/field.py
./.venv/Lib/site-packages/redis/commands/search/hybrid_query.py
./.venv/Lib/site-packages/redis/commands/search/hybrid_result.py
./.venv/Lib/site-packages/redis/commands/search/index_definition.py
./.venv/Lib/site-packages/redis/commands/search/profile_information.py
./.venv/Lib/site-packages/redis/commands/search/query.py
./.venv/Lib/site-packages/redis/commands/search/querystring.py
./.venv/Lib/site-packages/redis/commands/search/reducers.py
./.venv/Lib/site-packages/redis/commands/search/result.py
./.venv/Lib/site-packages/redis/commands/search/suggestion.py
./.venv/Lib/site-packages/redis/commands/sentinel.py
./.venv/Lib/site-packages/redis/commands/timeseries/__init__.py
./.venv/Lib/site-packages/redis/commands/timeseries/commands.py
./.venv/Lib/site-packages/redis/commands/timeseries/info.py
./.venv/Lib/site-packages/redis/commands/timeseries/utils.py
./.venv/Lib/site-packages/redis/commands/vectorset/__init__.py
./.venv/Lib/site-packages/redis/commands/vectorset/commands.py
./.venv/Lib/site-packages/redis/commands/vectorset/utils.py
./.venv/Lib/site-packages/redis/connection.py
./.venv/Lib/site-packages/redis/crc.py
./.venv/Lib/site-packages/redis/credentials.py
./.venv/Lib/site-packages/redis/data_structure.py
./.venv/Lib/site-packages/redis/driver_info.py
./.venv/Lib/site-packages/redis/event.py
./.venv/Lib/site-packages/redis/exceptions.py
./.venv/Lib/site-packages/redis/http/__init__.py
./.venv/Lib/site-packages/redis/http/http_client.py
./.venv/Lib/site-packages/redis/lock.py
./.venv/Lib/site-packages/redis/maint_notifications.py
./.venv/Lib/site-packages/redis/multidb/__init__.py
./.venv/Lib/site-packages/redis/multidb/circuit.py
./.venv/Lib/site-packages/redis/multidb/client.py
./.venv/Lib/site-packages/redis/multidb/command_executor.py
./.venv/Lib/site-packages/redis/multidb/config.py
./.venv/Lib/site-packages/redis/multidb/database.py
./.venv/Lib/site-packages/redis/multidb/event.py
./.venv/Lib/site-packages/redis/multidb/exception.py
./.venv/Lib/site-packages/redis/multidb/failover.py
./.venv/Lib/site-packages/redis/multidb/failure_detector.py
./.venv/Lib/site-packages/redis/observability/__init__.py
./.venv/Lib/site-packages/redis/observability/attributes.py
./.venv/Lib/site-packages/redis/observability/config.py
./.venv/Lib/site-packages/redis/observability/metrics.py
./.venv/Lib/site-packages/redis/observability/providers.py
./.venv/Lib/site-packages/redis/observability/recorder.py
./.venv/Lib/site-packages/redis/observability/registry.py
./.venv/Lib/site-packages/redis/ocsp.py
./.venv/Lib/site-packages/redis/retry.py
./.venv/Lib/site-packages/redis/sentinel.py
./.venv/Lib/site-packages/redis/typing.py
./.venv/Lib/site-packages/redis/utils.py
./.venv/Lib/site-packages/referencing/__init__.py
./.venv/Lib/site-packages/referencing/_attrs.py
./.venv/Lib/site-packages/referencing/_core.py
./.venv/Lib/site-packages/referencing/exceptions.py
./.venv/Lib/site-packages/referencing/jsonschema.py
./.venv/Lib/site-packages/referencing/retrieval.py
./.venv/Lib/site-packages/referencing/tests/__init__.py
./.venv/Lib/site-packages/referencing/tests/test_core.py
./.venv/Lib/site-packages/referencing/tests/test_exceptions.py
./.venv/Lib/site-packages/referencing/tests/test_jsonschema.py
./.venv/Lib/site-packages/referencing/tests/test_referencing_suite.py
./.venv/Lib/site-packages/referencing/tests/test_retrieval.py
./.venv/Lib/site-packages/referencing/typing.py
./.venv/Lib/site-packages/regex/__init__.py
./.venv/Lib/site-packages/regex/_main.py
./.venv/Lib/site-packages/regex/_regex_core.py
./.venv/Lib/site-packages/regex/tests/test_regex.py
./.venv/Lib/site-packages/requests/__init__.py
./.venv/Lib/site-packages/requests/__version__.py
./.venv/Lib/site-packages/requests/_internal_utils.py
./.venv/Lib/site-packages/requests/adapters.py
./.venv/Lib/site-packages/requests/api.py
./.venv/Lib/site-packages/requests/auth.py
./.venv/Lib/site-packages/requests/certs.py
./.venv/Lib/site-packages/requests/compat.py
./.venv/Lib/site-packages/requests/cookies.py
./.venv/Lib/site-packages/requests/exceptions.py
./.venv/Lib/site-packages/requests/help.py
./.venv/Lib/site-packages/requests/hooks.py
./.venv/Lib/site-packages/requests/models.py
./.venv/Lib/site-packages/requests/packages.py
./.venv/Lib/site-packages/requests/sessions.py
./.venv/Lib/site-packages/requests/status_codes.py
./.venv/Lib/site-packages/requests/structures.py
./.venv/Lib/site-packages/requests/utils.py
./.venv/Lib/site-packages/rich/__init__.py
./.venv/Lib/site-packages/rich/__main__.py
./.venv/Lib/site-packages/rich/_emoji_codes.py
./.venv/Lib/site-packages/rich/_emoji_replace.py
./.venv/Lib/site-packages/rich/_export_format.py
./.venv/Lib/site-packages/rich/_extension.py
./.venv/Lib/site-packages/rich/_fileno.py
./.venv/Lib/site-packages/rich/_inspect.py
./.venv/Lib/site-packages/rich/_log_render.py
./.venv/Lib/site-packages/rich/_loop.py
./.venv/Lib/site-packages/rich/_null_file.py
./.venv/Lib/site-packages/rich/_palettes.py
./.venv/Lib/site-packages/rich/_pick.py
./.venv/Lib/site-packages/rich/_ratio.py
./.venv/Lib/site-packages/rich/_spinners.py
./.venv/Lib/site-packages/rich/_stack.py
./.venv/Lib/site-packages/rich/_timer.py
./.venv/Lib/site-packages/rich/_unicode_data/__init__.py
./.venv/Lib/site-packages/rich/_unicode_data/_versions.py
./.venv/Lib/site-packages/rich/_unicode_data/unicode10-0-0.py
./.venv/Lib/site-packages/rich/_unicode_data/unicode11-0-0.py
./.venv/Lib/site-packages/rich/_unicode_data/unicode12-0-0.py
./.venv/Lib/site-packages/rich/_unicode_data/unicode12-1-0.py
./.venv/Lib/site-packages/rich/_unicode_data/unicode13-0-0.py
./.venv/Lib/site-packages/rich/_unicode_data/unicode14-0-0.py
./.venv/Lib/site-packages/rich/_unicode_data/unicode15-0-0.py
./.venv/Lib/site-packages/rich/_unicode_data/unicode15-1-0.py
./.venv/Lib/site-packages/rich/_unicode_data/unicode16-0-0.py
./.venv/Lib/site-packages/rich/_unicode_data/unicode17-0-0.py
./.venv/Lib/site-packages/rich/_unicode_data/unicode4-1-0.py
./.venv/Lib/site-packages/rich/_unicode_data/unicode5-0-0.py
./.venv/Lib/site-packages/rich/_unicode_data/unicode5-1-0.py
./.venv/Lib/site-packages/rich/_unicode_data/unicode5-2-0.py
./.venv/Lib/site-packages/rich/_unicode_data/unicode6-0-0.py
./.venv/Lib/site-packages/rich/_unicode_data/unicode6-1-0.py
./.venv/Lib/site-packages/rich/_unicode_data/unicode6-2-0.py
./.venv/Lib/site-packages/rich/_unicode_data/unicode6-3-0.py
./.venv/Lib/site-packages/rich/_unicode_data/unicode7-0-0.py
./.venv/Lib/site-packages/rich/_unicode_data/unicode8-0-0.py
./.venv/Lib/site-packages/rich/_unicode_data/unicode9-0-0.py
./.venv/Lib/site-packages/rich/_win32_console.py
./.venv/Lib/site-packages/rich/_windows.py
./.venv/Lib/site-packages/rich/_windows_renderer.py
./.venv/Lib/site-packages/rich/_wrap.py
./.venv/Lib/site-packages/rich/abc.py
./.venv/Lib/site-packages/rich/align.py
./.venv/Lib/site-packages/rich/ansi.py
./.venv/Lib/site-packages/rich/bar.py
./.venv/Lib/site-packages/rich/box.py
./.venv/Lib/site-packages/rich/cells.py
./.venv/Lib/site-packages/rich/color.py
./.venv/Lib/site-packages/rich/color_triplet.py
./.venv/Lib/site-packages/rich/columns.py
./.venv/Lib/site-packages/rich/console.py
./.venv/Lib/site-packages/rich/constrain.py
./.venv/Lib/site-packages/rich/containers.py
./.venv/Lib/site-packages/rich/control.py
./.venv/Lib/site-packages/rich/default_styles.py
./.venv/Lib/site-packages/rich/diagnose.py
./.venv/Lib/site-packages/rich/emoji.py
./.venv/Lib/site-packages/rich/errors.py
./.venv/Lib/site-packages/rich/file_proxy.py
./.venv/Lib/site-packages/rich/filesize.py
./.venv/Lib/site-packages/rich/highlighter.py
./.venv/Lib/site-packages/rich/json.py
./.venv/Lib/site-packages/rich/jupyter.py
./.venv/Lib/site-packages/rich/layout.py
./.venv/Lib/site-packages/rich/live.py
./.venv/Lib/site-packages/rich/live_render.py
./.venv/Lib/site-packages/rich/logging.py
./.venv/Lib/site-packages/rich/markdown.py
./.venv/Lib/site-packages/rich/markup.py
./.venv/Lib/site-packages/rich/measure.py
./.venv/Lib/site-packages/rich/padding.py
./.venv/Lib/site-packages/rich/pager.py
./.venv/Lib/site-packages/rich/palette.py
./.venv/Lib/site-packages/rich/panel.py
./.venv/Lib/site-packages/rich/pretty.py
./.venv/Lib/site-packages/rich/progress.py
./.venv/Lib/site-packages/rich/progress_bar.py
./.venv/Lib/site-packages/rich/prompt.py
./.venv/Lib/site-packages/rich/protocol.py
./.venv/Lib/site-packages/rich/region.py
./.venv/Lib/site-packages/rich/repr.py
./.venv/Lib/site-packages/rich/rule.py
./.venv/Lib/site-packages/rich/scope.py
./.venv/Lib/site-packages/rich/screen.py
./.venv/Lib/site-packages/rich/segment.py
./.venv/Lib/site-packages/rich/spinner.py
./.venv/Lib/site-packages/rich/status.py
./.venv/Lib/site-packages/rich/style.py
./.venv/Lib/site-packages/rich/styled.py
./.venv/Lib/site-packages/rich/syntax.py
./.venv/Lib/site-packages/rich/table.py
./.venv/Lib/site-packages/rich/terminal_theme.py
./.venv/Lib/site-packages/rich/text.py
./.venv/Lib/site-packages/rich/theme.py
./.venv/Lib/site-packages/rich/themes.py
./.venv/Lib/site-packages/rich/traceback.py
./.venv/Lib/site-packages/rich/tree.py
./.venv/Lib/site-packages/rpds/__init__.py
./.venv/Lib/site-packages/ruff/__init__.py
./.venv/Lib/site-packages/ruff/__main__.py
./.venv/Lib/site-packages/ruff/_find_ruff.py
./.venv/Lib/site-packages/schedule/__init__.py
./.venv/Lib/site-packages/setuptools/__init__.py
./.venv/Lib/site-packages/setuptools/_core_metadata.py
./.venv/Lib/site-packages/setuptools/_discovery.py
./.venv/Lib/site-packages/setuptools/_distutils/__init__.py
./.venv/Lib/site-packages/setuptools/_distutils/_log.py
./.venv/Lib/site-packages/setuptools/_distutils/_macos_compat.py
./.venv/Lib/site-packages/setuptools/_distutils/_modified.py
./.venv/Lib/site-packages/setuptools/_distutils/_msvccompiler.py
./.venv/Lib/site-packages/setuptools/_distutils/archive_util.py
./.venv/Lib/site-packages/setuptools/_distutils/ccompiler.py
./.venv/Lib/site-packages/setuptools/_distutils/cmd.py
./.venv/Lib/site-packages/setuptools/_distutils/command/__init__.py
./.venv/Lib/site-packages/setuptools/_distutils/command/_framework_compat.py
./.venv/Lib/site-packages/setuptools/_distutils/command/bdist.py
./.venv/Lib/site-packages/setuptools/_distutils/command/bdist_dumb.py
./.venv/Lib/site-packages/setuptools/_distutils/command/bdist_rpm.py
./.venv/Lib/site-packages/setuptools/_distutils/command/build.py
./.venv/Lib/site-packages/setuptools/_distutils/command/build_clib.py
./.venv/Lib/site-packages/setuptools/_distutils/command/build_ext.py
./.venv/Lib/site-packages/setuptools/_distutils/command/build_py.py
./.venv/Lib/site-packages/setuptools/_distutils/command/build_scripts.py
./.venv/Lib/site-packages/setuptools/_distutils/command/check.py
./.venv/Lib/site-packages/setuptools/_distutils/command/clean.py
./.venv/Lib/site-packages/setuptools/_distutils/command/config.py
./.venv/Lib/site-packages/setuptools/_distutils/command/install.py
./.venv/Lib/site-packages/setuptools/_distutils/command/install_data.py
./.venv/Lib/site-packages/setuptools/_distutils/command/install_egg_info.py
./.venv/Lib/site-packages/setuptools/_distutils/command/install_headers.py
./.venv/Lib/site-packages/setuptools/_distutils/command/install_lib.py
./.venv/Lib/site-packages/setuptools/_distutils/command/install_scripts.py
./.venv/Lib/site-packages/setuptools/_distutils/command/sdist.py
./.venv/Lib/site-packages/setuptools/_distutils/compat/__init__.py
./.venv/Lib/site-packages/setuptools/_distutils/compat/numpy.py
./.venv/Lib/site-packages/setuptools/_distutils/compat/py39.py
./.venv/Lib/site-packages/setuptools/_distutils/compilers/C/base.py
./.venv/Lib/site-packages/setuptools/_distutils/compilers/C/cygwin.py
./.venv/Lib/site-packages/setuptools/_distutils/compilers/C/errors.py
./.venv/Lib/site-packages/setuptools/_distutils/compilers/C/msvc.py
./.venv/Lib/site-packages/setuptools/_distutils/compilers/C/tests/test_base.py
./.venv/Lib/site-packages/setuptools/_distutils/compilers/C/tests/test_cygwin.py
./.venv/Lib/site-packages/setuptools/_distutils/compilers/C/tests/test_mingw.py
./.venv/Lib/site-packages/setuptools/_distutils/compilers/C/tests/test_msvc.py
./.venv/Lib/site-packages/setuptools/_distutils/compilers/C/tests/test_unix.py
./.venv/Lib/site-packages/setuptools/_distutils/compilers/C/unix.py
./.venv/Lib/site-packages/setuptools/_distutils/compilers/C/zos.py
./.venv/Lib/site-packages/setuptools/_distutils/core.py
./.venv/Lib/site-packages/setuptools/_distutils/cygwinccompiler.py
./.venv/Lib/site-packages/setuptools/_distutils/debug.py
./.venv/Lib/site-packages/setuptools/_distutils/dep_util.py
./.venv/Lib/site-packages/setuptools/_distutils/dir_util.py
./.venv/Lib/site-packages/setuptools/_distutils/dist.py
./.venv/Lib/site-packages/setuptools/_distutils/errors.py
./.venv/Lib/site-packages/setuptools/_distutils/extension.py
./.venv/Lib/site-packages/setuptools/_distutils/fancy_getopt.py
./.venv/Lib/site-packages/setuptools/_distutils/file_util.py
./.venv/Lib/site-packages/setuptools/_distutils/filelist.py
./.venv/Lib/site-packages/setuptools/_distutils/log.py
./.venv/Lib/site-packages/setuptools/_distutils/spawn.py
./.venv/Lib/site-packages/setuptools/_distutils/sysconfig.py
./.venv/Lib/site-packages/setuptools/_distutils/tests/__init__.py
./.venv/Lib/site-packages/setuptools/_distutils/tests/compat/__init__.py
./.venv/Lib/site-packages/setuptools/_distutils/tests/compat/py39.py
./.venv/Lib/site-packages/setuptools/_distutils/tests/support.py
./.venv/Lib/site-packages/setuptools/_distutils/tests/test_archive_util.py
./.venv/Lib/site-packages/setuptools/_distutils/tests/test_bdist.py
./.venv/Lib/site-packages/setuptools/_distutils/tests/test_bdist_dumb.py
./.venv/Lib/site-packages/setuptools/_distutils/tests/test_bdist_rpm.py
./.venv/Lib/site-packages/setuptools/_distutils/tests/test_build.py
./.venv/Lib/site-packages/setuptools/_distutils/tests/test_build_clib.py
./.venv/Lib/site-packages/setuptools/_distutils/tests/test_build_ext.py
./.venv/Lib/site-packages/setuptools/_distutils/tests/test_build_py.py
./.venv/Lib/site-packages/setuptools/_distutils/tests/test_build_scripts.py
./.venv/Lib/site-packages/setuptools/_distutils/tests/test_check.py
./.venv/Lib/site-packages/setuptools/_distutils/tests/test_clean.py
./.venv/Lib/site-packages/setuptools/_distutils/tests/test_cmd.py
./.venv/Lib/site-packages/setuptools/_distutils/tests/test_config_cmd.py
./.venv/Lib/site-packages/setuptools/_distutils/tests/test_core.py
./.venv/Lib/site-packages/setuptools/_distutils/tests/test_dir_util.py
./.venv/Lib/site-packages/setuptools/_distutils/tests/test_dist.py
./.venv/Lib/site-packages/setuptools/_distutils/tests/test_extension.py
./.venv/Lib/site-packages/setuptools/_distutils/tests/test_file_util.py
./.venv/Lib/site-packages/setuptools/_distutils/tests/test_filelist.py
./.venv/Lib/site-packages/setuptools/_distutils/tests/test_install.py
./.venv/Lib/site-packages/setuptools/_distutils/tests/test_install_data.py
./.venv/Lib/site-packages/setuptools/_distutils/tests/test_install_headers.py
./.venv/Lib/site-packages/setuptools/_distutils/tests/test_install_lib.py
./.venv/Lib/site-packages/setuptools/_distutils/tests/test_install_scripts.py
./.venv/Lib/site-packages/setuptools/_distutils/tests/test_log.py
./.venv/Lib/site-packages/setuptools/_distutils/tests/test_modified.py
./.venv/Lib/site-packages/setuptools/_distutils/tests/test_sdist.py
./.venv/Lib/site-packages/setuptools/_distutils/tests/test_spawn.py
./.venv/Lib/site-packages/setuptools/_distutils/tests/test_sysconfig.py
./.venv/Lib/site-packages/setuptools/_distutils/tests/test_text_file.py
./.venv/Lib/site-packages/setuptools/_distutils/tests/test_util.py
./.venv/Lib/site-packages/setuptools/_distutils/tests/test_version.py
./.venv/Lib/site-packages/setuptools/_distutils/tests/test_versionpredicate.py
./.venv/Lib/site-packages/setuptools/_distutils/tests/unix_compat.py
./.venv/Lib/site-packages/setuptools/_distutils/text_file.py
./.venv/Lib/site-packages/setuptools/_distutils/unixccompiler.py
./.venv/Lib/site-packages/setuptools/_distutils/util.py
./.venv/Lib/site-packages/setuptools/_distutils/version.py
./.venv/Lib/site-packages/setuptools/_distutils/versionpredicate.py
./.venv/Lib/site-packages/setuptools/_distutils/zosccompiler.py
./.venv/Lib/site-packages/setuptools/_entry_points.py
./.venv/Lib/site-packages/setuptools/_imp.py
./.venv/Lib/site-packages/setuptools/_importlib.py
./.venv/Lib/site-packages/setuptools/_itertools.py
./.venv/Lib/site-packages/setuptools/_normalization.py
./.venv/Lib/site-packages/setuptools/_path.py
./.venv/Lib/site-packages/setuptools/_reqs.py
./.venv/Lib/site-packages/setuptools/_scripts.py
./.venv/Lib/site-packages/setuptools/_shutil.py
./.venv/Lib/site-packages/setuptools/_static.py
./.venv/Lib/site-packages/setuptools/_vendor/autocommand/__init__.py
./.venv/Lib/site-packages/setuptools/_vendor/autocommand/autoasync.py
./.venv/Lib/site-packages/setuptools/_vendor/autocommand/autocommand.py
./.venv/Lib/site-packages/setuptools/_vendor/autocommand/automain.py
./.venv/Lib/site-packages/setuptools/_vendor/autocommand/autoparse.py
./.venv/Lib/site-packages/setuptools/_vendor/autocommand/errors.py
./.venv/Lib/site-packages/setuptools/_vendor/backports/__init__.py
./.venv/Lib/site-packages/setuptools/_vendor/backports/tarfile/__init__.py
./.venv/Lib/site-packages/setuptools/_vendor/backports/tarfile/__main__.py
./.venv/Lib/site-packages/setuptools/_vendor/backports/tarfile/compat/__init__.py
./.venv/Lib/site-packages/setuptools/_vendor/backports/tarfile/compat/py38.py
./.venv/Lib/site-packages/setuptools/_vendor/importlib_metadata/__init__.py
./.venv/Lib/site-packages/setuptools/_vendor/importlib_metadata/_adapters.py
./.venv/Lib/site-packages/setuptools/_vendor/importlib_metadata/_collections.py
./.venv/Lib/site-packages/setuptools/_vendor/importlib_metadata/_compat.py
./.venv/Lib/site-packages/setuptools/_vendor/importlib_metadata/_functools.py
./.venv/Lib/site-packages/setuptools/_vendor/importlib_metadata/_itertools.py
./.venv/Lib/site-packages/setuptools/_vendor/importlib_metadata/_meta.py
./.venv/Lib/site-packages/setuptools/_vendor/importlib_metadata/_text.py
./.venv/Lib/site-packages/setuptools/_vendor/importlib_metadata/_typing.py
./.venv/Lib/site-packages/setuptools/_vendor/importlib_metadata/compat/__init__.py
./.venv/Lib/site-packages/setuptools/_vendor/importlib_metadata/compat/py311.py
./.venv/Lib/site-packages/setuptools/_vendor/importlib_metadata/compat/py39.py
./.venv/Lib/site-packages/setuptools/_vendor/importlib_metadata/diagnose.py
./.venv/Lib/site-packages/setuptools/_vendor/jaraco/context/__init__.py
./.venv/Lib/site-packages/setuptools/_vendor/jaraco/functools/__init__.py
./.venv/Lib/site-packages/setuptools/_vendor/jaraco/text/__init__.py
./.venv/Lib/site-packages/setuptools/_vendor/jaraco/text/layouts.py
./.venv/Lib/site-packages/setuptools/_vendor/jaraco/text/show-newlines.py
./.venv/Lib/site-packages/setuptools/_vendor/jaraco/text/strip-prefix.py
./.venv/Lib/site-packages/setuptools/_vendor/jaraco/text/to-dvorak.py
./.venv/Lib/site-packages/setuptools/_vendor/jaraco/text/to-qwerty.py
./.venv/Lib/site-packages/setuptools/_vendor/more_itertools/__init__.py
./.venv/Lib/site-packages/setuptools/_vendor/more_itertools/more.py
./.venv/Lib/site-packages/setuptools/_vendor/more_itertools/recipes.py
./.venv/Lib/site-packages/setuptools/_vendor/packaging/__init__.py
./.venv/Lib/site-packages/setuptools/_vendor/packaging/_elffile.py
./.venv/Lib/site-packages/setuptools/_vendor/packaging/_manylinux.py
./.venv/Lib/site-packages/setuptools/_vendor/packaging/_musllinux.py
./.venv/Lib/site-packages/setuptools/_vendor/packaging/_parser.py
./.venv/Lib/site-packages/setuptools/_vendor/packaging/_structures.py
./.venv/Lib/site-packages/setuptools/_vendor/packaging/_tokenizer.py
./.venv/Lib/site-packages/setuptools/_vendor/packaging/licenses/__init__.py
./.venv/Lib/site-packages/setuptools/_vendor/packaging/licenses/_spdx.py
./.venv/Lib/site-packages/setuptools/_vendor/packaging/markers.py
./.venv/Lib/site-packages/setuptools/_vendor/packaging/metadata.py
./.venv/Lib/site-packages/setuptools/_vendor/packaging/pylock.py
./.venv/Lib/site-packages/setuptools/_vendor/packaging/requirements.py
./.venv/Lib/site-packages/setuptools/_vendor/packaging/specifiers.py
./.venv/Lib/site-packages/setuptools/_vendor/packaging/tags.py
./.venv/Lib/site-packages/setuptools/_vendor/packaging/utils.py
./.venv/Lib/site-packages/setuptools/_vendor/packaging/version.py
./.venv/Lib/site-packages/setuptools/_vendor/platformdirs/__init__.py
./.venv/Lib/site-packages/setuptools/_vendor/platformdirs/__main__.py
./.venv/Lib/site-packages/setuptools/_vendor/platformdirs/android.py
./.venv/Lib/site-packages/setuptools/_vendor/platformdirs/api.py
./.venv/Lib/site-packages/setuptools/_vendor/platformdirs/macos.py
./.venv/Lib/site-packages/setuptools/_vendor/platformdirs/unix.py
./.venv/Lib/site-packages/setuptools/_vendor/platformdirs/version.py
./.venv/Lib/site-packages/setuptools/_vendor/platformdirs/windows.py
./.venv/Lib/site-packages/setuptools/_vendor/tomli/__init__.py
./.venv/Lib/site-packages/setuptools/_vendor/tomli/_parser.py
./.venv/Lib/site-packages/setuptools/_vendor/tomli/_re.py
./.venv/Lib/site-packages/setuptools/_vendor/tomli/_types.py
./.venv/Lib/site-packages/setuptools/_vendor/wheel/__init__.py
./.venv/Lib/site-packages/setuptools/_vendor/wheel/__main__.py
./.venv/Lib/site-packages/setuptools/_vendor/wheel/_bdist_wheel.py
./.venv/Lib/site-packages/setuptools/_vendor/wheel/_commands/__init__.py
./.venv/Lib/site-packages/setuptools/_vendor/wheel/_commands/convert.py
./.venv/Lib/site-packages/setuptools/_vendor/wheel/_commands/pack.py
./.venv/Lib/site-packages/setuptools/_vendor/wheel/_commands/tags.py
./.venv/Lib/site-packages/setuptools/_vendor/wheel/_commands/unpack.py
./.venv/Lib/site-packages/setuptools/_vendor/wheel/_metadata.py
./.venv/Lib/site-packages/setuptools/_vendor/wheel/_setuptools_logging.py
./.venv/Lib/site-packages/setuptools/_vendor/wheel/bdist_wheel.py
./.venv/Lib/site-packages/setuptools/_vendor/wheel/macosx_libfile.py
./.venv/Lib/site-packages/setuptools/_vendor/wheel/metadata.py
./.venv/Lib/site-packages/setuptools/_vendor/wheel/wheelfile.py
./.venv/Lib/site-packages/setuptools/_vendor/zipp/__init__.py
./.venv/Lib/site-packages/setuptools/_vendor/zipp/_functools.py
./.venv/Lib/site-packages/setuptools/_vendor/zipp/compat/__init__.py
./.venv/Lib/site-packages/setuptools/_vendor/zipp/compat/overlay.py
./.venv/Lib/site-packages/setuptools/_vendor/zipp/compat/py310.py
./.venv/Lib/site-packages/setuptools/_vendor/zipp/compat/py313.py
./.venv/Lib/site-packages/setuptools/_vendor/zipp/glob.py
./.venv/Lib/site-packages/setuptools/archive_util.py
./.venv/Lib/site-packages/setuptools/build_meta.py
./.venv/Lib/site-packages/setuptools/command/__init__.py
./.venv/Lib/site-packages/setuptools/command/_requirestxt.py
./.venv/Lib/site-packages/setuptools/command/alias.py
./.venv/Lib/site-packages/setuptools/command/bdist_egg.py
./.venv/Lib/site-packages/setuptools/command/bdist_rpm.py
./.venv/Lib/site-packages/setuptools/command/bdist_wheel.py
./.venv/Lib/site-packages/setuptools/command/build.py
./.venv/Lib/site-packages/setuptools/command/build_clib.py
./.venv/Lib/site-packages/setuptools/command/build_ext.py
./.venv/Lib/site-packages/setuptools/command/build_py.py
./.venv/Lib/site-packages/setuptools/command/develop.py
./.venv/Lib/site-packages/setuptools/command/dist_info.py
./.venv/Lib/site-packages/setuptools/command/easy_install.py
./.venv/Lib/site-packages/setuptools/command/editable_wheel.py
./.venv/Lib/site-packages/setuptools/command/egg_info.py
./.venv/Lib/site-packages/setuptools/command/install.py
./.venv/Lib/site-packages/setuptools/command/install_egg_info.py
./.venv/Lib/site-packages/setuptools/command/install_lib.py
./.venv/Lib/site-packages/setuptools/command/install_scripts.py
./.venv/Lib/site-packages/setuptools/command/rotate.py
./.venv/Lib/site-packages/setuptools/command/saveopts.py
./.venv/Lib/site-packages/setuptools/command/sdist.py
./.venv/Lib/site-packages/setuptools/command/setopt.py
./.venv/Lib/site-packages/setuptools/command/test.py
./.venv/Lib/site-packages/setuptools/compat/__init__.py
./.venv/Lib/site-packages/setuptools/compat/py310.py
./.venv/Lib/site-packages/setuptools/compat/py311.py
./.venv/Lib/site-packages/setuptools/compat/py312.py
./.venv/Lib/site-packages/setuptools/compat/py39.py
./.venv/Lib/site-packages/setuptools/config/__init__.py
./.venv/Lib/site-packages/setuptools/config/_apply_pyprojecttoml.py
./.venv/Lib/site-packages/setuptools/config/_validate_pyproject/__init__.py
./.venv/Lib/site-packages/setuptools/config/_validate_pyproject/error_reporting.py
./.venv/Lib/site-packages/setuptools/config/_validate_pyproject/extra_validations.py
./.venv/Lib/site-packages/setuptools/config/_validate_pyproject/fastjsonschema_exceptions.py
./.venv/Lib/site-packages/setuptools/config/_validate_pyproject/fastjsonschema_validations.py
./.venv/Lib/site-packages/setuptools/config/_validate_pyproject/formats.py
./.venv/Lib/site-packages/setuptools/config/expand.py
./.venv/Lib/site-packages/setuptools/config/pyprojecttoml.py
./.venv/Lib/site-packages/setuptools/config/setupcfg.py
./.venv/Lib/site-packages/setuptools/depends.py
./.venv/Lib/site-packages/setuptools/discovery.py
./.venv/Lib/site-packages/setuptools/dist.py
./.venv/Lib/site-packages/setuptools/errors.py
./.venv/Lib/site-packages/setuptools/extension.py
./.venv/Lib/site-packages/setuptools/glob.py
./.venv/Lib/site-packages/setuptools/installer.py
./.venv/Lib/site-packages/setuptools/launch.py
./.venv/Lib/site-packages/setuptools/logging.py
./.venv/Lib/site-packages/setuptools/modified.py
./.venv/Lib/site-packages/setuptools/monkey.py
./.venv/Lib/site-packages/setuptools/msvc.py
./.venv/Lib/site-packages/setuptools/namespaces.py
./.venv/Lib/site-packages/setuptools/tests/__init__.py
./.venv/Lib/site-packages/setuptools/tests/compat/__init__.py
./.venv/Lib/site-packages/setuptools/tests/compat/py39.py
./.venv/Lib/site-packages/setuptools/tests/config/__init__.py
./.venv/Lib/site-packages/setuptools/tests/config/downloads/__init__.py
./.venv/Lib/site-packages/setuptools/tests/config/downloads/preload.py
./.venv/Lib/site-packages/setuptools/tests/config/test_apply_pyprojecttoml.py
./.venv/Lib/site-packages/setuptools/tests/config/test_expand.py
./.venv/Lib/site-packages/setuptools/tests/config/test_pyprojecttoml.py
./.venv/Lib/site-packages/setuptools/tests/config/test_pyprojecttoml_dynamic_deps.py
./.venv/Lib/site-packages/setuptools/tests/config/test_setupcfg.py
./.venv/Lib/site-packages/setuptools/tests/contexts.py
./.venv/Lib/site-packages/setuptools/tests/environment.py
./.venv/Lib/site-packages/setuptools/tests/fixtures.py
./.venv/Lib/site-packages/setuptools/tests/integration/__init__.py
./.venv/Lib/site-packages/setuptools/tests/integration/helpers.py
./.venv/Lib/site-packages/setuptools/tests/integration/test_pbr.py
./.venv/Lib/site-packages/setuptools/tests/integration/test_pip_install_sdist.py
./.venv/Lib/site-packages/setuptools/tests/mod_with_constant.py
./.venv/Lib/site-packages/setuptools/tests/namespaces.py
./.venv/Lib/site-packages/setuptools/tests/script-with-bom.py
./.venv/Lib/site-packages/setuptools/tests/test_archive_util.py
./.venv/Lib/site-packages/setuptools/tests/test_bdist_deprecations.py
./.venv/Lib/site-packages/setuptools/tests/test_bdist_egg.py
./.venv/Lib/site-packages/setuptools/tests/test_bdist_wheel.py
./.venv/Lib/site-packages/setuptools/tests/test_build.py
./.venv/Lib/site-packages/setuptools/tests/test_build_clib.py
./.venv/Lib/site-packages/setuptools/tests/test_build_ext.py
./.venv/Lib/site-packages/setuptools/tests/test_build_meta.py
./.venv/Lib/site-packages/setuptools/tests/test_build_py.py
./.venv/Lib/site-packages/setuptools/tests/test_config_discovery.py
./.venv/Lib/site-packages/setuptools/tests/test_core_metadata.py
./.venv/Lib/site-packages/setuptools/tests/test_depends.py
./.venv/Lib/site-packages/setuptools/tests/test_develop.py
./.venv/Lib/site-packages/setuptools/tests/test_dist.py
./.venv/Lib/site-packages/setuptools/tests/test_dist_info.py
./.venv/Lib/site-packages/setuptools/tests/test_distutils_adoption.py
./.venv/Lib/site-packages/setuptools/tests/test_editable_install.py
./.venv/Lib/site-packages/setuptools/tests/test_egg_info.py
./.venv/Lib/site-packages/setuptools/tests/test_extern.py
./.venv/Lib/site-packages/setuptools/tests/test_find_packages.py
./.venv/Lib/site-packages/setuptools/tests/test_find_py_modules.py
./.venv/Lib/site-packages/setuptools/tests/test_glob.py
./.venv/Lib/site-packages/setuptools/tests/test_install_scripts.py
./.venv/Lib/site-packages/setuptools/tests/test_logging.py
./.venv/Lib/site-packages/setuptools/tests/test_manifest.py
./.venv/Lib/site-packages/setuptools/tests/test_namespaces.py
./.venv/Lib/site-packages/setuptools/tests/test_scripts.py
./.venv/Lib/site-packages/setuptools/tests/test_sdist.py
./.venv/Lib/site-packages/setuptools/tests/test_setopt.py
./.venv/Lib/site-packages/setuptools/tests/test_setuptools.py
./.venv/Lib/site-packages/setuptools/tests/test_shutil_wrapper.py
./.venv/Lib/site-packages/setuptools/tests/test_unicode_utils.py
./.venv/Lib/site-packages/setuptools/tests/test_virtualenv.py
./.venv/Lib/site-packages/setuptools/tests/test_warnings.py
./.venv/Lib/site-packages/setuptools/tests/test_wheel.py
./.venv/Lib/site-packages/setuptools/tests/test_windows_wrappers.py
./.venv/Lib/site-packages/setuptools/tests/text.py
./.venv/Lib/site-packages/setuptools/tests/textwrap.py
./.venv/Lib/site-packages/setuptools/unicode_utils.py
./.venv/Lib/site-packages/setuptools/version.py
./.venv/Lib/site-packages/setuptools/warnings.py
./.venv/Lib/site-packages/setuptools/wheel.py
./.venv/Lib/site-packages/setuptools/windows_support.py
./.venv/Lib/site-packages/shellingham/__init__.py
./.venv/Lib/site-packages/shellingham/_core.py
./.venv/Lib/site-packages/shellingham/nt.py
./.venv/Lib/site-packages/shellingham/posix/__init__.py
./.venv/Lib/site-packages/shellingham/posix/_core.py
./.venv/Lib/site-packages/shellingham/posix/proc.py
./.venv/Lib/site-packages/shellingham/posix/ps.py
./.venv/Lib/site-packages/sniffio/__init__.py
./.venv/Lib/site-packages/sniffio/_impl.py
./.venv/Lib/site-packages/sniffio/_tests/__init__.py
./.venv/Lib/site-packages/sniffio/_tests/test_sniffio.py
./.venv/Lib/site-packages/sniffio/_version.py
./.venv/Lib/site-packages/sortedcontainers/__init__.py
./.venv/Lib/site-packages/sortedcontainers/sorteddict.py
./.venv/Lib/site-packages/sortedcontainers/sortedlist.py
./.venv/Lib/site-packages/sortedcontainers/sortedset.py
./.venv/Lib/site-packages/sqlalchemy/__init__.py
./.venv/Lib/site-packages/sqlalchemy/connectors/__init__.py
./.venv/Lib/site-packages/sqlalchemy/connectors/aioodbc.py
./.venv/Lib/site-packages/sqlalchemy/connectors/asyncio.py
./.venv/Lib/site-packages/sqlalchemy/connectors/pyodbc.py
./.venv/Lib/site-packages/sqlalchemy/cyextension/__init__.py
./.venv/Lib/site-packages/sqlalchemy/dialects/__init__.py
./.venv/Lib/site-packages/sqlalchemy/dialects/_typing.py
./.venv/Lib/site-packages/sqlalchemy/dialects/mssql/__init__.py
./.venv/Lib/site-packages/sqlalchemy/dialects/mssql/aioodbc.py
./.venv/Lib/site-packages/sqlalchemy/dialects/mssql/base.py
./.venv/Lib/site-packages/sqlalchemy/dialects/mssql/information_schema.py
./.venv/Lib/site-packages/sqlalchemy/dialects/mssql/json.py
./.venv/Lib/site-packages/sqlalchemy/dialects/mssql/provision.py
./.venv/Lib/site-packages/sqlalchemy/dialects/mssql/pymssql.py
./.venv/Lib/site-packages/sqlalchemy/dialects/mssql/pyodbc.py
./.venv/Lib/site-packages/sqlalchemy/dialects/mysql/__init__.py
./.venv/Lib/site-packages/sqlalchemy/dialects/mysql/aiomysql.py
./.venv/Lib/site-packages/sqlalchemy/dialects/mysql/asyncmy.py
./.venv/Lib/site-packages/sqlalchemy/dialects/mysql/base.py
./.venv/Lib/site-packages/sqlalchemy/dialects/mysql/cymysql.py
./.venv/Lib/site-packages/sqlalchemy/dialects/mysql/dml.py
./.venv/Lib/site-packages/sqlalchemy/dialects/mysql/enumerated.py
./.venv/Lib/site-packages/sqlalchemy/dialects/mysql/expression.py
./.venv/Lib/site-packages/sqlalchemy/dialects/mysql/json.py
./.venv/Lib/site-packages/sqlalchemy/dialects/mysql/mariadb.py
./.venv/Lib/site-packages/sqlalchemy/dialects/mysql/mariadbconnector.py
./.venv/Lib/site-packages/sqlalchemy/dialects/mysql/mysqlconnector.py
./.venv/Lib/site-packages/sqlalchemy/dialects/mysql/mysqldb.py
./.venv/Lib/site-packages/sqlalchemy/dialects/mysql/provision.py
./.venv/Lib/site-packages/sqlalchemy/dialects/mysql/pymysql.py
./.venv/Lib/site-packages/sqlalchemy/dialects/mysql/pyodbc.py
./.venv/Lib/site-packages/sqlalchemy/dialects/mysql/reflection.py
./.venv/Lib/site-packages/sqlalchemy/dialects/mysql/reserved_words.py
./.venv/Lib/site-packages/sqlalchemy/dialects/mysql/types.py
./.venv/Lib/site-packages/sqlalchemy/dialects/oracle/__init__.py
./.venv/Lib/site-packages/sqlalchemy/dialects/oracle/base.py
./.venv/Lib/site-packages/sqlalchemy/dialects/oracle/cx_oracle.py
./.venv/Lib/site-packages/sqlalchemy/dialects/oracle/dictionary.py
./.venv/Lib/site-packages/sqlalchemy/dialects/oracle/oracledb.py
./.venv/Lib/site-packages/sqlalchemy/dialects/oracle/provision.py
./.venv/Lib/site-packages/sqlalchemy/dialects/oracle/types.py
./.venv/Lib/site-packages/sqlalchemy/dialects/oracle/vector.py
./.venv/Lib/site-packages/sqlalchemy/dialects/postgresql/__init__.py
./.venv/Lib/site-packages/sqlalchemy/dialects/postgresql/_psycopg_common.py
./.venv/Lib/site-packages/sqlalchemy/dialects/postgresql/array.py
./.venv/Lib/site-packages/sqlalchemy/dialects/postgresql/asyncpg.py
./.venv/Lib/site-packages/sqlalchemy/dialects/postgresql/base.py
./.venv/Lib/site-packages/sqlalchemy/dialects/postgresql/dml.py
./.venv/Lib/site-packages/sqlalchemy/dialects/postgresql/ext.py
./.venv/Lib/site-packages/sqlalchemy/dialects/postgresql/hstore.py
./.venv/Lib/site-packages/sqlalchemy/dialects/postgresql/json.py
./.venv/Lib/site-packages/sqlalchemy/dialects/postgresql/named_types.py
./.venv/Lib/site-packages/sqlalchemy/dialects/postgresql/operators.py
./.venv/Lib/site-packages/sqlalchemy/dialects/postgresql/pg8000.py
./.venv/Lib/site-packages/sqlalchemy/dialects/postgresql/pg_catalog.py
./.venv/Lib/site-packages/sqlalchemy/dialects/postgresql/provision.py
./.venv/Lib/site-packages/sqlalchemy/dialects/postgresql/psycopg.py
./.venv/Lib/site-packages/sqlalchemy/dialects/postgresql/psycopg2.py
./.venv/Lib/site-packages/sqlalchemy/dialects/postgresql/psycopg2cffi.py
./.venv/Lib/site-packages/sqlalchemy/dialects/postgresql/ranges.py
./.venv/Lib/site-packages/sqlalchemy/dialects/postgresql/types.py
./.venv/Lib/site-packages/sqlalchemy/dialects/sqlite/__init__.py
./.venv/Lib/site-packages/sqlalchemy/dialects/sqlite/aiosqlite.py
./.venv/Lib/site-packages/sqlalchemy/dialects/sqlite/base.py
./.venv/Lib/site-packages/sqlalchemy/dialects/sqlite/dml.py
./.venv/Lib/site-packages/sqlalchemy/dialects/sqlite/json.py
./.venv/Lib/site-packages/sqlalchemy/dialects/sqlite/provision.py
./.venv/Lib/site-packages/sqlalchemy/dialects/sqlite/pysqlcipher.py
./.venv/Lib/site-packages/sqlalchemy/dialects/sqlite/pysqlite.py
./.venv/Lib/site-packages/sqlalchemy/engine/__init__.py
./.venv/Lib/site-packages/sqlalchemy/engine/_py_processors.py
./.venv/Lib/site-packages/sqlalchemy/engine/_py_row.py
./.venv/Lib/site-packages/sqlalchemy/engine/_py_util.py
./.venv/Lib/site-packages/sqlalchemy/engine/base.py
./.venv/Lib/site-packages/sqlalchemy/engine/characteristics.py
./.venv/Lib/site-packages/sqlalchemy/engine/create.py
./.venv/Lib/site-packages/sqlalchemy/engine/cursor.py
./.venv/Lib/site-packages/sqlalchemy/engine/default.py
./.venv/Lib/site-packages/sqlalchemy/engine/events.py
./.venv/Lib/site-packages/sqlalchemy/engine/interfaces.py
./.venv/Lib/site-packages/sqlalchemy/engine/mock.py
./.venv/Lib/site-packages/sqlalchemy/engine/processors.py
./.venv/Lib/site-packages/sqlalchemy/engine/reflection.py
./.venv/Lib/site-packages/sqlalchemy/engine/result.py
./.venv/Lib/site-packages/sqlalchemy/engine/row.py
./.venv/Lib/site-packages/sqlalchemy/engine/strategies.py
./.venv/Lib/site-packages/sqlalchemy/engine/url.py
./.venv/Lib/site-packages/sqlalchemy/engine/util.py
./.venv/Lib/site-packages/sqlalchemy/event/__init__.py
./.venv/Lib/site-packages/sqlalchemy/event/api.py
./.venv/Lib/site-packages/sqlalchemy/event/attr.py
./.venv/Lib/site-packages/sqlalchemy/event/base.py
./.venv/Lib/site-packages/sqlalchemy/event/legacy.py
./.venv/Lib/site-packages/sqlalchemy/event/registry.py
./.venv/Lib/site-packages/sqlalchemy/events.py
./.venv/Lib/site-packages/sqlalchemy/exc.py
./.venv/Lib/site-packages/sqlalchemy/ext/__init__.py
./.venv/Lib/site-packages/sqlalchemy/ext/associationproxy.py
./.venv/Lib/site-packages/sqlalchemy/ext/asyncio/__init__.py
./.venv/Lib/site-packages/sqlalchemy/ext/asyncio/base.py
./.venv/Lib/site-packages/sqlalchemy/ext/asyncio/engine.py
./.venv/Lib/site-packages/sqlalchemy/ext/asyncio/exc.py
./.venv/Lib/site-packages/sqlalchemy/ext/asyncio/result.py
./.venv/Lib/site-packages/sqlalchemy/ext/asyncio/scoping.py
./.venv/Lib/site-packages/sqlalchemy/ext/asyncio/session.py
./.venv/Lib/site-packages/sqlalchemy/ext/automap.py
./.venv/Lib/site-packages/sqlalchemy/ext/baked.py
./.venv/Lib/site-packages/sqlalchemy/ext/compiler.py
./.venv/Lib/site-packages/sqlalchemy/ext/declarative/__init__.py
./.venv/Lib/site-packages/sqlalchemy/ext/declarative/extensions.py
./.venv/Lib/site-packages/sqlalchemy/ext/horizontal_shard.py
./.venv/Lib/site-packages/sqlalchemy/ext/hybrid.py
./.venv/Lib/site-packages/sqlalchemy/ext/indexable.py
./.venv/Lib/site-packages/sqlalchemy/ext/instrumentation.py
./.venv/Lib/site-packages/sqlalchemy/ext/mutable.py
./.venv/Lib/site-packages/sqlalchemy/ext/mypy/__init__.py
./.venv/Lib/site-packages/sqlalchemy/ext/mypy/apply.py
./.venv/Lib/site-packages/sqlalchemy/ext/mypy/decl_class.py
./.venv/Lib/site-packages/sqlalchemy/ext/mypy/infer.py
./.venv/Lib/site-packages/sqlalchemy/ext/mypy/names.py
./.venv/Lib/site-packages/sqlalchemy/ext/mypy/plugin.py
./.venv/Lib/site-packages/sqlalchemy/ext/mypy/util.py
./.venv/Lib/site-packages/sqlalchemy/ext/orderinglist.py
./.venv/Lib/site-packages/sqlalchemy/ext/serializer.py
./.venv/Lib/site-packages/sqlalchemy/future/__init__.py
./.venv/Lib/site-packages/sqlalchemy/future/engine.py
./.venv/Lib/site-packages/sqlalchemy/inspection.py
./.venv/Lib/site-packages/sqlalchemy/log.py
./.venv/Lib/site-packages/sqlalchemy/orm/__init__.py
./.venv/Lib/site-packages/sqlalchemy/orm/_orm_constructors.py
./.venv/Lib/site-packages/sqlalchemy/orm/_typing.py
./.venv/Lib/site-packages/sqlalchemy/orm/attributes.py
./.venv/Lib/site-packages/sqlalchemy/orm/base.py
./.venv/Lib/site-packages/sqlalchemy/orm/bulk_persistence.py
./.venv/Lib/site-packages/sqlalchemy/orm/clsregistry.py
./.venv/Lib/site-packages/sqlalchemy/orm/collections.py
./.venv/Lib/site-packages/sqlalchemy/orm/context.py
./.venv/Lib/site-packages/sqlalchemy/orm/decl_api.py
./.venv/Lib/site-packages/sqlalchemy/orm/decl_base.py
./.venv/Lib/site-packages/sqlalchemy/orm/dependency.py
./.venv/Lib/site-packages/sqlalchemy/orm/descriptor_props.py
./.venv/Lib/site-packages/sqlalchemy/orm/dynamic.py
./.venv/Lib/site-packages/sqlalchemy/orm/evaluator.py
./.venv/Lib/site-packages/sqlalchemy/orm/events.py
./.venv/Lib/site-packages/sqlalchemy/orm/exc.py
./.venv/Lib/site-packages/sqlalchemy/orm/identity.py
./.venv/Lib/site-packages/sqlalchemy/orm/instrumentation.py
./.venv/Lib/site-packages/sqlalchemy/orm/interfaces.py
./.venv/Lib/site-packages/sqlalchemy/orm/loading.py
./.venv/Lib/site-packages/sqlalchemy/orm/mapped_collection.py
./.venv/Lib/site-packages/sqlalchemy/orm/mapper.py
./.venv/Lib/site-packages/sqlalchemy/orm/path_registry.py
./.venv/Lib/site-packages/sqlalchemy/orm/persistence.py
./.venv/Lib/site-packages/sqlalchemy/orm/properties.py
./.venv/Lib/site-packages/sqlalchemy/orm/query.py
./.venv/Lib/site-packages/sqlalchemy/orm/relationships.py
./.venv/Lib/site-packages/sqlalchemy/orm/scoping.py
./.venv/Lib/site-packages/sqlalchemy/orm/session.py
./.venv/Lib/site-packages/sqlalchemy/orm/state.py
./.venv/Lib/site-packages/sqlalchemy/orm/state_changes.py
./.venv/Lib/site-packages/sqlalchemy/orm/strategies.py
./.venv/Lib/site-packages/sqlalchemy/orm/strategy_options.py
./.venv/Lib/site-packages/sqlalchemy/orm/sync.py
./.venv/Lib/site-packages/sqlalchemy/orm/unitofwork.py
./.venv/Lib/site-packages/sqlalchemy/orm/util.py
./.venv/Lib/site-packages/sqlalchemy/orm/writeonly.py
./.venv/Lib/site-packages/sqlalchemy/pool/__init__.py
./.venv/Lib/site-packages/sqlalchemy/pool/base.py
./.venv/Lib/site-packages/sqlalchemy/pool/events.py
./.venv/Lib/site-packages/sqlalchemy/pool/impl.py
./.venv/Lib/site-packages/sqlalchemy/schema.py
./.venv/Lib/site-packages/sqlalchemy/sql/__init__.py
./.venv/Lib/site-packages/sqlalchemy/sql/_dml_constructors.py
./.venv/Lib/site-packages/sqlalchemy/sql/_elements_constructors.py
./.venv/Lib/site-packages/sqlalchemy/sql/_orm_types.py
./.venv/Lib/site-packages/sqlalchemy/sql/_py_util.py
./.venv/Lib/site-packages/sqlalchemy/sql/_selectable_constructors.py
./.venv/Lib/site-packages/sqlalchemy/sql/_typing.py
./.venv/Lib/site-packages/sqlalchemy/sql/annotation.py
./.venv/Lib/site-packages/sqlalchemy/sql/base.py
./.venv/Lib/site-packages/sqlalchemy/sql/cache_key.py
./.venv/Lib/site-packages/sqlalchemy/sql/coercions.py
./.venv/Lib/site-packages/sqlalchemy/sql/compiler.py
./.venv/Lib/site-packages/sqlalchemy/sql/crud.py
./.venv/Lib/site-packages/sqlalchemy/sql/ddl.py
./.venv/Lib/site-packages/sqlalchemy/sql/default_comparator.py
./.venv/Lib/site-packages/sqlalchemy/sql/dml.py
./.venv/Lib/site-packages/sqlalchemy/sql/elements.py
./.venv/Lib/site-packages/sqlalchemy/sql/events.py
./.venv/Lib/site-packages/sqlalchemy/sql/expression.py
./.venv/Lib/site-packages/sqlalchemy/sql/functions.py
./.venv/Lib/site-packages/sqlalchemy/sql/lambdas.py
./.venv/Lib/site-packages/sqlalchemy/sql/naming.py
./.venv/Lib/site-packages/sqlalchemy/sql/operators.py
./.venv/Lib/site-packages/sqlalchemy/sql/roles.py
./.venv/Lib/site-packages/sqlalchemy/sql/schema.py
./.venv/Lib/site-packages/sqlalchemy/sql/selectable.py
./.venv/Lib/site-packages/sqlalchemy/sql/sqltypes.py
./.venv/Lib/site-packages/sqlalchemy/sql/traversals.py
./.venv/Lib/site-packages/sqlalchemy/sql/type_api.py
./.venv/Lib/site-packages/sqlalchemy/sql/util.py
./.venv/Lib/site-packages/sqlalchemy/sql/visitors.py
./.venv/Lib/site-packages/sqlalchemy/testing/__init__.py
./.venv/Lib/site-packages/sqlalchemy/testing/assertions.py
./.venv/Lib/site-packages/sqlalchemy/testing/assertsql.py
./.venv/Lib/site-packages/sqlalchemy/testing/asyncio.py
./.venv/Lib/site-packages/sqlalchemy/testing/config.py
./.venv/Lib/site-packages/sqlalchemy/testing/engines.py
./.venv/Lib/site-packages/sqlalchemy/testing/entities.py
./.venv/Lib/site-packages/sqlalchemy/testing/exclusions.py
./.venv/Lib/site-packages/sqlalchemy/testing/fixtures/__init__.py
./.venv/Lib/site-packages/sqlalchemy/testing/fixtures/base.py
./.venv/Lib/site-packages/sqlalchemy/testing/fixtures/mypy.py
./.venv/Lib/site-packages/sqlalchemy/testing/fixtures/orm.py
./.venv/Lib/site-packages/sqlalchemy/testing/fixtures/sql.py
./.venv/Lib/site-packages/sqlalchemy/testing/pickleable.py
./.venv/Lib/site-packages/sqlalchemy/testing/plugin/__init__.py
./.venv/Lib/site-packages/sqlalchemy/testing/plugin/bootstrap.py
./.venv/Lib/site-packages/sqlalchemy/testing/plugin/plugin_base.py
./.venv/Lib/site-packages/sqlalchemy/testing/plugin/pytestplugin.py
./.venv/Lib/site-packages/sqlalchemy/testing/profiling.py
./.venv/Lib/site-packages/sqlalchemy/testing/provision.py
./.venv/Lib/site-packages/sqlalchemy/testing/requirements.py
./.venv/Lib/site-packages/sqlalchemy/testing/schema.py
./.venv/Lib/site-packages/sqlalchemy/testing/suite/__init__.py
./.venv/Lib/site-packages/sqlalchemy/testing/suite/test_cte.py
./.venv/Lib/site-packages/sqlalchemy/testing/suite/test_ddl.py
./.venv/Lib/site-packages/sqlalchemy/testing/suite/test_deprecations.py
./.venv/Lib/site-packages/sqlalchemy/testing/suite/test_dialect.py
./.venv/Lib/site-packages/sqlalchemy/testing/suite/test_insert.py
./.venv/Lib/site-packages/sqlalchemy/testing/suite/test_reflection.py
./.venv/Lib/site-packages/sqlalchemy/testing/suite/test_results.py
./.venv/Lib/site-packages/sqlalchemy/testing/suite/test_rowcount.py
./.venv/Lib/site-packages/sqlalchemy/testing/suite/test_select.py
./.venv/Lib/site-packages/sqlalchemy/testing/suite/test_sequence.py
./.venv/Lib/site-packages/sqlalchemy/testing/suite/test_types.py
./.venv/Lib/site-packages/sqlalchemy/testing/suite/test_unicode_ddl.py
./.venv/Lib/site-packages/sqlalchemy/testing/suite/test_update_delete.py
./.venv/Lib/site-packages/sqlalchemy/testing/util.py
./.venv/Lib/site-packages/sqlalchemy/testing/warnings.py
./.venv/Lib/site-packages/sqlalchemy/types.py
./.venv/Lib/site-packages/sqlalchemy/util/__init__.py
./.venv/Lib/site-packages/sqlalchemy/util/_collections.py
./.venv/Lib/site-packages/sqlalchemy/util/_concurrency_py3k.py
./.venv/Lib/site-packages/sqlalchemy/util/_has_cy.py
./.venv/Lib/site-packages/sqlalchemy/util/_py_collections.py
./.venv/Lib/site-packages/sqlalchemy/util/compat.py
./.venv/Lib/site-packages/sqlalchemy/util/concurrency.py
./.venv/Lib/site-packages/sqlalchemy/util/deprecations.py
./.venv/Lib/site-packages/sqlalchemy/util/langhelpers.py
./.venv/Lib/site-packages/sqlalchemy/util/preloaded.py
./.venv/Lib/site-packages/sqlalchemy/util/queue.py
./.venv/Lib/site-packages/sqlalchemy/util/tool_support.py
./.venv/Lib/site-packages/sqlalchemy/util/topological.py
./.venv/Lib/site-packages/sqlalchemy/util/typing.py
./.venv/Lib/site-packages/sse_starlette/__init__.py
./.venv/Lib/site-packages/sse_starlette/_utils.py
./.venv/Lib/site-packages/sse_starlette/event.py
./.venv/Lib/site-packages/sse_starlette/sse.py
./.venv/Lib/site-packages/starlette/__init__.py
./.venv/Lib/site-packages/starlette/_exception_handler.py
./.venv/Lib/site-packages/starlette/_utils.py
./.venv/Lib/site-packages/starlette/applications.py
./.venv/Lib/site-packages/starlette/authentication.py
./.venv/Lib/site-packages/starlette/background.py
./.venv/Lib/site-packages/starlette/concurrency.py
./.venv/Lib/site-packages/starlette/config.py
./.venv/Lib/site-packages/starlette/convertors.py
./.venv/Lib/site-packages/starlette/datastructures.py
./.venv/Lib/site-packages/starlette/endpoints.py
./.venv/Lib/site-packages/starlette/exceptions.py
./.venv/Lib/site-packages/starlette/formparsers.py
./.venv/Lib/site-packages/starlette/middleware/__init__.py
./.venv/Lib/site-packages/starlette/middleware/authentication.py
./.venv/Lib/site-packages/starlette/middleware/base.py
./.venv/Lib/site-packages/starlette/middleware/cors.py
./.venv/Lib/site-packages/starlette/middleware/errors.py
./.venv/Lib/site-packages/starlette/middleware/exceptions.py
./.venv/Lib/site-packages/starlette/middleware/gzip.py
./.venv/Lib/site-packages/starlette/middleware/httpsredirect.py
./.venv/Lib/site-packages/starlette/middleware/sessions.py
./.venv/Lib/site-packages/starlette/middleware/trustedhost.py
./.venv/Lib/site-packages/starlette/middleware/wsgi.py
./.venv/Lib/site-packages/starlette/requests.py
./.venv/Lib/site-packages/starlette/responses.py
./.venv/Lib/site-packages/starlette/routing.py
./.venv/Lib/site-packages/starlette/schemas.py
./.venv/Lib/site-packages/starlette/staticfiles.py
./.venv/Lib/site-packages/starlette/status.py
./.venv/Lib/site-packages/starlette/templating.py
./.venv/Lib/site-packages/starlette/testclient.py
./.venv/Lib/site-packages/starlette/types.py
./.venv/Lib/site-packages/starlette/websockets.py
./.venv/Lib/site-packages/structlog/__init__.py
./.venv/Lib/site-packages/structlog/_base.py
./.venv/Lib/site-packages/structlog/_config.py
./.venv/Lib/site-packages/structlog/_frames.py
./.venv/Lib/site-packages/structlog/_generic.py
./.venv/Lib/site-packages/structlog/_greenlets.py
./.venv/Lib/site-packages/structlog/_log_levels.py
./.venv/Lib/site-packages/structlog/_native.py
./.venv/Lib/site-packages/structlog/_output.py
./.venv/Lib/site-packages/structlog/_utils.py
./.venv/Lib/site-packages/structlog/contextvars.py
./.venv/Lib/site-packages/structlog/dev.py
./.venv/Lib/site-packages/structlog/exceptions.py
./.venv/Lib/site-packages/structlog/processors.py
./.venv/Lib/site-packages/structlog/stdlib.py
./.venv/Lib/site-packages/structlog/testing.py
./.venv/Lib/site-packages/structlog/threadlocal.py
./.venv/Lib/site-packages/structlog/tracebacks.py
./.venv/Lib/site-packages/structlog/twisted.py
./.venv/Lib/site-packages/structlog/types.py
./.venv/Lib/site-packages/structlog/typing.py
./.venv/Lib/site-packages/swarms/__init__.py
./.venv/Lib/site-packages/swarms/agents/__init__.py
./.venv/Lib/site-packages/swarms/agents/agent_judge.py
./.venv/Lib/site-packages/swarms/agents/ape_agent.py
./.venv/Lib/site-packages/swarms/agents/auto_chat_agent.py
./.venv/Lib/site-packages/swarms/agents/auto_generate_swarm_config.py
./.venv/Lib/site-packages/swarms/agents/consistency_agent.py
./.venv/Lib/site-packages/swarms/agents/context_compressor.py
./.venv/Lib/site-packages/swarms/agents/create_agents_from_yaml.py
./.venv/Lib/site-packages/swarms/agents/flexion_agent.py
./.venv/Lib/site-packages/swarms/agents/gkp_agent.py
./.venv/Lib/site-packages/swarms/agents/i_agent.py
./.venv/Lib/site-packages/swarms/agents/reasoning_agent_router.py
./.venv/Lib/site-packages/swarms/agents/reasoning_duo.py
./.venv/Lib/site-packages/swarms/artifacts/__init__.py
./.venv/Lib/site-packages/swarms/artifacts/main_artifact.py
./.venv/Lib/site-packages/swarms/cli/__init__.py
./.venv/Lib/site-packages/swarms/cli/main.py
./.venv/Lib/site-packages/swarms/cli/utils.py
./.venv/Lib/site-packages/swarms/env.py
./.venv/Lib/site-packages/swarms/prompts/__init__.py
./.venv/Lib/site-packages/swarms/prompts/accountant_swarm_prompts.py
./.venv/Lib/site-packages/swarms/prompts/advisor_swarm_prompts.py
./.venv/Lib/site-packages/swarms/prompts/ag_prompt.py
./.venv/Lib/site-packages/swarms/prompts/aga.py
./.venv/Lib/site-packages/swarms/prompts/agent_conversation_aggregator.py
./.venv/Lib/site-packages/swarms/prompts/agent_judge_prompt.py
./.venv/Lib/site-packages/swarms/prompts/agent_orchestration_prompt.py
./.venv/Lib/site-packages/swarms/prompts/agent_prompts.py
./.venv/Lib/site-packages/swarms/prompts/agent_self_builder_prompt.py
./.venv/Lib/site-packages/swarms/prompts/agent_system_prompts.py
./.venv/Lib/site-packages/swarms/prompts/ai_research_team.py
./.venv/Lib/site-packages/swarms/prompts/aot_prompt.py
./.venv/Lib/site-packages/swarms/prompts/autobloggen.py
./.venv/Lib/site-packages/swarms/prompts/autonomous_agent_prompt.py
./.venv/Lib/site-packages/swarms/prompts/autoswarm.py
./.venv/Lib/site-packages/swarms/prompts/code_interpreter.py
./.venv/Lib/site-packages/swarms/prompts/code_spawner.py
./.venv/Lib/site-packages/swarms/prompts/collaborative_prompts.py
./.venv/Lib/site-packages/swarms/prompts/debate.py
./.venv/Lib/site-packages/swarms/prompts/documentation.py
./.venv/Lib/site-packages/swarms/prompts/education.py
./.venv/Lib/site-packages/swarms/prompts/finance_agent_prompt.py
./.venv/Lib/site-packages/swarms/prompts/finance_agent_sys_prompt.py
./.venv/Lib/site-packages/swarms/prompts/growth_agent_prompt.py
./.venv/Lib/site-packages/swarms/prompts/handoffs_prompt.py
./.venv/Lib/site-packages/swarms/prompts/heavy_swarm_prompts.py
./.venv/Lib/site-packages/swarms/prompts/hiearchical_system_prompt.py
./.venv/Lib/site-packages/swarms/prompts/idea2img.py
./.venv/Lib/site-packages/swarms/prompts/legal_agent_prompt.py
./.venv/Lib/site-packages/swarms/prompts/logistics.py
./.venv/Lib/site-packages/swarms/prompts/max_loop_prompt.py
./.venv/Lib/site-packages/swarms/prompts/meta_system_prompt.py
./.venv/Lib/site-packages/swarms/prompts/moa_prompt.py
./.venv/Lib/site-packages/swarms/prompts/multi_agent_collab_prompt.py
./.venv/Lib/site-packages/swarms/prompts/multi_modal_autonomous_instruction_prompt.py
./.venv/Lib/site-packages/swarms/prompts/multi_modal_prompts.py
./.venv/Lib/site-packages/swarms/prompts/multi_modal_visual_prompts.py
./.venv/Lib/site-packages/swarms/prompts/operations_agent_prompt.py
./.venv/Lib/site-packages/swarms/prompts/paper_idea_agent.py
./.venv/Lib/site-packages/swarms/prompts/personal_stylist.py
./.venv/Lib/site-packages/swarms/prompts/planner_generator_evaluator_prompts.py
./.venv/Lib/site-packages/swarms/prompts/planner_worker_prompts.py
./.venv/Lib/site-packages/swarms/prompts/product_agent_prompt.py
./.venv/Lib/site-packages/swarms/prompts/programming.py
./.venv/Lib/site-packages/swarms/prompts/project_manager.py
./.venv/Lib/site-packages/swarms/prompts/prompt.py
./.venv/Lib/site-packages/swarms/prompts/prompt_generator.py
./.venv/Lib/site-packages/swarms/prompts/prompt_generator_optimizer.py
./.venv/Lib/site-packages/swarms/prompts/python.py
./.venv/Lib/site-packages/swarms/prompts/react.py
./.venv/Lib/site-packages/swarms/prompts/react_base_prompt.py
./.venv/Lib/site-packages/swarms/prompts/reasoning_prompt.py
./.venv/Lib/site-packages/swarms/prompts/refiner_agent_prompt.py
./.venv/Lib/site-packages/swarms/prompts/safety_prompt.py
./.venv/Lib/site-packages/swarms/prompts/sales.py
./.venv/Lib/site-packages/swarms/prompts/sales_prompts.py
./.venv/Lib/site-packages/swarms/prompts/security_team.py
./.venv/Lib/site-packages/swarms/prompts/self_operating_prompt.py
./.venv/Lib/site-packages/swarms/prompts/sop_generator_agent_prompt.py
./.venv/Lib/site-packages/swarms/prompts/summaries_prompts.py
./.venv/Lib/site-packages/swarms/prompts/support_agent_prompt.py
./.venv/Lib/site-packages/swarms/prompts/swarm_manager_agent.py
./.venv/Lib/site-packages/swarms/prompts/task_assignment_prompt.py
./.venv/Lib/site-packages/swarms/prompts/tests.py
./.venv/Lib/site-packages/swarms/prompts/tools.py
./.venv/Lib/site-packages/swarms/prompts/urban_planning.py
./.venv/Lib/site-packages/swarms/prompts/visual_cot.py
./.venv/Lib/site-packages/swarms/prompts/worker_prompt.py
./.venv/Lib/site-packages/swarms/prompts/xray_swarm_prompt.py
./.venv/Lib/site-packages/swarms/schemas/__init__.py
./.venv/Lib/site-packages/swarms/schemas/agent_class_schema.py
./.venv/Lib/site-packages/swarms/schemas/agent_mcp_errors.py
./.venv/Lib/site-packages/swarms/schemas/agent_step_schemas.py
./.venv/Lib/site-packages/swarms/schemas/base_schemas.py
./.venv/Lib/site-packages/swarms/schemas/conversation_schema.py
./.venv/Lib/site-packages/swarms/schemas/handoffs_schema.py
./.venv/Lib/site-packages/swarms/schemas/mcp_schemas.py
./.venv/Lib/site-packages/swarms/schemas/planner_worker_schemas.py
./.venv/Lib/site-packages/swarms/schemas/swarms_api_schemas.py
./.venv/Lib/site-packages/swarms/schemas/tool_schema_base_model.py
./.venv/Lib/site-packages/swarms/structs/__init__.py
./.venv/Lib/site-packages/swarms/structs/advisor_swarm.py
./.venv/Lib/site-packages/swarms/structs/agent.py
./.venv/Lib/site-packages/swarms/structs/agent_loader.py
./.venv/Lib/site-packages/swarms/structs/agent_rearrange.py
./.venv/Lib/site-packages/swarms/structs/agent_registry.py
./.venv/Lib/site-packages/swarms/structs/agent_roles.py
./.venv/Lib/site-packages/swarms/structs/agent_router.py
./.venv/Lib/site-packages/swarms/structs/aop.py
./.venv/Lib/site-packages/swarms/structs/async_subagent.py
./.venv/Lib/site-packages/swarms/structs/auto_swarm_builder.py
./.venv/Lib/site-packages/swarms/structs/autonomous_loop_utils.py
./.venv/Lib/site-packages/swarms/structs/base_structure.py
./.venv/Lib/site-packages/swarms/structs/base_swarm.py
./.venv/Lib/site-packages/swarms/structs/batch_agent_execution.py
./.venv/Lib/site-packages/swarms/structs/batched_grid_workflow.py
./.venv/Lib/site-packages/swarms/structs/collaborative_utils.py
./.venv/Lib/site-packages/swarms/structs/concat.py
./.venv/Lib/site-packages/swarms/structs/concurrent_workflow.py
./.venv/Lib/site-packages/swarms/structs/conversation.py
./.venv/Lib/site-packages/swarms/structs/council_as_judge.py
./.venv/Lib/site-packages/swarms/structs/cron_job.py
./.venv/Lib/site-packages/swarms/structs/csv_to_agent.py
./.venv/Lib/site-packages/swarms/structs/debate_with_judge.py
./.venv/Lib/site-packages/swarms/structs/deep_discussion.py
./.venv/Lib/site-packages/swarms/structs/dynamic_skills_loader.py
./.venv/Lib/site-packages/swarms/structs/graph_workflow.py
./.venv/Lib/site-packages/swarms/structs/groupchat.py
./.venv/Lib/site-packages/swarms/structs/heavy_swarm.py
./.venv/Lib/site-packages/swarms/structs/hiearchical_swarm.py
./.venv/Lib/site-packages/swarms/structs/hierarchical_structured_communication_framework.py
./.venv/Lib/site-packages/swarms/structs/hybrid_hiearchical_peer_swarm.py
./.venv/Lib/site-packages/swarms/structs/image_batch_processor.py
./.venv/Lib/site-packages/swarms/structs/llm_council.py
./.venv/Lib/site-packages/swarms/structs/ma_blocks.py
./.venv/Lib/site-packages/swarms/structs/ma_utils.py
./.venv/Lib/site-packages/swarms/structs/majority_voting.py
./.venv/Lib/site-packages/swarms/structs/mixture_of_agents.py
./.venv/Lib/site-packages/swarms/structs/model_router.py
./.venv/Lib/site-packages/swarms/structs/multi_agent_debates.py
./.venv/Lib/site-packages/swarms/structs/multi_agent_exec.py
./.venv/Lib/site-packages/swarms/structs/multi_agent_router.py
./.venv/Lib/site-packages/swarms/structs/omni_agent_types.py
./.venv/Lib/site-packages/swarms/structs/planner_generator_evaluator.py
./.venv/Lib/site-packages/swarms/structs/planner_worker_swarm.py
./.venv/Lib/site-packages/swarms/structs/round_robin.py
./.venv/Lib/site-packages/swarms/structs/safe_loading.py
./.venv/Lib/site-packages/swarms/structs/self_moa_seq.py
./.venv/Lib/site-packages/swarms/structs/sequential_workflow.py
./.venv/Lib/site-packages/swarms/structs/skill_orchestra.py
./.venv/Lib/site-packages/swarms/structs/social_algorithms.py
./.venv/Lib/site-packages/swarms/structs/spreadsheet_swarm.py
./.venv/Lib/site-packages/swarms/structs/stopping_conditions.py
./.venv/Lib/site-packages/swarms/structs/swarm_id.py
./.venv/Lib/site-packages/swarms/structs/swarm_rearrange.py
./.venv/Lib/site-packages/swarms/structs/swarm_router.py
./.venv/Lib/site-packages/swarms/structs/swarming_architectures.py
./.venv/Lib/site-packages/swarms/structs/transforms.py
./.venv/Lib/site-packages/swarms/structs/tree_swarm.py
./.venv/Lib/site-packages/swarms/structs/utils.py
./.venv/Lib/site-packages/swarms/structs/various_alt_swarms.py
./.venv/Lib/site-packages/swarms/telemetry/__init__.py
./.venv/Lib/site-packages/swarms/telemetry/bootup.py
./.venv/Lib/site-packages/swarms/telemetry/main.py
./.venv/Lib/site-packages/swarms/tools/__init__.py
./.venv/Lib/site-packages/swarms/tools/base_tool.py
./.venv/Lib/site-packages/swarms/tools/create_agent_tool.py
./.venv/Lib/site-packages/swarms/tools/func_calling_utils.py
./.venv/Lib/site-packages/swarms/tools/func_to_str.py
./.venv/Lib/site-packages/swarms/tools/function_util.py
./.venv/Lib/site-packages/swarms/tools/handoffs_tool.py
./.venv/Lib/site-packages/swarms/tools/handoffs_tool_schema.py
./.venv/Lib/site-packages/swarms/tools/json_utils.py
./.venv/Lib/site-packages/swarms/tools/mcp_client_tools.py
./.venv/Lib/site-packages/swarms/tools/openai_func_calling_schema_pydantic.py
./.venv/Lib/site-packages/swarms/tools/openai_tool_creator_decorator.py
./.venv/Lib/site-packages/swarms/tools/py_func_to_openai_func_str.py
./.venv/Lib/site-packages/swarms/tools/pydantic_to_json.py
./.venv/Lib/site-packages/swarms/tools/tool_parse_exec.py
./.venv/Lib/site-packages/swarms/tools/tool_registry.py
./.venv/Lib/site-packages/swarms/tools/tool_type.py
./.venv/Lib/site-packages/swarms/tools/tool_utils.py
./.venv/Lib/site-packages/swarms/utils/__init__.py
./.venv/Lib/site-packages/swarms/utils/agent_loader_markdown.py
./.venv/Lib/site-packages/swarms/utils/any_to_str.py
./.venv/Lib/site-packages/swarms/utils/disable_logging.py
./.venv/Lib/site-packages/swarms/utils/docstring_parser.py
./.venv/Lib/site-packages/swarms/utils/dynamic_context_window.py
./.venv/Lib/site-packages/swarms/utils/fetch_prompts_marketplace.py
./.venv/Lib/site-packages/swarms/utils/file_processing.py
./.venv/Lib/site-packages/swarms/utils/formatter.py
./.venv/Lib/site-packages/swarms/utils/generate_keys.py
./.venv/Lib/site-packages/swarms/utils/get_cpu_cores.py
./.venv/Lib/site-packages/swarms/utils/history_output_formatter.py
./.venv/Lib/site-packages/swarms/utils/image_file_b64.py
./.venv/Lib/site-packages/swarms/utils/index.py
./.venv/Lib/site-packages/swarms/utils/litellm_tokenizer.py
./.venv/Lib/site-packages/swarms/utils/litellm_wrapper.py
./.venv/Lib/site-packages/swarms/utils/loguru_logger.py
./.venv/Lib/site-packages/swarms/utils/output_types.py
./.venv/Lib/site-packages/swarms/utils/parse_code.py
./.venv/Lib/site-packages/swarms/utils/str_to_dict.py
./.venv/Lib/site-packages/swarms/utils/swarm_autosave.py
./.venv/Lib/site-packages/swarms/utils/swarms_marketplace_utils.py
./.venv/Lib/site-packages/swarms/utils/types.py
./.venv/Lib/site-packages/swarms/utils/workspace_utils.py
./.venv/Lib/site-packages/swarms/utils/xml_utils.py
./.venv/Lib/site-packages/tenacity/__init__.py
./.venv/Lib/site-packages/tenacity/_utils.py
./.venv/Lib/site-packages/tenacity/after.py
./.venv/Lib/site-packages/tenacity/asyncio/__init__.py
./.venv/Lib/site-packages/tenacity/asyncio/retry.py
./.venv/Lib/site-packages/tenacity/before.py
./.venv/Lib/site-packages/tenacity/before_sleep.py
./.venv/Lib/site-packages/tenacity/nap.py
./.venv/Lib/site-packages/tenacity/retry.py
./.venv/Lib/site-packages/tenacity/stop.py
./.venv/Lib/site-packages/tenacity/tornadoweb.py
./.venv/Lib/site-packages/tenacity/wait.py
./.venv/Lib/site-packages/tiktoken/__init__.py
./.venv/Lib/site-packages/tiktoken/_educational.py
./.venv/Lib/site-packages/tiktoken/core.py
./.venv/Lib/site-packages/tiktoken/load.py
./.venv/Lib/site-packages/tiktoken/model.py
./.venv/Lib/site-packages/tiktoken/registry.py
./.venv/Lib/site-packages/tiktoken_ext/openai_public.py
./.venv/Lib/site-packages/tokenizers/__init__.py
./.venv/Lib/site-packages/tokenizers/decoders/__init__.py
./.venv/Lib/site-packages/tokenizers/implementations/__init__.py
./.venv/Lib/site-packages/tokenizers/implementations/base_tokenizer.py
./.venv/Lib/site-packages/tokenizers/implementations/bert_wordpiece.py
./.venv/Lib/site-packages/tokenizers/implementations/byte_level_bpe.py
./.venv/Lib/site-packages/tokenizers/implementations/char_level_bpe.py
./.venv/Lib/site-packages/tokenizers/implementations/sentencepiece_bpe.py
./.venv/Lib/site-packages/tokenizers/implementations/sentencepiece_unigram.py
./.venv/Lib/site-packages/tokenizers/models/__init__.py
./.venv/Lib/site-packages/tokenizers/normalizers/__init__.py
./.venv/Lib/site-packages/tokenizers/pre_tokenizers/__init__.py
./.venv/Lib/site-packages/tokenizers/processors/__init__.py
./.venv/Lib/site-packages/tokenizers/tools/__init__.py
./.venv/Lib/site-packages/tokenizers/tools/visualizer.py
./.venv/Lib/site-packages/tokenizers/trainers/__init__.py
./.venv/Lib/site-packages/toml/__init__.py
./.venv/Lib/site-packages/toml/decoder.py
./.venv/Lib/site-packages/toml/encoder.py
./.venv/Lib/site-packages/toml/ordered.py
./.venv/Lib/site-packages/toml/tz.py
./.venv/Lib/site-packages/tqdm/__init__.py
./.venv/Lib/site-packages/tqdm/__main__.py
./.venv/Lib/site-packages/tqdm/_main.py
./.venv/Lib/site-packages/tqdm/_monitor.py
./.venv/Lib/site-packages/tqdm/_tqdm.py
./.venv/Lib/site-packages/tqdm/_tqdm_gui.py
./.venv/Lib/site-packages/tqdm/_tqdm_notebook.py
./.venv/Lib/site-packages/tqdm/_tqdm_pandas.py
./.venv/Lib/site-packages/tqdm/_utils.py
./.venv/Lib/site-packages/tqdm/asyncio.py
./.venv/Lib/site-packages/tqdm/auto.py
./.venv/Lib/site-packages/tqdm/autonotebook.py
./.venv/Lib/site-packages/tqdm/cli.py
./.venv/Lib/site-packages/tqdm/contrib/__init__.py
./.venv/Lib/site-packages/tqdm/contrib/bells.py
./.venv/Lib/site-packages/tqdm/contrib/concurrent.py
./.venv/Lib/site-packages/tqdm/contrib/discord.py
./.venv/Lib/site-packages/tqdm/contrib/itertools.py
./.venv/Lib/site-packages/tqdm/contrib/logging.py
./.venv/Lib/site-packages/tqdm/contrib/slack.py
./.venv/Lib/site-packages/tqdm/contrib/telegram.py
./.venv/Lib/site-packages/tqdm/contrib/utils_worker.py
./.venv/Lib/site-packages/tqdm/dask.py
./.venv/Lib/site-packages/tqdm/gui.py
./.venv/Lib/site-packages/tqdm/keras.py
./.venv/Lib/site-packages/tqdm/notebook.py
./.venv/Lib/site-packages/tqdm/rich.py
./.venv/Lib/site-packages/tqdm/std.py
./.venv/Lib/site-packages/tqdm/tk.py
./.venv/Lib/site-packages/tqdm/utils.py
./.venv/Lib/site-packages/tqdm/version.py
./.venv/Lib/site-packages/typer/__init__.py
./.venv/Lib/site-packages/typer/__main__.py
./.venv/Lib/site-packages/typer/_completion_classes.py
./.venv/Lib/site-packages/typer/_completion_shared.py
./.venv/Lib/site-packages/typer/_types.py
./.venv/Lib/site-packages/typer/_typing.py
./.venv/Lib/site-packages/typer/cli.py
./.venv/Lib/site-packages/typer/colors.py
./.venv/Lib/site-packages/typer/completion.py
./.venv/Lib/site-packages/typer/core.py
./.venv/Lib/site-packages/typer/main.py
./.venv/Lib/site-packages/typer/models.py
./.venv/Lib/site-packages/typer/params.py
./.venv/Lib/site-packages/typer/rich_utils.py
./.venv/Lib/site-packages/typer/testing.py
./.venv/Lib/site-packages/typer/utils.py
./.venv/Lib/site-packages/typing_extensions.py
./.venv/Lib/site-packages/typing_inspection/__init__.py
./.venv/Lib/site-packages/typing_inspection/introspection.py
./.venv/Lib/site-packages/typing_inspection/typing_objects.py
./.venv/Lib/site-packages/tzdata/__init__.py
./.venv/Lib/site-packages/tzdata/zoneinfo/Africa/__init__.py
./.venv/Lib/site-packages/tzdata/zoneinfo/America/Argentina/__init__.py
./.venv/Lib/site-packages/tzdata/zoneinfo/America/Indiana/__init__.py
./.venv/Lib/site-packages/tzdata/zoneinfo/America/Kentucky/__init__.py
./.venv/Lib/site-packages/tzdata/zoneinfo/America/North_Dakota/__init__.py
./.venv/Lib/site-packages/tzdata/zoneinfo/America/__init__.py
./.venv/Lib/site-packages/tzdata/zoneinfo/Antarctica/__init__.py
./.venv/Lib/site-packages/tzdata/zoneinfo/Arctic/__init__.py
./.venv/Lib/site-packages/tzdata/zoneinfo/Asia/__init__.py
./.venv/Lib/site-packages/tzdata/zoneinfo/Atlantic/__init__.py
./.venv/Lib/site-packages/tzdata/zoneinfo/Australia/__init__.py
./.venv/Lib/site-packages/tzdata/zoneinfo/Brazil/__init__.py
./.venv/Lib/site-packages/tzdata/zoneinfo/Canada/__init__.py
./.venv/Lib/site-packages/tzdata/zoneinfo/Chile/__init__.py
./.venv/Lib/site-packages/tzdata/zoneinfo/Etc/__init__.py
./.venv/Lib/site-packages/tzdata/zoneinfo/Europe/__init__.py
./.venv/Lib/site-packages/tzdata/zoneinfo/Indian/__init__.py
./.venv/Lib/site-packages/tzdata/zoneinfo/Mexico/__init__.py
./.venv/Lib/site-packages/tzdata/zoneinfo/Pacific/__init__.py
./.venv/Lib/site-packages/tzdata/zoneinfo/US/__init__.py
./.venv/Lib/site-packages/tzdata/zoneinfo/__init__.py
./.venv/Lib/site-packages/urllib3/__init__.py
./.venv/Lib/site-packages/urllib3/_base_connection.py
./.venv/Lib/site-packages/urllib3/_collections.py
./.venv/Lib/site-packages/urllib3/_request_methods.py
./.venv/Lib/site-packages/urllib3/_version.py
./.venv/Lib/site-packages/urllib3/connection.py
./.venv/Lib/site-packages/urllib3/connectionpool.py
./.venv/Lib/site-packages/urllib3/contrib/__init__.py
./.venv/Lib/site-packages/urllib3/contrib/emscripten/__init__.py
./.venv/Lib/site-packages/urllib3/contrib/emscripten/connection.py
./.venv/Lib/site-packages/urllib3/contrib/emscripten/fetch.py
./.venv/Lib/site-packages/urllib3/contrib/emscripten/request.py
./.venv/Lib/site-packages/urllib3/contrib/emscripten/response.py
./.venv/Lib/site-packages/urllib3/contrib/pyopenssl.py
./.venv/Lib/site-packages/urllib3/contrib/socks.py
./.venv/Lib/site-packages/urllib3/exceptions.py
./.venv/Lib/site-packages/urllib3/fields.py
./.venv/Lib/site-packages/urllib3/filepost.py
./.venv/Lib/site-packages/urllib3/http2/__init__.py
./.venv/Lib/site-packages/urllib3/http2/connection.py
./.venv/Lib/site-packages/urllib3/http2/probe.py
./.venv/Lib/site-packages/urllib3/poolmanager.py
./.venv/Lib/site-packages/urllib3/response.py
./.venv/Lib/site-packages/urllib3/util/__init__.py
./.venv/Lib/site-packages/urllib3/util/connection.py
./.venv/Lib/site-packages/urllib3/util/proxy.py
./.venv/Lib/site-packages/urllib3/util/request.py
./.venv/Lib/site-packages/urllib3/util/response.py
./.venv/Lib/site-packages/urllib3/util/retry.py
./.venv/Lib/site-packages/urllib3/util/ssl_.py
./.venv/Lib/site-packages/urllib3/util/ssl_match_hostname.py
./.venv/Lib/site-packages/urllib3/util/ssltransport.py
./.venv/Lib/site-packages/urllib3/util/timeout.py
./.venv/Lib/site-packages/urllib3/util/url.py
./.venv/Lib/site-packages/urllib3/util/util.py
./.venv/Lib/site-packages/urllib3/util/wait.py
./.venv/Lib/site-packages/uvicorn/__init__.py
./.venv/Lib/site-packages/uvicorn/__main__.py
./.venv/Lib/site-packages/uvicorn/_compat.py
./.venv/Lib/site-packages/uvicorn/_subprocess.py
./.venv/Lib/site-packages/uvicorn/_types.py
./.venv/Lib/site-packages/uvicorn/config.py
./.venv/Lib/site-packages/uvicorn/importer.py
./.venv/Lib/site-packages/uvicorn/lifespan/__init__.py
./.venv/Lib/site-packages/uvicorn/lifespan/off.py
./.venv/Lib/site-packages/uvicorn/lifespan/on.py
./.venv/Lib/site-packages/uvicorn/logging.py
./.venv/Lib/site-packages/uvicorn/loops/__init__.py
./.venv/Lib/site-packages/uvicorn/loops/asyncio.py
./.venv/Lib/site-packages/uvicorn/loops/auto.py
./.venv/Lib/site-packages/uvicorn/loops/uvloop.py
./.venv/Lib/site-packages/uvicorn/main.py
./.venv/Lib/site-packages/uvicorn/middleware/__init__.py
./.venv/Lib/site-packages/uvicorn/middleware/asgi2.py
./.venv/Lib/site-packages/uvicorn/middleware/message_logger.py
./.venv/Lib/site-packages/uvicorn/middleware/proxy_headers.py
./.venv/Lib/site-packages/uvicorn/middleware/wsgi.py
./.venv/Lib/site-packages/uvicorn/protocols/__init__.py
./.venv/Lib/site-packages/uvicorn/protocols/http/__init__.py
./.venv/Lib/site-packages/uvicorn/protocols/http/auto.py
./.venv/Lib/site-packages/uvicorn/protocols/http/flow_control.py
./.venv/Lib/site-packages/uvicorn/protocols/http/h11_impl.py
./.venv/Lib/site-packages/uvicorn/protocols/http/httptools_impl.py
./.venv/Lib/site-packages/uvicorn/protocols/utils.py
./.venv/Lib/site-packages/uvicorn/protocols/websockets/__init__.py
./.venv/Lib/site-packages/uvicorn/protocols/websockets/auto.py
./.venv/Lib/site-packages/uvicorn/protocols/websockets/websockets_impl.py
./.venv/Lib/site-packages/uvicorn/protocols/websockets/websockets_sansio_impl.py
./.venv/Lib/site-packages/uvicorn/protocols/websockets/wsproto_impl.py
./.venv/Lib/site-packages/uvicorn/server.py
./.venv/Lib/site-packages/uvicorn/supervisors/__init__.py
./.venv/Lib/site-packages/uvicorn/supervisors/basereload.py
./.venv/Lib/site-packages/uvicorn/supervisors/multiprocess.py
./.venv/Lib/site-packages/uvicorn/supervisors/statreload.py
./.venv/Lib/site-packages/uvicorn/supervisors/watchfilesreload.py
./.venv/Lib/site-packages/uvicorn/workers.py
./.venv/Lib/site-packages/websockets/__init__.py
./.venv/Lib/site-packages/websockets/__main__.py
./.venv/Lib/site-packages/websockets/asyncio/__init__.py
./.venv/Lib/site-packages/websockets/asyncio/async_timeout.py
./.venv/Lib/site-packages/websockets/asyncio/client.py
./.venv/Lib/site-packages/websockets/asyncio/compatibility.py
./.venv/Lib/site-packages/websockets/asyncio/connection.py
./.venv/Lib/site-packages/websockets/asyncio/messages.py
./.venv/Lib/site-packages/websockets/asyncio/router.py
./.venv/Lib/site-packages/websockets/asyncio/server.py
./.venv/Lib/site-packages/websockets/auth.py
./.venv/Lib/site-packages/websockets/cli.py
./.venv/Lib/site-packages/websockets/client.py
./.venv/Lib/site-packages/websockets/connection.py
./.venv/Lib/site-packages/websockets/datastructures.py
./.venv/Lib/site-packages/websockets/exceptions.py
./.venv/Lib/site-packages/websockets/extensions/__init__.py
./.venv/Lib/site-packages/websockets/extensions/base.py
./.venv/Lib/site-packages/websockets/extensions/permessage_deflate.py
./.venv/Lib/site-packages/websockets/frames.py
./.venv/Lib/site-packages/websockets/headers.py
./.venv/Lib/site-packages/websockets/http.py
./.venv/Lib/site-packages/websockets/http11.py
./.venv/Lib/site-packages/websockets/imports.py
./.venv/Lib/site-packages/websockets/legacy/__init__.py
./.venv/Lib/site-packages/websockets/legacy/auth.py
./.venv/Lib/site-packages/websockets/legacy/client.py
./.venv/Lib/site-packages/websockets/legacy/exceptions.py
./.venv/Lib/site-packages/websockets/legacy/framing.py
./.venv/Lib/site-packages/websockets/legacy/handshake.py
./.venv/Lib/site-packages/websockets/legacy/http.py
./.venv/Lib/site-packages/websockets/legacy/protocol.py
./.venv/Lib/site-packages/websockets/legacy/server.py
./.venv/Lib/site-packages/websockets/protocol.py
./.venv/Lib/site-packages/websockets/proxy.py
./.venv/Lib/site-packages/websockets/server.py
./.venv/Lib/site-packages/websockets/streams.py
./.venv/Lib/site-packages/websockets/sync/__init__.py
./.venv/Lib/site-packages/websockets/sync/client.py
./.venv/Lib/site-packages/websockets/sync/connection.py
./.venv/Lib/site-packages/websockets/sync/messages.py
./.venv/Lib/site-packages/websockets/sync/router.py
./.venv/Lib/site-packages/websockets/sync/server.py
./.venv/Lib/site-packages/websockets/sync/utils.py
./.venv/Lib/site-packages/websockets/typing.py
./.venv/Lib/site-packages/websockets/uri.py
./.venv/Lib/site-packages/websockets/utils.py
./.venv/Lib/site-packages/websockets/version.py
./.venv/Lib/site-packages/win32/Demos/BackupRead_BackupWrite.py
./.venv/Lib/site-packages/win32/Demos/BackupSeek_streamheaders.py
./.venv/Lib/site-packages/win32/Demos/CopyFileEx.py
./.venv/Lib/site-packages/win32/Demos/CreateFileTransacted_MiniVersion.py
./.venv/Lib/site-packages/win32/Demos/EvtFormatMessage.py
./.venv/Lib/site-packages/win32/Demos/EvtSubscribe_pull.py
./.venv/Lib/site-packages/win32/Demos/EvtSubscribe_push.py
./.venv/Lib/site-packages/win32/Demos/FileSecurityTest.py
./.venv/Lib/site-packages/win32/Demos/GetSaveFileName.py
./.venv/Lib/site-packages/win32/Demos/NetValidatePasswordPolicy.py
./.venv/Lib/site-packages/win32/Demos/OpenEncryptedFileRaw.py
./.venv/Lib/site-packages/win32/Demos/RegCreateKeyTransacted.py
./.venv/Lib/site-packages/win32/Demos/RegRestoreKey.py
./.venv/Lib/site-packages/win32/Demos/SystemParametersInfo.py
./.venv/Lib/site-packages/win32/Demos/c_extension/setup.py
./.venv/Lib/site-packages/win32/Demos/dde/ddeclient.py
./.venv/Lib/site-packages/win32/Demos/dde/ddeserver.py
./.venv/Lib/site-packages/win32/Demos/desktopmanager.py
./.venv/Lib/site-packages/win32/Demos/eventLogDemo.py
./.venv/Lib/site-packages/win32/Demos/getfilever.py
./.venv/Lib/site-packages/win32/Demos/mmapfile_demo.py
./.venv/Lib/site-packages/win32/Demos/pipes/cat.py
./.venv/Lib/site-packages/win32/Demos/pipes/runproc.py
./.venv/Lib/site-packages/win32/Demos/print_desktop.py
./.venv/Lib/site-packages/win32/Demos/rastest.py
./.venv/Lib/site-packages/win32/Demos/security/GetTokenInformation.py
./.venv/Lib/site-packages/win32/Demos/security/account_rights.py
./.venv/Lib/site-packages/win32/Demos/security/explicit_entries.py
./.venv/Lib/site-packages/win32/Demos/security/get_policy_info.py
./.venv/Lib/site-packages/win32/Demos/security/list_rights.py
./.venv/Lib/site-packages/win32/Demos/security/localized_names.py
./.venv/Lib/site-packages/win32/Demos/security/lsaregevent.py
./.venv/Lib/site-packages/win32/Demos/security/lsastore.py
./.venv/Lib/site-packages/win32/Demos/security/query_information.py
./.venv/Lib/site-packages/win32/Demos/security/regsave_sa.py
./.venv/Lib/site-packages/win32/Demos/security/regsecurity.py
./.venv/Lib/site-packages/win32/Demos/security/sa_inherit.py
./.venv/Lib/site-packages/win32/Demos/security/security_enums.py
./.venv/Lib/site-packages/win32/Demos/security/set_file_audit.py
./.venv/Lib/site-packages/win32/Demos/security/set_file_owner.py
./.venv/Lib/site-packages/win32/Demos/security/set_policy_info.py
./.venv/Lib/site-packages/win32/Demos/security/setkernelobjectsecurity.py
./.venv/Lib/site-packages/win32/Demos/security/setnamedsecurityinfo.py
./.venv/Lib/site-packages/win32/Demos/security/setsecurityinfo.py
./.venv/Lib/site-packages/win32/Demos/security/setuserobjectsecurity.py
./.venv/Lib/site-packages/win32/Demos/security/sspi/fetch_url.py
./.venv/Lib/site-packages/win32/Demos/security/sspi/simple_auth.py
./.venv/Lib/site-packages/win32/Demos/security/sspi/socket_server.py
./.venv/Lib/site-packages/win32/Demos/security/sspi/validate_password.py
./.venv/Lib/site-packages/win32/Demos/service/nativePipeTestService.py
./.venv/Lib/site-packages/win32/Demos/service/pipeTestService.py
./.venv/Lib/site-packages/win32/Demos/service/pipeTestServiceClient.py
./.venv/Lib/site-packages/win32/Demos/service/serviceEvents.py
./.venv/Lib/site-packages/win32/Demos/timer_demo.py
./.venv/Lib/site-packages/win32/Demos/win32clipboardDemo.py
./.venv/Lib/site-packages/win32/Demos/win32clipboard_bitmapdemo.py
./.venv/Lib/site-packages/win32/Demos/win32comport_demo.py
./.venv/Lib/site-packages/win32/Demos/win32console_demo.py
./.venv/Lib/site-packages/win32/Demos/win32cred_demo.py
./.venv/Lib/site-packages/win32/Demos/win32fileDemo.py
./.venv/Lib/site-packages/win32/Demos/win32gui_demo.py
./.venv/Lib/site-packages/win32/Demos/win32gui_devicenotify.py
./.venv/Lib/site-packages/win32/Demos/win32gui_dialog.py
./.venv/Lib/site-packages/win32/Demos/win32gui_menu.py
./.venv/Lib/site-packages/win32/Demos/win32gui_taskbar.py
./.venv/Lib/site-packages/win32/Demos/win32netdemo.py
./.venv/Lib/site-packages/win32/Demos/win32rcparser_demo.py
./.venv/Lib/site-packages/win32/Demos/win32servicedemo.py
./.venv/Lib/site-packages/win32/Demos/win32ts_logoff_disconnected.py
./.venv/Lib/site-packages/win32/Demos/win32wnet/testwnet.py
./.venv/Lib/site-packages/win32/Demos/win32wnet/winnetwk.py
./.venv/Lib/site-packages/win32/Demos/winprocess.py
./.venv/Lib/site-packages/win32/lib/_win32verstamp_pywin32ctypes.py
./.venv/Lib/site-packages/win32/lib/afxres.py
./.venv/Lib/site-packages/win32/lib/commctrl.py
./.venv/Lib/site-packages/win32/lib/mmsystem.py
./.venv/Lib/site-packages/win32/lib/netbios.py
./.venv/Lib/site-packages/win32/lib/ntsecuritycon.py
./.venv/Lib/site-packages/win32/lib/pywin32_bootstrap.py
./.venv/Lib/site-packages/win32/lib/pywin32_testutil.py
./.venv/Lib/site-packages/win32/lib/pywintypes.py
./.venv/Lib/site-packages/win32/lib/rasutil.py
./.venv/Lib/site-packages/win32/lib/regcheck.py
./.venv/Lib/site-packages/win32/lib/regutil.py
./.venv/Lib/site-packages/win32/lib/sspi.py
./.venv/Lib/site-packages/win32/lib/sspicon.py
./.venv/Lib/site-packages/win32/lib/win2kras.py
./.venv/Lib/site-packages/win32/lib/win32con.py
./.venv/Lib/site-packages/win32/lib/win32cryptcon.py
./.venv/Lib/site-packages/win32/lib/win32evtlogutil.py
./.venv/Lib/site-packages/win32/lib/win32gui_struct.py
./.venv/Lib/site-packages/win32/lib/win32inetcon.py
./.venv/Lib/site-packages/win32/lib/win32netcon.py
./.venv/Lib/site-packages/win32/lib/win32pdhquery.py
./.venv/Lib/site-packages/win32/lib/win32pdhutil.py
./.venv/Lib/site-packages/win32/lib/win32rcparser.py
./.venv/Lib/site-packages/win32/lib/win32serviceutil.py
./.venv/Lib/site-packages/win32/lib/win32timezone.py
./.venv/Lib/site-packages/win32/lib/win32traceutil.py
./.venv/Lib/site-packages/win32/lib/win32verstamp.py
./.venv/Lib/site-packages/win32/lib/winerror.py
./.venv/Lib/site-packages/win32/lib/winioctlcon.py
./.venv/Lib/site-packages/win32/lib/winnt.py
./.venv/Lib/site-packages/win32/lib/winperf.py
./.venv/Lib/site-packages/win32/lib/winxptheme.py
./.venv/Lib/site-packages/win32/scripts/ControlService.py
./.venv/Lib/site-packages/win32/scripts/VersionStamp/BrandProject.py
./.venv/Lib/site-packages/win32/scripts/VersionStamp/bulkstamp.py
./.venv/Lib/site-packages/win32/scripts/VersionStamp/vssutil.py
./.venv/Lib/site-packages/win32/scripts/backupEventLog.py
./.venv/Lib/site-packages/win32/scripts/h2py.py
./.venv/Lib/site-packages/win32/scripts/killProcName.py
./.venv/Lib/site-packages/win32/scripts/pywin32_postinstall.py
./.venv/Lib/site-packages/win32/scripts/pywin32_testall.py
./.venv/Lib/site-packages/win32/scripts/rasutil.py
./.venv/Lib/site-packages/win32/scripts/regsetup.py
./.venv/Lib/site-packages/win32/scripts/setup_d.py
./.venv/Lib/site-packages/win32/test/handles.py
./.venv/Lib/site-packages/win32/test/test_clipboard.py
./.venv/Lib/site-packages/win32/test/test_exceptions.py
./.venv/Lib/site-packages/win32/test/test_odbc.py
./.venv/Lib/site-packages/win32/test/test_pywintypes.py
./.venv/Lib/site-packages/win32/test/test_security.py
./.venv/Lib/site-packages/win32/test/test_sspi.py
./.venv/Lib/site-packages/win32/test/test_win32api.py
./.venv/Lib/site-packages/win32/test/test_win32clipboard.py
./.venv/Lib/site-packages/win32/test/test_win32cred.py
./.venv/Lib/site-packages/win32/test/test_win32crypt.py
./.venv/Lib/site-packages/win32/test/test_win32event.py
./.venv/Lib/site-packages/win32/test/test_win32file.py
./.venv/Lib/site-packages/win32/test/test_win32gui.py
./.venv/Lib/site-packages/win32/test/test_win32guistruct.py
./.venv/Lib/site-packages/win32/test/test_win32inet.py
./.venv/Lib/site-packages/win32/test/test_win32net.py
./.venv/Lib/site-packages/win32/test/test_win32pipe.py
./.venv/Lib/site-packages/win32/test/test_win32print.py
./.venv/Lib/site-packages/win32/test/test_win32profile.py
./.venv/Lib/site-packages/win32/test/test_win32rcparser.py
./.venv/Lib/site-packages/win32/test/test_win32timezone.py
./.venv/Lib/site-packages/win32/test/test_win32trace.py
./.venv/Lib/site-packages/win32/test/test_win32ts.py
./.venv/Lib/site-packages/win32/test/test_win32wnet.py
./.venv/Lib/site-packages/win32/test/testall.py
./.venv/Lib/site-packages/win32/winxpgui.py
./.venv/Lib/site-packages/win32_setctime/__init__.py
./.venv/Lib/site-packages/win32_setctime/_setctime.py
./.venv/Lib/site-packages/win32com/__init__.py
./.venv/Lib/site-packages/win32com/client/CLSIDToClass.py
./.venv/Lib/site-packages/win32com/client/__init__.py
./.venv/Lib/site-packages/win32com/client/build.py
./.venv/Lib/site-packages/win32com/client/combrowse.py
./.venv/Lib/site-packages/win32com/client/connect.py
./.venv/Lib/site-packages/win32com/client/dynamic.py
./.venv/Lib/site-packages/win32com/client/gencache.py
./.venv/Lib/site-packages/win32com/client/genpy.py
./.venv/Lib/site-packages/win32com/client/makepy.py
./.venv/Lib/site-packages/win32com/client/selecttlb.py
./.venv/Lib/site-packages/win32com/client/tlbrowse.py
./.venv/Lib/site-packages/win32com/client/util.py
./.venv/Lib/site-packages/win32com/demos/__init__.py
./.venv/Lib/site-packages/win32com/demos/connect.py
./.venv/Lib/site-packages/win32com/demos/dump_clipboard.py
./.venv/Lib/site-packages/win32com/demos/eventsApartmentThreaded.py
./.venv/Lib/site-packages/win32com/demos/eventsFreeThreaded.py
./.venv/Lib/site-packages/win32com/demos/excelAddin.py
./.venv/Lib/site-packages/win32com/demos/excelRTDServer.py
./.venv/Lib/site-packages/win32com/demos/iebutton.py
./.venv/Lib/site-packages/win32com/demos/ietoolbar.py
./.venv/Lib/site-packages/win32com/demos/outlookAddin.py
./.venv/Lib/site-packages/win32com/demos/trybag.py
./.venv/Lib/site-packages/win32com/makegw/__init__.py
./.venv/Lib/site-packages/win32com/makegw/makegw.py
./.venv/Lib/site-packages/win32com/makegw/makegwenum.py
./.venv/Lib/site-packages/win32com/makegw/makegwparse.py
./.venv/Lib/site-packages/win32com/olectl.py
./.venv/Lib/site-packages/win32com/server/__init__.py
./.venv/Lib/site-packages/win32com/server/connect.py
./.venv/Lib/site-packages/win32com/server/dispatcher.py
./.venv/Lib/site-packages/win32com/server/exception.py
./.venv/Lib/site-packages/win32com/server/factory.py
./.venv/Lib/site-packages/win32com/server/localserver.py
./.venv/Lib/site-packages/win32com/server/policy.py
./.venv/Lib/site-packages/win32com/server/register.py
./.venv/Lib/site-packages/win32com/server/util.py
./.venv/Lib/site-packages/win32com/servers/PythonTools.py
./.venv/Lib/site-packages/win32com/servers/__init__.py
./.venv/Lib/site-packages/win32com/servers/dictionary.py
./.venv/Lib/site-packages/win32com/servers/interp.py
./.venv/Lib/site-packages/win32com/servers/perfmon.py
./.venv/Lib/site-packages/win32com/servers/test_pycomtest.py
./.venv/Lib/site-packages/win32com/storagecon.py
./.venv/Lib/site-packages/win32com/test/GenTestScripts.py
./.venv/Lib/site-packages/win32com/test/__init__.py
./.venv/Lib/site-packages/win32com/test/daodump.py
./.venv/Lib/site-packages/win32com/test/errorSemantics.py
./.venv/Lib/site-packages/win32com/test/pippo_server.py
./.venv/Lib/site-packages/win32com/test/policySemantics.py
./.venv/Lib/site-packages/win32com/test/testADOEvents.py
./.venv/Lib/site-packages/win32com/test/testAXScript.py
./.venv/Lib/site-packages/win32com/test/testAccess.py
./.venv/Lib/site-packages/win32com/test/testArrays.py
./.venv/Lib/site-packages/win32com/test/testClipboard.py
./.venv/Lib/site-packages/win32com/test/testCollections.py
./.venv/Lib/site-packages/win32com/test/testConversionErrors.py
./.venv/Lib/site-packages/win32com/test/testDCOM.py
./.venv/Lib/site-packages/win32com/test/testDates.py
./.venv/Lib/site-packages/win32com/test/testDictionary.py
./.venv/Lib/site-packages/win32com/test/testDynamic.py
./.venv/Lib/site-packages/win32com/test/testExchange.py
./.venv/Lib/site-packages/win32com/test/testExplorer.py
./.venv/Lib/site-packages/win32com/test/testGIT.py
./.venv/Lib/site-packages/win32com/test/testGatewayAddresses.py
./.venv/Lib/site-packages/win32com/test/testIterators.py
./.venv/Lib/site-packages/win32com/test/testMSOffice.py
./.venv/Lib/site-packages/win32com/test/testMSOfficeEvents.py
./.venv/Lib/site-packages/win32com/test/testMarshal.py
./.venv/Lib/site-packages/win32com/test/testPersist.py
./.venv/Lib/site-packages/win32com/test/testPippo.py
./.venv/Lib/site-packages/win32com/test/testPyComTest.py
./.venv/Lib/site-packages/win32com/test/testROT.py
./.venv/Lib/site-packages/win32com/test/testServers.py
./.venv/Lib/site-packages/win32com/test/testShell.py
./.venv/Lib/site-packages/win32com/test/testStorage.py
./.venv/Lib/site-packages/win32com/test/testStreams.py
./.venv/Lib/site-packages/win32com/test/testWMI.py
./.venv/Lib/site-packages/win32com/test/testall.py
./.venv/Lib/site-packages/win32com/test/testmakepy.py
./.venv/Lib/site-packages/win32com/test/testvb.py
./.venv/Lib/site-packages/win32com/test/testvbscript_regexp.py
./.venv/Lib/site-packages/win32com/test/testxslt.py
./.venv/Lib/site-packages/win32com/test/util.py
./.venv/Lib/site-packages/win32com/universal.py
./.venv/Lib/site-packages/win32com/util.py
./.venv/Lib/site-packages/win32comext/adsi/__init__.py
./.venv/Lib/site-packages/win32comext/adsi/adsicon.py
./.venv/Lib/site-packages/win32comext/adsi/demos/objectPicker.py
./.venv/Lib/site-packages/win32comext/adsi/demos/scp.py
./.venv/Lib/site-packages/win32comext/adsi/demos/search.py
./.venv/Lib/site-packages/win32comext/adsi/demos/test.py
./.venv/Lib/site-packages/win32comext/authorization/__init__.py
./.venv/Lib/site-packages/win32comext/authorization/demos/EditSecurity.py
./.venv/Lib/site-packages/win32comext/authorization/demos/EditServiceSecurity.py
./.venv/Lib/site-packages/win32comext/axcontrol/__init__.py
./.venv/Lib/site-packages/win32comext/axdebug/__init__.py
./.venv/Lib/site-packages/win32comext/axdebug/adb.py
./.venv/Lib/site-packages/win32comext/axdebug/codecontainer.py
./.venv/Lib/site-packages/win32comext/axdebug/contexts.py
./.venv/Lib/site-packages/win32comext/axdebug/debugger.py
./.venv/Lib/site-packages/win32comext/axdebug/documents.py
./.venv/Lib/site-packages/win32comext/axdebug/dump.py
./.venv/Lib/site-packages/win32comext/axdebug/expressions.py
./.venv/Lib/site-packages/win32comext/axdebug/gateways.py
./.venv/Lib/site-packages/win32comext/axdebug/stackframe.py
./.venv/Lib/site-packages/win32comext/axdebug/util.py
./.venv/Lib/site-packages/win32comext/axscript/__init__.py
./.venv/Lib/site-packages/win32comext/axscript/asputil.py
./.venv/Lib/site-packages/win32comext/axscript/client/__init__.py
./.venv/Lib/site-packages/win32comext/axscript/client/debug.py
./.venv/Lib/site-packages/win32comext/axscript/client/error.py
./.venv/Lib/site-packages/win32comext/axscript/client/framework.py
./.venv/Lib/site-packages/win32comext/axscript/client/pydumper.py
./.venv/Lib/site-packages/win32comext/axscript/client/pyscript.py
./.venv/Lib/site-packages/win32comext/axscript/client/pyscript_rexec.py
./.venv/Lib/site-packages/win32comext/axscript/client/scriptdispatch.py
./.venv/Lib/site-packages/win32comext/axscript/server/__init__.py
./.venv/Lib/site-packages/win32comext/axscript/server/axsite.py
./.venv/Lib/site-packages/win32comext/axscript/test/leakTest.py
./.venv/Lib/site-packages/win32comext/axscript/test/testHost.py
./.venv/Lib/site-packages/win32comext/axscript/test/testHost4Dbg.py
./.venv/Lib/site-packages/win32comext/bits/__init__.py
./.venv/Lib/site-packages/win32comext/bits/test/show_all_jobs.py
./.venv/Lib/site-packages/win32comext/bits/test/test_bits.py
./.venv/Lib/site-packages/win32comext/directsound/__init__.py
./.venv/Lib/site-packages/win32comext/directsound/test/__init__.py
./.venv/Lib/site-packages/win32comext/directsound/test/ds_record.py
./.venv/Lib/site-packages/win32comext/directsound/test/ds_test.py
./.venv/Lib/site-packages/win32comext/ifilter/__init__.py
./.venv/Lib/site-packages/win32comext/ifilter/demo/filterDemo.py
./.venv/Lib/site-packages/win32comext/ifilter/ifiltercon.py
./.venv/Lib/site-packages/win32comext/internet/__init__.py
./.venv/Lib/site-packages/win32comext/internet/inetcon.py
./.venv/Lib/site-packages/win32comext/mapi/__init__.py
./.venv/Lib/site-packages/win32comext/mapi/demos/mapisend.py
./.venv/Lib/site-packages/win32comext/mapi/emsabtags.py
./.venv/Lib/site-packages/win32comext/mapi/mapitags.py
./.venv/Lib/site-packages/win32comext/mapi/mapiutil.py
./.venv/Lib/site-packages/win32comext/propsys/__init__.py
./.venv/Lib/site-packages/win32comext/propsys/pscon.py
./.venv/Lib/site-packages/win32comext/propsys/test/testpropsys.py
./.venv/Lib/site-packages/win32comext/shell/__init__.py
./.venv/Lib/site-packages/win32comext/shell/demos/IActiveDesktop.py
./.venv/Lib/site-packages/win32comext/shell/demos/IFileOperationProgressSink.py
./.venv/Lib/site-packages/win32comext/shell/demos/IShellLinkDataList.py
./.venv/Lib/site-packages/win32comext/shell/demos/ITransferAdviseSink.py
./.venv/Lib/site-packages/win32comext/shell/demos/IUniformResourceLocator.py
./.venv/Lib/site-packages/win32comext/shell/demos/browse_for_folder.py
./.venv/Lib/site-packages/win32comext/shell/demos/create_link.py
./.venv/Lib/site-packages/win32comext/shell/demos/dump_link.py
./.venv/Lib/site-packages/win32comext/shell/demos/explorer_browser.py
./.venv/Lib/site-packages/win32comext/shell/demos/servers/column_provider.py
./.venv/Lib/site-packages/win32comext/shell/demos/servers/context_menu.py
./.venv/Lib/site-packages/win32comext/shell/demos/servers/copy_hook.py
./.venv/Lib/site-packages/win32comext/shell/demos/servers/empty_volume_cache.py
./.venv/Lib/site-packages/win32comext/shell/demos/servers/folder_view.py
./.venv/Lib/site-packages/win32comext/shell/demos/servers/icon_handler.py
./.venv/Lib/site-packages/win32comext/shell/demos/servers/shell_view.py
./.venv/Lib/site-packages/win32comext/shell/demos/shellexecuteex.py
./.venv/Lib/site-packages/win32comext/shell/demos/viewstate.py
./.venv/Lib/site-packages/win32comext/shell/demos/walk_shell_folders.py
./.venv/Lib/site-packages/win32comext/shell/shellcon.py
./.venv/Lib/site-packages/win32comext/shell/test/testSHFileOperation.py
./.venv/Lib/site-packages/win32comext/shell/test/testShellFolder.py
./.venv/Lib/site-packages/win32comext/shell/test/testShellItem.py
./.venv/Lib/site-packages/win32comext/taskscheduler/__init__.py
./.venv/Lib/site-packages/win32comext/taskscheduler/test/test_addtask.py
./.venv/Lib/site-packages/win32comext/taskscheduler/test/test_addtask_1.py
./.venv/Lib/site-packages/win32comext/taskscheduler/test/test_addtask_2.py
./.venv/Lib/site-packages/win32comext/taskscheduler/test/test_localsystem.py
./.venv/Lib/site-packages/xdist/__init__.py
./.venv/Lib/site-packages/xdist/_path.py
./.venv/Lib/site-packages/xdist/_version.py
./.venv/Lib/site-packages/xdist/dsession.py
./.venv/Lib/site-packages/xdist/looponfail.py
./.venv/Lib/site-packages/xdist/newhooks.py
./.venv/Lib/site-packages/xdist/plugin.py
./.venv/Lib/site-packages/xdist/remote.py
./.venv/Lib/site-packages/xdist/report.py
./.venv/Lib/site-packages/xdist/scheduler/__init__.py
./.venv/Lib/site-packages/xdist/scheduler/each.py
./.venv/Lib/site-packages/xdist/scheduler/load.py
./.venv/Lib/site-packages/xdist/scheduler/loadfile.py
./.venv/Lib/site-packages/xdist/scheduler/loadgroup.py
./.venv/Lib/site-packages/xdist/scheduler/loadscope.py
./.venv/Lib/site-packages/xdist/scheduler/protocol.py
./.venv/Lib/site-packages/xdist/scheduler/worksteal.py
./.venv/Lib/site-packages/xdist/workermanage.py
./.venv/Lib/site-packages/yaml/__init__.py
./.venv/Lib/site-packages/yaml/composer.py
./.venv/Lib/site-packages/yaml/constructor.py
./.venv/Lib/site-packages/yaml/cyaml.py
./.venv/Lib/site-packages/yaml/dumper.py
./.venv/Lib/site-packages/yaml/emitter.py
./.venv/Lib/site-packages/yaml/error.py
./.venv/Lib/site-packages/yaml/events.py
./.venv/Lib/site-packages/yaml/loader.py
./.venv/Lib/site-packages/yaml/nodes.py
./.venv/Lib/site-packages/yaml/parser.py
./.venv/Lib/site-packages/yaml/reader.py
./.venv/Lib/site-packages/yaml/representer.py
./.venv/Lib/site-packages/yaml/resolver.py
./.venv/Lib/site-packages/yaml/scanner.py
./.venv/Lib/site-packages/yaml/serializer.py
./.venv/Lib/site-packages/yaml/tokens.py
./.venv/Lib/site-packages/yarl/__init__.py
./.venv/Lib/site-packages/yarl/_parse.py
./.venv/Lib/site-packages/yarl/_path.py
./.venv/Lib/site-packages/yarl/_query.py
./.venv/Lib/site-packages/yarl/_quoters.py
./.venv/Lib/site-packages/yarl/_quoting.py
./.venv/Lib/site-packages/yarl/_quoting_py.py
./.venv/Lib/site-packages/yarl/_url.py
./.venv/Lib/site-packages/zipp/__init__.py
./.venv/Lib/site-packages/zipp/_functools.py
./.venv/Lib/site-packages/zipp/compat/__init__.py
./.venv/Lib/site-packages/zipp/compat/overlay.py
./.venv/Lib/site-packages/zipp/compat/py310.py
./.venv/Lib/site-packages/zipp/compat/py313.py
./.venv/Lib/site-packages/zipp/glob.py
./.venv/Scripts/activate_this.py
./.venv/Scripts/pywin32_postinstall.py
./.venv/Scripts/pywin32_testall.py
./audit/cli.py
./heretek-swarm/heretek_swarm/__init__.py
./heretek-swarm/heretek_swarm/__main__.py
./heretek-swarm/heretek_swarm/actors/__init__.py
./heretek-swarm/heretek_swarm/actors/alpha.py
./heretek-swarm/heretek_swarm/actors/arbiter/__init__.py
./heretek-swarm/heretek_swarm/actors/arbiter/constants.py
./heretek-swarm/heretek_swarm/actors/arbiter/core.py
./heretek-swarm/heretek_swarm/actors/arbiter/handlers.py
./heretek-swarm/heretek_swarm/actors/arbiter/strategies.py
./heretek-swarm/heretek_swarm/actors/base/__init__.py
./heretek-swarm/heretek_swarm/actors/base/core.py
./heretek-swarm/heretek_swarm/actors/base/message_handling.py
./heretek-swarm/heretek_swarm/actors/base/state_management.py
./heretek-swarm/heretek_swarm/actors/beta.py
./heretek-swarm/heretek_swarm/actors/catalyst.py
./heretek-swarm/heretek_swarm/actors/charlie.py
./heretek-swarm/heretek_swarm/actors/chronos/__init__.py
./heretek-swarm/heretek_swarm/actors/chronos/agent.py
./heretek-swarm/heretek_swarm/actors/chronos/handlers.py
./heretek-swarm/heretek_swarm/actors/chronos/scheduler.py
./heretek-swarm/heretek_swarm/actors/chronos/types.py
./heretek-swarm/heretek_swarm/actors/coder.py
./heretek-swarm/heretek_swarm/actors/coordinator/__init__.py
./heretek-swarm/heretek_swarm/actors/coordinator/agent.py
./heretek-swarm/heretek_swarm/actors/coordinator/strategies.py
./heretek-swarm/heretek_swarm/actors/coordinator/types.py
./heretek-swarm/heretek_swarm/actors/dreamer/__init__.py
./heretek-swarm/heretek_swarm/actors/dreamer/agent.py
./heretek-swarm/heretek_swarm/actors/dreamer/generators.py
./heretek-swarm/heretek_swarm/actors/dreamer/types.py
./heretek-swarm/heretek_swarm/actors/echo.py
./heretek-swarm/heretek_swarm/actors/empath.py
./heretek-swarm/heretek_swarm/actors/examiner/__init__.py
./heretek-swarm/heretek_swarm/actors/examiner/agent.py
./heretek-swarm/heretek_swarm/actors/examiner/testing.py
./heretek-swarm/heretek_swarm/actors/examiner/types.py
./heretek-swarm/heretek_swarm/actors/explorer.py
./heretek-swarm/heretek_swarm/actors/explorer/__init__.py
./heretek-swarm/heretek_swarm/actors/explorer/agent.py
./heretek-swarm/heretek_swarm/actors/explorer/pathfinding.py
./heretek-swarm/heretek_swarm/actors/explorer/types.py
./heretek-swarm/heretek_swarm/actors/factory.py
./heretek-swarm/heretek_swarm/actors/habit_forge/__init__.py
./heretek-swarm/heretek_swarm/actors/habit_forge/agent.py
./heretek-swarm/heretek_swarm/actors/habit_forge/streaks.py
./heretek-swarm/heretek_swarm/actors/habit_forge/tracking.py
./heretek-swarm/heretek_swarm/actors/habit_forge/types.py
./heretek-swarm/heretek_swarm/actors/handoff.py
./heretek-swarm/heretek_swarm/actors/handoff_handlers.py
./heretek-swarm/heretek_swarm/actors/historian.py
./heretek-swarm/heretek_swarm/actors/langroid_adapter.py
./heretek-swarm/heretek_swarm/actors/metis.py
./heretek-swarm/heretek_swarm/actors/mixins/__init__.py
./heretek-swarm/heretek_swarm/actors/mixins/audit.py
./heretek-swarm/heretek_swarm/actors/mixins/deliberation.py
./heretek-swarm/heretek_swarm/actors/mixins/health_reporting.py
./heretek-swarm/heretek_swarm/actors/mixins/learning.py
./heretek-swarm/heretek_swarm/actors/mixins/memory.py
./heretek-swarm/heretek_swarm/actors/mixins/memory_access.py
./heretek-swarm/heretek_swarm/actors/mixins/pattern.py
./heretek-swarm/heretek_swarm/actors/mixins/pattern_consumer.py
./heretek-swarm/heretek_swarm/actors/mixins/tribunal.py
./heretek-swarm/heretek_swarm/actors/mixins/validation.py
./heretek-swarm/heretek_swarm/actors/nexus/__init__.py
./heretek-swarm/heretek_swarm/actors/nexus/agent.py
./heretek-swarm/heretek_swarm/actors/nexus/routing.py
./heretek-swarm/heretek_swarm/actors/nexus/types.py
./heretek-swarm/heretek_swarm/actors/perceiver.py
./heretek-swarm/heretek_swarm/actors/perceiver_plus/__init__.py
./heretek-swarm/heretek_swarm/actors/perceiver_plus/agent.py
./heretek-swarm/heretek_swarm/actors/perceiver_plus/analytics.py
./heretek-swarm/heretek_swarm/actors/perceiver_plus/types.py
./heretek-swarm/heretek_swarm/actors/prism/__init__.py
./heretek-swarm/heretek_swarm/actors/prism/agent.py
./heretek-swarm/heretek_swarm/actors/prism/transforms.py
./heretek-swarm/heretek_swarm/actors/prism/types.py
./heretek-swarm/heretek_swarm/actors/profiling.py
./heretek-swarm/heretek_swarm/actors/sentinel/__init__.py
./heretek-swarm/heretek_swarm/actors/sentinel/agent.py
./heretek-swarm/heretek_swarm/actors/sentinel/helpers.py
./heretek-swarm/heretek_swarm/actors/sentinel/types.py
./heretek-swarm/heretek_swarm/actors/sentinel_prime/__init__.py
./heretek-swarm/heretek_swarm/actors/sentinel_prime/agent.py
./heretek-swarm/heretek_swarm/actors/sentinel_prime/handlers.py
./heretek-swarm/heretek_swarm/actors/sentinel_prime/helpers.py
./heretek-swarm/heretek_swarm/actors/sentinel_prime/types.py
./heretek-swarm/heretek_swarm/actors/steward.py
./heretek-swarm/heretek_swarm/actors/stubs.py
./heretek-swarm/heretek_swarm/actors/supervisor.py
./heretek-swarm/heretek_swarm/actors/triad/__init__.py
./heretek-swarm/heretek_swarm/actors/triad/agent.py
./heretek-swarm/heretek_swarm/actors/triad/balancing.py
./heretek-swarm/heretek_swarm/actors/triad/types.py
./heretek-swarm/heretek_swarm/actors/validation.py
./heretek-swarm/heretek_swarm/agents/__init__.py
./heretek-swarm/heretek_swarm/agents/agent_factory.py
./heretek-swarm/heretek_swarm/agents/skills.py
./heretek-swarm/heretek_swarm/api/__init__.py
./heretek-swarm/heretek_swarm/api/agents/__init__.py
./heretek-swarm/heretek_swarm/api/agents/chat.py
./heretek-swarm/heretek_swarm/api/agents/core.py
./heretek-swarm/heretek_swarm/api/agents/instances.py
./heretek-swarm/heretek_swarm/api/agents/jetstream.py
./heretek-swarm/heretek_swarm/api/agents/lifecycle.py
./heretek-swarm/heretek_swarm/api/agents/profiling.py
./heretek-swarm/heretek_swarm/api/agents/routing_control.py
./heretek-swarm/heretek_swarm/api/agents/routing_rules.py
./heretek-swarm/heretek_swarm/api/agents_management.py
./heretek-swarm/heretek_swarm/api/alerts.py
./heretek-swarm/heretek_swarm/api/autonomous.py
./heretek-swarm/heretek_swarm/api/collective_evolution.py
./heretek-swarm/heretek_swarm/api/configuration.py
./heretek-swarm/heretek_swarm/api/consciousness.py
./heretek-swarm/heretek_swarm/api/consensus.py
./heretek-swarm/heretek_swarm/api/emergent_intelligence.py
./heretek-swarm/heretek_swarm/api/evaluation.py
./heretek-swarm/heretek_swarm/api/logging_middleware.py
./heretek-swarm/heretek_swarm/api/main.py
./heretek-swarm/heretek_swarm/api/mcp.py
./heretek-swarm/heretek_swarm/api/memories.py
./heretek-swarm/heretek_swarm/api/memory_versions.py
./heretek-swarm/heretek_swarm/api/metrics.py
./heretek-swarm/heretek_swarm/api/observability.py
./heretek-swarm/heretek_swarm/api/plugins.py
./heretek-swarm/heretek_swarm/api/providers_config.py
./heretek-swarm/heretek_swarm/api/provisioner.py
./heretek-swarm/heretek_swarm/api/rag.py
./heretek-swarm/heretek_swarm/api/rate_limiting.py
./heretek-swarm/heretek_swarm/api/skills.py
./heretek-swarm/heretek_swarm/api/websockets.py
./heretek-swarm/heretek_swarm/api/wizard.py
./heretek-swarm/heretek_swarm/api/workflows.py
./heretek-swarm/heretek_swarm/audit/__init__.py
./heretek-swarm/heretek_swarm/audit/cli.py
./heretek-swarm/heretek_swarm/audit/report.py
./heretek-swarm/heretek_swarm/audit/severity.py
./heretek-swarm/heretek_swarm/audit/stub_patterns.py
./heretek-swarm/heretek_swarm/channels/__init__.py
./heretek-swarm/heretek_swarm/channels/defaults.py
./heretek-swarm/heretek_swarm/channels/registry.py
./heretek-swarm/heretek_swarm/cli.py
./heretek-swarm/heretek_swarm/cli/__init__.py
./heretek-swarm/heretek_swarm/cli/__main__.py
./heretek-swarm/heretek_swarm/cli/config_loader.py
./heretek-swarm/heretek_swarm/cli/config_wizard.py
./heretek-swarm/heretek_swarm/cli/goal_commands.py
./heretek-swarm/heretek_swarm/collective/__init__.py
./heretek-swarm/heretek_swarm/collective/adaptive_learning.py
./heretek-swarm/heretek_swarm/collective/agency_tracking.py
./heretek-swarm/heretek_swarm/collective/agent_adaptation.py
./heretek-swarm/heretek_swarm/collective/algorithms/__init__.py
./heretek-swarm/heretek_swarm/collective/algorithms/abc.py
./heretek-swarm/heretek_swarm/collective/algorithms/aco.py
./heretek-swarm/heretek_swarm/collective/algorithms/pso.py
./heretek-swarm/heretek_swarm/collective/distributed_learning.py
./heretek-swarm/heretek_swarm/collective/emergence_analyzer.py
./heretek-swarm/heretek_swarm/collective/emergent_detection.py
./heretek-swarm/heretek_swarm/collective/emergent_detection_types.py
./heretek-swarm/heretek_swarm/collective/emergent_detection_utils.py
./heretek-swarm/heretek_swarm/collective/evolution_engine.py
./heretek-swarm/heretek_swarm/collective/knowledge_transform.py
./heretek-swarm/heretek_swarm/collective/learning.py
./heretek-swarm/heretek_swarm/collective/metrics.py
./heretek-swarm/heretek_swarm/collective/pattern_library.py
./heretek-swarm/heretek_swarm/collective/pattern_validation.py
./heretek-swarm/heretek_swarm/collective/society.py
./heretek-swarm/heretek_swarm/collective/swarm_intelligence.py
./heretek-swarm/heretek_swarm/collective/swarm_patterns.py
./heretek-swarm/heretek_swarm/config/__init__.py
./heretek-swarm/heretek_swarm/config/cache.py
./heretek-swarm/heretek_swarm/config/crud.py
./heretek-swarm/heretek_swarm/config/db_models.py
./heretek-swarm/heretek_swarm/config/encryption.py
./heretek-swarm/heretek_swarm/config/loader.py
./heretek-swarm/heretek_swarm/config/models.py
./heretek-swarm/heretek_swarm/config/service.py
./heretek-swarm/heretek_swarm/consciousness/__init__.py
./heretek-swarm/heretek_swarm/consciousness/agency_metrics.py
./heretek-swarm/heretek_swarm/consciousness/ast.py
./heretek-swarm/heretek_swarm/consciousness/fep.py
./heretek-swarm/heretek_swarm/consciousness/fep_active_inference.py
./heretek-swarm/heretek_swarm/consciousness/gwt.py
./heretek-swarm/heretek_swarm/consciousness/gwt_deliberation.py
./heretek-swarm/heretek_swarm/consciousness/iit.py
./heretek-swarm/heretek_swarm/consciousness/iit_phi.py
./heretek-swarm/heretek_swarm/consciousness/introspection.py
./heretek-swarm/heretek_swarm/consciousness/metrics/__init__.py
./heretek-swarm/heretek_swarm/consciousness/metrics/ast.py
./heretek-swarm/heretek_swarm/consciousness/metrics/iit.py
./heretek-swarm/heretek_swarm/consciousness/phi_training.py
./heretek-swarm/heretek_swarm/consciousness/self_model.py
./heretek-swarm/heretek_swarm/consensus/__init__.py
./heretek-swarm/heretek_swarm/consensus/audit.py
./heretek-swarm/heretek_swarm/consensus/audit_models.py
./heretek-swarm/heretek_swarm/consensus/audit_query.py
./heretek-swarm/heretek_swarm/consensus/audit_trail.py
./heretek-swarm/heretek_swarm/consensus/complexity.py
./heretek-swarm/heretek_swarm/consensus/cons01_dispute_resolution.py
./heretek-swarm/heretek_swarm/consensus/consensus_coordinator.py
./heretek-swarm/heretek_swarm/consensus/deliberation.py
./heretek-swarm/heretek_swarm/consensus/domain_selector.py
./heretek-swarm/heretek_swarm/consensus/expertise.py
./heretek-swarm/heretek_swarm/consensus/immune.py
./heretek-swarm/heretek_swarm/consensus/maker.py
./heretek-swarm/heretek_swarm/consensus/maker_enhanced.py
./heretek-swarm/heretek_swarm/consensus/mediation.py
./heretek-swarm/heretek_swarm/consensus/raft_election.py
./heretek-swarm/heretek_swarm/consensus/swarm_deliberation.py
./heretek-swarm/heretek_swarm/consensus/tribunal.py
./heretek-swarm/heretek_swarm/coordination/__init__.py
./heretek-swarm/heretek_swarm/coordination/paradigm_detection.py
./heretek-swarm/heretek_swarm/coordination/sync.py
./heretek-swarm/heretek_swarm/coordination/task_graph.py
./heretek-swarm/heretek_swarm/coordination/time_dilation.py
./heretek-swarm/heretek_swarm/creativity/__init__.py
./heretek-swarm/heretek_swarm/creativity/novel_connections.py
./heretek-swarm/heretek_swarm/embeddings/providers/__init__.py
./heretek-swarm/heretek_swarm/embeddings/providers/base.py
./heretek-swarm/heretek_swarm/embeddings/providers/factory.py
./heretek-swarm/heretek_swarm/embeddings/providers/ollama_provider.py
./heretek-swarm/heretek_swarm/embeddings/providers/openai_provider.py
./heretek-swarm/heretek_swarm/evaluation/__init__.py
./heretek-swarm/heretek_swarm/evaluation/evaluator.py
./heretek-swarm/heretek_swarm/gateway/__init__.py
./heretek-swarm/heretek_swarm/gateway/a2a_protocol.py
./heretek-swarm/heretek_swarm/gateway/a2a_server.py
./heretek-swarm/heretek_swarm/gateway/auth.py
./heretek-swarm/heretek_swarm/gateway/content_router.py
./heretek-swarm/heretek_swarm/gateway/event_mesh.py
./heretek-swarm/heretek_swarm/gateway/external_api.py
./heretek-swarm/heretek_swarm/gateway/jetstream_manager.py
./heretek-swarm/heretek_swarm/gateway/message_replay.py
./heretek-swarm/heretek_swarm/gateway/nats_event_mesh.py
./heretek-swarm/heretek_swarm/goals/__init__.py
./heretek-swarm/heretek_swarm/goals/consensus.py
./heretek-swarm/heretek_swarm/goals/models.py
./heretek-swarm/heretek_swarm/goals/pipeline.py
./heretek-swarm/heretek_swarm/goals/proposer.py
./heretek-swarm/heretek_swarm/goals/store.py
./heretek-swarm/heretek_swarm/goals/translator.py
./heretek-swarm/heretek_swarm/governance/__init__.py
./heretek-swarm/heretek_swarm/governance/agent_identity.py
./heretek-swarm/heretek_swarm/governance/coordinator.py
./heretek-swarm/heretek_swarm/governance/integrations/__init__.py
./heretek-swarm/heretek_swarm/governance/integrations/collective_governance.py
./heretek-swarm/heretek_swarm/governance/integrations/consensus_governance.py
./heretek-swarm/heretek_swarm/governance/protocol.py
./heretek-swarm/heretek_swarm/infrastructure/__init__.py
./heretek-swarm/heretek_swarm/infrastructure/a2a/__init__.py
./heretek-swarm/heretek_swarm/infrastructure/a2a/protocol.py
./heretek-swarm/heretek_swarm/infrastructure/audit.py
./heretek-swarm/heretek_swarm/infrastructure/health.py
./heretek-swarm/heretek_swarm/infrastructure/nats/__init__.py
./heretek-swarm/heretek_swarm/infrastructure/nats/broadcast.py
./heretek-swarm/heretek_swarm/infrastructure/nats/client.py
./heretek-swarm/heretek_swarm/infrastructure/nats/consensus.py
./heretek-swarm/heretek_swarm/infrastructure/nats/discovery.py
./heretek-swarm/heretek_swarm/infrastructure/nats/memory_sync.py
./heretek-swarm/heretek_swarm/infrastructure/nats/publisher.py
./heretek-swarm/heretek_swarm/infrastructure/nats/subscriber.py
./heretek-swarm/heretek_swarm/infrastructure/otel/__init__.py
./heretek-swarm/heretek_swarm/infrastructure/otel/logging.py
./heretek-swarm/heretek_swarm/infrastructure/otel/metrics.py
./heretek-swarm/heretek_swarm/infrastructure/otel/tracing.py
./heretek-swarm/heretek_swarm/infrastructure/provisioner.py
./heretek-swarm/heretek_swarm/integrations/__init__.py
./heretek-swarm/heretek_swarm/integrations/anthropic.py
./heretek-swarm/heretek_swarm/integrations/autogen.py
./heretek-swarm/heretek_swarm/integrations/crewai.py
./heretek-swarm/heretek_swarm/integrations/discord_bot.py
./heretek-swarm/heretek_swarm/integrations/langgraph.py
./heretek-swarm/heretek_swarm/integrations/manager.py
./heretek-swarm/heretek_swarm/integrations/openai_assistants.py
./heretek-swarm/heretek_swarm/integrations/praison_handoffs.py
./heretek-swarm/heretek_swarm/integrations/slack_bot.py
./heretek-swarm/heretek_swarm/integrations/telegram_bot.py
./heretek-swarm/heretek_swarm/interfaces/__init__.py
./heretek-swarm/heretek_swarm/interfaces/providers.py
./heretek-swarm/heretek_swarm/interfaces/registry.py
./heretek-swarm/heretek_swarm/knowledge/__init__.py
./heretek-swarm/heretek_swarm/knowledge/research.py
./heretek-swarm/heretek_swarm/knowledge/unified_access.py
./heretek-swarm/heretek_swarm/llm/model_garage.py
./heretek-swarm/heretek_swarm/llm/providers/__init__.py
./heretek-swarm/heretek_swarm/llm/providers/base.py
./heretek-swarm/heretek_swarm/llm/providers/factory.py
./heretek-swarm/heretek_swarm/llm/providers/lemonade_provider.py
./heretek-swarm/heretek_swarm/llm/providers/llamacpp_provider.py
./heretek-swarm/heretek_swarm/llm/providers/minimax_provider.py
./heretek-swarm/heretek_swarm/llm/providers/ollama_provider.py
./heretek-swarm/heretek_swarm/llm/providers/openai_compatible.py
./heretek-swarm/heretek_swarm/llm/providers/openai_provider.py
./heretek-swarm/heretek_swarm/llm/providers/zai_provider.py
./heretek-swarm/heretek_swarm/logging/__init__.py
./heretek-swarm/heretek_swarm/logging/config.py
./heretek-swarm/heretek_swarm/mcp/__init__.py
./heretek-swarm/heretek_swarm/mcp/agent_tools.py
./heretek-swarm/heretek_swarm/mcp/bridge.py
./heretek-swarm/heretek_swarm/mcp/client.py
./heretek-swarm/heretek_swarm/mcp/registry.py
./heretek-swarm/heretek_swarm/mcp/server.py
./heretek-swarm/heretek_swarm/memory/__init__.py
./heretek-swarm/heretek_swarm/memory/access_patterns.py
./heretek-swarm/heretek_swarm/memory/base.py
./heretek-swarm/heretek_swarm/memory/compression.py
./heretek-swarm/heretek_swarm/memory/eliza_memory.py
./heretek-swarm/heretek_swarm/memory/migration_strategies.py
./heretek-swarm/heretek_swarm/memory/persistent.py
./heretek-swarm/heretek_swarm/memory/prefetcher.py
./heretek-swarm/heretek_swarm/memory/tiering.py
./heretek-swarm/heretek_swarm/memory/versioned.py
./heretek-swarm/heretek_swarm/models/__init__.py
./heretek-swarm/heretek_swarm/models/external_call_log.py
./heretek-swarm/heretek_swarm/models/external_call_log_encryption.py
./heretek-swarm/heretek_swarm/observability/__init__.py
./heretek-swarm/heretek_swarm/observability/alerting.py
./heretek-swarm/heretek_swarm/observability/metrics.py
./heretek-swarm/heretek_swarm/observability/prometheus_metrics.py
./heretek-swarm/heretek_swarm/observability/tracing.py
./heretek-swarm/heretek_swarm/orchestration/__init__.py
./heretek-swarm/heretek_swarm/orchestration/heavyswarm.py
./heretek-swarm/heretek_swarm/orchestration/phase_handlers.py
./heretek-swarm/heretek_swarm/plugins/__init__.py
./heretek-swarm/heretek_swarm/plugins/consciousness.py
./heretek-swarm/heretek_swarm/plugins/consciousness_enhanced.py
./heretek-swarm/heretek_swarm/plugins/consciousness_metrics.py
./heretek-swarm/heretek_swarm/plugins/examples.py
./heretek-swarm/heretek_swarm/plugins/liberation.py
./heretek-swarm/heretek_swarm/plugins/manager.py
./heretek-swarm/heretek_swarm/rag/__init__.py
./heretek-swarm/heretek_swarm/rag/document_processor.py
./heretek-swarm/heretek_swarm/rag/hybrid_retriever.py
./heretek-swarm/heretek_swarm/rag/knowledge_graph.py
./heretek-swarm/heretek_swarm/rag/rag_pipeline.py
./heretek-swarm/heretek_swarm/rag/retriever.py
./heretek-swarm/heretek_swarm/rag/strategies.py
./heretek-swarm/heretek_swarm/routing/__init__.py
./heretek-swarm/heretek_swarm/routing/model_router.py
./heretek-swarm/heretek_swarm/runtime/__init__.py
./heretek-swarm/heretek_swarm/runtime/agent_runtime.py
./heretek-swarm/heretek_swarm/runtime/autonomous_runtime.py
./heretek-swarm/heretek_swarm/runtime/autonomous_runtime_config.py
./heretek-swarm/heretek_swarm/runtime/characters.py
./heretek-swarm/heretek_swarm/runtime/daemon.py
./heretek-swarm/heretek_swarm/runtime/main_loop.py
./heretek-swarm/heretek_swarm/runtime/registry.py
./heretek-swarm/heretek_swarm/runtime/registry_enhanced.py
./heretek-swarm/heretek_swarm/runtime/scaling.py
./heretek-swarm/heretek_swarm/runtime/self_maintenance.py
./heretek-swarm/heretek_swarm/runtime/startup_manager.py
./heretek-swarm/heretek_swarm/runtime/tools.py
./heretek-swarm/heretek_swarm/schemas/__init__.py
./heretek-swarm/heretek_swarm/schemas/actors.py
./heretek-swarm/heretek_swarm/schemas/external_call_log.py
./heretek-swarm/heretek_swarm/security/__init__.py
./heretek-swarm/heretek_swarm/security/adversarial.py
./heretek-swarm/heretek_swarm/security/anomaly_detection.py
./heretek-swarm/heretek_swarm/security/baseline_update.py
./heretek-swarm/heretek_swarm/security/behavioral_baseline.py
./heretek-swarm/heretek_swarm/security/ddos_protection.py
./heretek-swarm/heretek_swarm/security/guardrails.py
./heretek-swarm/heretek_swarm/security/safe01_anomaly_response.py
./heretek-swarm/heretek_swarm/security/threat_detection.py
./heretek-swarm/heretek_swarm/security/validators.py
./heretek-swarm/heretek_swarm/security/zero_trust.py
./heretek-swarm/heretek_swarm/state/__init__.py
./heretek-swarm/heretek_swarm/state/event_store.py
./heretek-swarm/heretek_swarm/state/models.py
./heretek-swarm/heretek_swarm/state/repository.py
./heretek-swarm/heretek_swarm/testing/__init__.py
./heretek-swarm/heretek_swarm/testing/stress_testing.py
./heretek-swarm/heretek_swarm/tools/__init__.py
./heretek-swarm/heretek_swarm/tools/base.py
./heretek-swarm/heretek_swarm/tools/examples.py
./heretek-swarm/heretek_swarm/tools/mcp_tools.py
./heretek-swarm/heretek_swarm/tools/registrars.py
./heretek-swarm/heretek_swarm/tools/registry.py
./heretek-swarm/heretek_swarm/utils/__init__.py
./heretek-swarm/heretek_swarm/utils/lazy_imports.py
./heretek-swarm/heretek_swarm/validation/__init__.py
./heretek-swarm/heretek_swarm/validation/agent_messages.py
./heretek-swarm/heretek_swarm/validation/llm_output.py
./heretek-swarm/heretek_swarm/workflow/__init__.py
./heretek-swarm/heretek_swarm/workflow/cycle_detector.py
./heretek-swarm/heretek_swarm/workflow/engine.py
./heretek-swarm/heretek_swarm/workflow/store.py
./heretek-swarm/heretek_swarm/workflow/strategies.py
./heretek-swarm/heretek_swarm/workflow/validator.py
./heretek-swarm/tests/test_auto_routing_integration.py
./heretek-swarm/tests/test_complexity_heuristic.py
./heretek-swarm/tests/test_consciousness_api.py
./heretek-swarm/tests/test_consensus_audit_jsonl.py
./heretek-swarm/tests/test_consensus_cli.py
./heretek-swarm/tests/test_consensus_coordinator.py
./heretek-swarm/tests/test_consensus_runtime.py
./heretek-swarm/tests/test_consensus_websocket.py
./heretek-swarm/tests/test_domain_selector.py
./heretek-swarm/tests/test_goal_cli.py
./heretek-swarm/tests/test_goal_consensus.py
./heretek-swarm/tests/test_goal_pipeline.py
./heretek-swarm/tests/test_goal_proposer.py
./heretek-swarm/tests/test_goal_store.py
./heretek-swarm/tests/test_goal_translator.py
./heretek-swarm/tests/test_workflow_persistence.py
./migrations/scripts/setup_qdrant_collections.py
./src/__init__.py
./src/cli.py
./swarm-dashboard/node_modules/flatted/python/flatted.py
./tests/__init__.py
./tests/conftest.py
./tests/test_actor_lifecycle.py
./tests/test_actor_routing.py
./tests/test_agent_factory.py
./tests/test_agent_tools.py
./tests/test_chronos_ticks.py
./tests/test_cli_help.py
./tests/test_cli_output.py
./tests/test_config_cli.py
./tests/test_consensus_api_auth.py
./tests/test_cost_calculation.py
./tests/test_cross_slice_mcp_routing.py
./tests/test_daemon.py
./tests/test_deliberation_flow.py
./tests/test_docker_config.py
./tests/test_end_to_end_s03.py
./tests/test_heartbeat_bus.py
./tests/test_historian_jsonl.py
./tests/test_historian_pg.py
./tests/test_living_loop_integration.py
./tests/test_main_loop_s03.py
./tests/test_main_loop_s04.py
./tests/test_main_loop_s05.py
./tests/test_mcp_bridge.py
./tests/test_mcp_tool_toggle.py
./tests/test_mixin_guards.py
./tests/test_mixin_integration_s03.py
./tests/test_model_garage_config.py
./tests/test_packaging.py
./tests/test_provider_stats_api.py
./tests/test_providers_config_api.py
./tests/test_readme_accuracy.py
./tests/test_route_task.py
./tests/test_steward_heartbeats.py
./tests/test_stub_injection.py
./tests/test_triad_analysis.py
./tests/test_usage_recording.py
./tests/test_workflow_api.py
./tests/test_workflow_consensus_node.py
./tests/test_workflow_data_flow.py
./tests/test_workflow_e2e_nodes.py
./tests/test_workflow_llm_node.py
./tests/test_workflow_validation.py
./tests/test_ws_status_pump.py
./tests/test_ws_status_pump_integration.py
./triage_classifier.py
